arm,step_batch,eval_batch,is_self,pre_loss,post_loss,delta_loss,relative_delta
memorization_03_no_regularization_plus_t_one_oversample,0,0,1,0.7085579634,0.7082611918,0.0002967715263,0.0004188387425
memorization_03_no_regularization_plus_t_one_oversample,0,1,0,0.3644303679,0.364338994,9.137392044e-05,0.0002507308075
memorization_03_no_regularization_plus_t_one_oversample,0,2,0,0.2775094509,0.2774496377,5.981326103e-05,0.0002155359424
memorization_03_no_regularization_plus_t_one_oversample,0,3,0,0.4938513935,0.4938395619,1.183152199e-05,2.395765638e-05
memorization_03_no_regularization_plus_t_one_oversample,0,4,0,0.5351589918,0.5349413157,0.0002176761627,0.0004067504537
memorization_03_no_regularization_plus_t_one_oversample,0,5,0,0.4896268249,0.4896398485,-1.302361488e-05,-2.659906325e-05
memorization_03_no_regularization_plus_t_one_oversample,0,6,0,0.14457497,0.1445606351,1.433491707e-05,9.915213586e-05
memorization_03_no_regularization_plus_t_one_oversample,0,7,0,0.3782736063,0.3783688247,-9.521842003e-05,-0.0002517183817
memorization_03_no_regularization_plus_t_one_oversample,0,8,0,0.4898412824,0.4896276891,0.0002135932446,0.0004360458219
memorization_03_no_regularization_plus_t_one_oversample,0,9,0,0.4061502218,0.4060710967,7.912516594e-05,0.0001948174879
memorization_03_no_regularization_plus_t_one_oversample,0,10,0,0.5204000473,0.5203596354,4.041194916e-05,7.765554474e-05
memorization_03_no_regularization_plus_t_one_oversample,0,11,0,0.4120126069,0.4119828343,2.977252007e-05,7.226118708e-05
memorization_03_no_regularization_plus_t_one_oversample,0,12,0,0.2415925413,0.2426287085,-0.001036167145,-0.004288903701
memorization_03_no_regularization_plus_t_one_oversample,0,13,0,0.4684722126,0.4686234295,-0.0001512169838,-0.0003227875202
memorization_03_no_regularization_plus_t_one_oversample,0,14,0,0.8903840184,0.8903615475,2.247095108e-05,2.523737019e-05
memorization_03_no_regularization_plus_t_one_oversample,0,15,0,0.5044499636,0.5044105649,3.93986702e-05,7.810223618e-05
memorization_03_no_regularization_plus_t_one_oversample,0,16,0,0.5159143209,0.5160363913,-0.0001220703125,-0.0002366096608
memorization_03_no_regularization_plus_t_one_oversample,0,17,0,0.3367334902,0.3366480768,8.541345596e-05,0.000253652988
memorization_03_no_regularization_plus_t_one_oversample,0,18,0,0.4172201157,0.4171663225,5.379319191e-05,0.0001289324026
memorization_03_no_regularization_plus_t_one_oversample,0,19,0,0.2668915391,0.2668932676,-1.728534698e-06,-6.476543634e-06
memorization_03_no_regularization_plus_t_one_oversample,0,20,0,0.03643610701,0.03645117208,-1.506507397e-05,-0.000413465521
memorization_03_no_regularization_plus_t_one_oversample,0,21,0,0.5145412683,0.5144683123,7.295608521e-05,0.0001417885983
memorization_03_no_regularization_plus_t_one_oversample,0,22,0,1.193644285,1.193753481,-0.0001091957092,-9.14809467e-05
memorization_03_no_regularization_plus_t_one_oversample,0,23,0,0.3453829885,0.3454787731,-9.578466415e-05,-0.0002773288418
memorization_03_no_regularization_plus_t_one_oversample,0,24,0,0.3503594995,0.3502605557,9.894371033e-05,0.0002824062441
memorization_03_no_regularization_plus_t_one_oversample,0,25,0,0.5269067883,0.5267625451,0.0001442432404,0.000273754758
memorization_03_no_regularization_plus_t_one_oversample,0,26,0,0.7792749405,0.7791786194,9.632110596e-05,0.0001236034947
memorization_03_no_regularization_plus_t_one_oversample,0,27,0,0.4060673416,0.4061475098,-8.016824722e-05,-0.0001974259908
memorization_03_no_regularization_plus_t_one_oversample,0,28,0,0.8241855502,0.8242031336,-1.758337021e-05,-2.133423742e-05
memorization_03_no_regularization_plus_t_one_oversample,0,29,0,0.1264764071,0.1265272051,-5.079805851e-05,-0.0004016405881
memorization_03_no_regularization_plus_t_one_oversample,0,30,0,0.4651627243,0.4652240872,-6.13629818e-05,-0.000131917238
memorization_03_no_regularization_plus_t_one_oversample,0,31,0,0.3135044873,0.3134048283,9.965896606e-05,0.0003178868887
memorization_03_no_regularization_plus_t_one_oversample,0,32,0,0.5690794587,0.5690550804,2.437829971e-05,4.283812979e-05
memorization_03_no_regularization_plus_t_one_oversample,0,33,0,0.5709459782,0.5710833669,-0.0001373887062,-0.00024063346
memorization_03_no_regularization_plus_t_one_oversample,1,0,0,0.7085579634,0.708506465,5.149841309e-05,7.268059319e-05
memorization_03_no_regularization_plus_t_one_oversample,1,1,1,0.3644303679,0.3636415899,0.0007887780666,0.00216441366
memorization_03_no_regularization_plus_t_one_oversample,1,2,0,0.2775094509,0.2774773836,3.206729889e-05,0.0001155538984
memorization_03_no_regularization_plus_t_one_oversample,1,3,0,0.4938513935,0.4938430488,8.344650269e-06,1.689708762e-05
memorization_03_no_regularization_plus_t_one_oversample,1,4,0,0.5351589918,0.5349838138,0.000175178051,0.0003273383306
memorization_03_no_regularization_plus_t_one_oversample,1,5,0,0.4896268249,0.489623636,3.188848495e-06,6.512814114e-06
memorization_03_no_regularization_plus_t_one_oversample,1,6,0,0.14457497,0.1445572525,1.771748066e-05,0.0001225487417
memorization_03_no_regularization_plus_t_one_oversample,1,7,0,0.3782736063,0.3783710599,-9.745359421e-05,-0.0002576272639
memorization_03_no_regularization_plus_t_one_oversample,1,8,0,0.4898412824,0.4896603227,0.0001809597015,0.0003694251752
memorization_03_no_regularization_plus_t_one_oversample,1,9,0,0.4061502218,0.4061451554,5.066394806e-06,1.247418943e-05
memorization_03_no_regularization_plus_t_one_oversample,1,10,0,0.5204000473,0.5203688741,3.117322922e-05,5.990243348e-05
memorization_03_no_regularization_plus_t_one_oversample,1,11,0,0.4120126069,0.4119868875,2.571940422e-05,6.242382828e-05
memorization_03_no_regularization_plus_t_one_oversample,1,12,0,0.2415925413,0.2423980087,-0.0008054673672,-0.003333991036
memorization_03_no_regularization_plus_t_one_oversample,1,13,0,0.4684722126,0.4686206877,-0.0001484751701,-0.0003169348494
memorization_03_no_regularization_plus_t_one_oversample,1,14,0,0.8903840184,0.8903348446,4.917383194e-05,5.522766685e-05
memorization_03_no_regularization_plus_t_one_oversample,1,15,0,0.5044499636,0.5043916106,5.835294724e-05,0.0001156763831
memorization_03_no_regularization_plus_t_one_oversample,1,16,0,0.5159143209,0.5159630179,-4.869699478e-05,-9.43896938e-05
memorization_03_no_regularization_plus_t_one_oversample,1,17,0,0.3367334902,0.3366533518,8.01384449e-05,0.0002379877477
memorization_03_no_regularization_plus_t_one_oversample,1,18,0,0.4172201157,0.4172438383,-2.372264862e-05,-5.685883238e-05
memorization_03_no_regularization_plus_t_one_oversample,1,19,0,0.2668915391,0.2669045329,-1.299381256e-05,-4.86857418e-05
memorization_03_no_regularization_plus_t_one_oversample,1,20,0,0.03643610701,0.03643633053,-2.235174179e-07,-6.134503279e-06
memorization_03_no_regularization_plus_t_one_oversample,1,21,0,0.5145412683,0.5145021677,3.910064697e-05,7.59912749e-05
memorization_03_no_regularization_plus_t_one_oversample,1,22,0,1.193644285,1.193763137,-0.0001188516617,-9.957041906e-05
memorization_03_no_regularization_plus_t_one_oversample,1,23,0,0.3453829885,0.3454152942,-3.230571747e-05,-9.353592547e-05
memorization_03_no_regularization_plus_t_one_oversample,1,24,0,0.3503594995,0.3502376974,0.0001218020916,0.0003476488915
memorization_03_no_regularization_plus_t_one_oversample,1,25,0,0.5269067883,0.5267678499,0.000138938427,0.0002636869178
memorization_03_no_regularization_plus_t_one_oversample,1,26,0,0.7792749405,0.7792224288,5.251169205e-05,6.738532104e-05
memorization_03_no_regularization_plus_t_one_oversample,1,27,0,0.4060673416,0.4060907066,-2.336502075e-05,-5.753976831e-05
memorization_03_no_regularization_plus_t_one_oversample,1,28,0,0.8241855502,0.8242509961,-6.544589996e-05,-7.940675488e-05
memorization_03_no_regularization_plus_t_one_oversample,1,29,0,0.1264764071,0.1265173852,-4.097819328e-05,-0.0003239987144
memorization_03_no_regularization_plus_t_one_oversample,1,30,0,0.4651627243,0.4652173817,-5.465745926e-05,-0.000117501804
memorization_03_no_regularization_plus_t_one_oversample,1,31,0,0.3135044873,0.3134791851,2.530217171e-05,8.070752648e-05
memorization_03_no_regularization_plus_t_one_oversample,1,32,0,0.5690794587,0.5690732598,6.198883057e-06,1.089282518e-05
memorization_03_no_regularization_plus_t_one_oversample,1,33,0,0.5709459782,0.5710366368,-9.06586647e-05,-0.0001587867647
memorization_03_no_regularization_plus_t_one_oversample,2,0,0,0.7085579634,0.7084962726,6.169080734e-05,8.706529392e-05
memorization_03_no_regularization_plus_t_one_oversample,2,1,0,0.3644303679,0.364353478,7.688999176e-05,0.0002109867852
memorization_03_no_regularization_plus_t_one_oversample,2,2,1,0.2775094509,0.2768829167,0.0006265342236,0.002257704094
memorization_03_no_regularization_plus_t_one_oversample,2,3,0,0.4938513935,0.4938467145,4.678964615e-06,9.474438418e-06
memorization_03_no_regularization_plus_t_one_oversample,2,4,0,0.5351589918,0.534896493,0.0002624988556,0.0004905062974
memorization_03_no_regularization_plus_t_one_oversample,2,5,0,0.4896268249,0.4896345139,-7.688999176e-06,-1.570379478e-05
memorization_03_no_regularization_plus_t_one_oversample,2,6,0,0.14457497,0.1445842683,-9.298324585e-06,-6.431489894e-05
memorization_03_no_regularization_plus_t_one_oversample,2,7,0,0.3782736063,0.3783301115,-5.650520325e-05,-0.000149376542
memorization_03_no_regularization_plus_t_one_oversample,2,8,0,0.4898412824,0.4896605015,0.0001807808876,0.0003690601305
memorization_03_no_regularization_plus_t_one_oversample,2,9,0,0.4061502218,0.4061666429,-1.642107964e-05,-4.043104928e-05
memorization_03_no_regularization_plus_t_one_oversample,2,10,0,0.5204000473,0.5203696489,3.039836884e-05,5.841346286e-05
memorization_03_no_regularization_plus_t_one_oversample,2,11,0,0.4120126069,0.4119875133,2.509355545e-05,6.090482435e-05
memorization_03_no_regularization_plus_t_one_oversample,2,12,0,0.2415925413,0.2422600389,-0.0006674975157,-0.002762906139
memorization_03_no_regularization_plus_t_one_oversample,2,13,0,0.4684722126,0.4687306285,-0.0002584159374,-0.0005516142271
memorization_03_no_regularization_plus_t_one_oversample,2,14,0,0.8903840184,0.8904086351,-2.461671829e-05,-2.764730474e-05
memorization_03_no_regularization_plus_t_one_oversample,2,15,0,0.5044499636,0.5043734312,7.653236389e-05,0.00015171448
memorization_03_no_regularization_plus_t_one_oversample,2,16,0,0.5159143209,0.5161483288,-0.0002340078354,-0.0004535788713
memorization_03_no_regularization_plus_t_one_oversample,2,17,0,0.3367334902,0.3366893232,4.416704178e-05,0.000131163199
memorization_03_no_regularization_plus_t_one_oversample,2,18,0,0.4172201157,0.4170999229,0.0001201927662,0.0002880799887
memorization_03_no_regularization_plus_t_one_oversample,2,19,0,0.2668915391,0.2669194639,-2.792477608e-05,-0.0001046296791
memorization_03_no_regularization_plus_t_one_oversample,2,20,0,0.03643610701,0.03646822274,-3.211572766e-05,-0.0008814258794
memorization_03_no_regularization_plus_t_one_oversample,2,21,0,0.5145412683,0.5144001245,0.0001411437988,0.0002743099679
memorization_03_no_regularization_plus_t_one_oversample,2,22,0,1.193644285,1.193753004,-0.0001087188721,-9.108146658e-05
memorization_03_no_regularization_plus_t_one_oversample,2,23,0,0.3453829885,0.3454522491,-6.926059723e-05,-0.0002005327406
memorization_03_no_regularization_plus_t_one_oversample,2,24,0,0.3503594995,0.3503169417,4.255771637e-05,0.0001214687098
memorization_03_no_regularization_plus_t_one_oversample,2,25,0,0.5269067883,0.5267412663,0.0001655220985,0.0003141392409
memorization_03_no_regularization_plus_t_one_oversample,2,26,0,0.7792749405,0.7791453004,0.0001296401024,0.0001663599016
memorization_03_no_regularization_plus_t_one_oversample,2,27,0,0.4060673416,0.4060752988,-7.957220078e-06,-1.959581395e-05
memorization_03_no_regularization_plus_t_one_oversample,2,28,0,0.8241855502,0.824292779,-0.000107228756,-0.0001301026886
memorization_03_no_regularization_plus_t_one_oversample,2,29,0,0.1264764071,0.1265025437,-2.613663673e-05,-0.0002066522709
memorization_03_no_regularization_plus_t_one_oversample,2,30,0,0.4651627243,0.4652008116,-3.808736801e-05,-8.187966495e-05
memorization_03_no_regularization_plus_t_one_oversample,2,31,0,0.3135044873,0.3134804666,2.402067184e-05,7.661986612e-05
memorization_03_no_regularization_plus_t_one_oversample,2,32,0,0.5690794587,0.5690012574,7.820129395e-05,0.0001374171792
memorization_03_no_regularization_plus_t_one_oversample,2,33,0,0.5709459782,0.5710707903,-0.0001248121262,-0.0002186058418
memorization_03_no_regularization_plus_t_one_oversample,3,0,0,0.7085579634,0.7085118294,4.613399506e-05,6.510969806e-05
memorization_03_no_regularization_plus_t_one_oversample,3,1,0,0.3644303679,0.3643175662,0.0001128017902,0.0003095290628
memorization_03_no_regularization_plus_t_one_oversample,3,2,0,0.2775094509,0.2774432302,6.622076035e-05,0.0002386252437
memorization_03_no_regularization_plus_t_one_oversample,3,3,1,0.4938513935,0.4932616353,0.0005897581577,0.001194201668
memorization_03_no_regularization_plus_t_one_oversample,3,4,0,0.5351589918,0.5349684358,0.0001905560493,0.0003560737132
memorization_03_no_regularization_plus_t_one_oversample,3,5,0,0.4896268249,0.4895727932,5.403161049e-05,0.0001103526354
memorization_03_no_regularization_plus_t_one_oversample,3,6,0,0.14457497,0.1445516646,2.330541611e-05,0.0001611995223
memorization_03_no_regularization_plus_t_one_oversample,3,7,0,0.3782736063,0.3783430159,-6.940960884e-05,-0.0001834904886
memorization_03_no_regularization_plus_t_one_oversample,3,8,0,0.4898412824,0.4896734357,0.0001678466797,0.0003426552349
memorization_03_no_regularization_plus_t_one_oversample,3,9,0,0.4061502218,0.4065630734,-0.000412851572,-0.001016499684
memorization_03_no_regularization_plus_t_one_oversample,3,10,0,0.5204000473,0.5204382539,-3.82065773e-05,-7.341770528e-05
memorization_03_no_regularization_plus_t_one_oversample,3,11,0,0.4120126069,0.4120042026,8.404254913e-06,2.039805281e-05
memorization_03_no_regularization_plus_t_one_oversample,3,12,0,0.2415925413,0.2425735891,-0.0009810477495,-0.004060753466
memorization_03_no_regularization_plus_t_one_oversample,3,13,0,0.4684722126,0.4685823619,-0.0001101493835,-0.0002351246896
memorization_03_no_regularization_plus_t_one_oversample,3,14,0,0.8903840184,0.8903382421,4.577636719e-05,5.141193714e-05
memorization_03_no_regularization_plus_t_one_oversample,3,15,0,0.5044499636,0.5044933558,-4.33921814e-05,-8.601880173e-05
memorization_03_no_regularization_plus_t_one_oversample,3,16,0,0.5159143209,0.5161886811,-0.0002743601799,-0.0005317940766
memorization_03_no_regularization_plus_t_one_oversample,3,17,0,0.3367334902,0.3366357088,9.778141975e-05,0.0002903822239
memorization_03_no_regularization_plus_t_one_oversample,3,18,0,0.4172201157,0.4171265066,9.360909462e-05,0.0002243638097
memorization_03_no_regularization_plus_t_one_oversample,3,19,0,0.2668915391,0.266920507,-2.896785736e-05,-0.0001085379381
memorization_03_no_regularization_plus_t_one_oversample,3,20,0,0.03643610701,0.03644440696,-8.299946785e-06,-0.0002277945551
memorization_03_no_regularization_plus_t_one_oversample,3,21,0,0.5145412683,0.5143710971,0.0001701712608,0.0003307242223
memorization_03_no_regularization_plus_t_one_oversample,3,22,0,1.193644285,1.193730354,-8.606910706e-05,-7.210616104e-05
memorization_03_no_regularization_plus_t_one_oversample,3,23,0,0.3453829885,0.345302403,8.058547974e-05,0.0002333220872
memorization_03_no_regularization_plus_t_one_oversample,3,24,0,0.3503594995,0.3502344787,0.0001250207424,0.0003568356006
memorization_03_no_regularization_plus_t_one_oversample,3,25,0,0.5269067883,0.5267516971,0.0001550912857,0.0002943429258
memorization_03_no_regularization_plus_t_one_oversample,3,26,0,0.7792749405,0.7798196077,-0.000544667244,-0.0006989410485
memorization_03_no_regularization_plus_t_one_oversample,3,27,0,0.4060673416,0.4060966671,-2.932548523e-05,-7.221828063e-05
memorization_03_no_regularization_plus_t_one_oversample,3,28,0,0.8241855502,0.8242145777,-2.902746201e-05,-3.521957161e-05
memorization_03_no_regularization_plus_t_one_oversample,3,29,0,0.1264764071,0.1265149266,-3.851950169e-05,-0.0003045587915
memorization_03_no_regularization_plus_t_one_oversample,3,30,0,0.4651627243,0.465180397,-1.767277718e-05,-3.799267709e-05
memorization_03_no_regularization_plus_t_one_oversample,3,31,0,0.3135044873,0.3132718801,0.0002326071262,0.0007419578847
memorization_03_no_regularization_plus_t_one_oversample,3,32,0,0.5690794587,0.5690092444,7.021427155e-05,0.0001233821929
memorization_03_no_regularization_plus_t_one_oversample,3,33,0,0.5709459782,0.5711883307,-0.0002423524857,-0.0004244753355
memorization_03_no_regularization_plus_t_one_oversample,4,0,0,0.7085579634,0.708491087,6.687641144e-05,9.438382588e-05
memorization_03_no_regularization_plus_t_one_oversample,4,1,0,0.3644303679,0.3643546402,7.572770119e-05,0.0002077974501
memorization_03_no_regularization_plus_t_one_oversample,4,2,0,0.2775094509,0.2773858905,0.0001235604286,0.0004452476419
memorization_03_no_regularization_plus_t_one_oversample,4,3,0,0.4938513935,0.4938637614,-1.236796379e-05,-2.504389773e-05
memorization_03_no_regularization_plus_t_one_oversample,4,4,1,0.5351589918,0.5341296792,0.001029312611,0.001923377214
memorization_03_no_regularization_plus_t_one_oversample,4,5,0,0.4896268249,0.4896264076,4.172325134e-07,8.521439028e-07
memorization_03_no_regularization_plus_t_one_oversample,4,6,0,0.14457497,0.1445505321,2.443790436e-05,0.0001690327472
memorization_03_no_regularization_plus_t_one_oversample,4,7,0,0.3782736063,0.3783764839,-0.0001028776169,-0.0002719661514
memorization_03_no_regularization_plus_t_one_oversample,4,8,0,0.4898412824,0.4895902574,0.0002510249615,0.0005124618331
memorization_03_no_regularization_plus_t_one_oversample,4,9,0,0.4061502218,0.4061495662,6.556510925e-07,1.614306868e-06
memorization_03_no_regularization_plus_t_one_oversample,4,10,0,0.5204000473,0.5204299092,-2.986192703e-05,-5.738263704e-05
memorization_03_no_regularization_plus_t_one_oversample,4,11,0,0.4120126069,0.4119780362,3.457069397e-05,8.39068839e-05
memorization_03_no_regularization_plus_t_one_oversample,4,12,0,0.2415925413,0.2426207662,-0.001028224826,-0.00425602885
memorization_03_no_regularization_plus_t_one_oversample,4,13,0,0.4684722126,0.4686985016,-0.0002262890339,-0.0004830361926
memorization_03_no_regularization_plus_t_one_oversample,4,14,0,0.8903840184,0.8904047608,-2.074241638e-05,-2.329603402e-05
memorization_03_no_regularization_plus_t_one_oversample,4,15,0,0.5044499636,0.5044032335,4.67300415e-05,9.263563263e-05
memorization_03_no_regularization_plus_t_one_oversample,4,16,0,0.5159143209,0.5160933137,-0.0001789927483,-0.000346942779
memorization_03_no_regularization_plus_t_one_oversample,4,17,0,0.3367334902,0.3365353346,0.0001981556416,0.0005884643117
memorization_03_no_regularization_plus_t_one_oversample,4,18,0,0.4172201157,0.4171935916,2.652406693e-05,6.357331761e-05
memorization_03_no_regularization_plus_t_one_oversample,4,19,0,0.2668915391,0.2669440508,-5.251169205e-05,-0.000196752929
memorization_03_no_regularization_plus_t_one_oversample,4,20,0,0.03643610701,0.03645660728,-2.050027251e-05,-0.0005626361924
memorization_03_no_regularization_plus_t_one_oversample,4,21,0,0.5145412683,0.5143431425,0.0001981258392,0.0003850533503
memorization_03_no_regularization_plus_t_one_oversample,4,22,0,1.193644285,1.193748474,-0.0001041889191,-8.728640547e-05
memorization_03_no_regularization_plus_t_one_oversample,4,23,0,0.3453829885,0.3454768062,-9.381771088e-05,-0.00027163385
memorization_03_no_regularization_plus_t_one_oversample,4,24,0,0.3503594995,0.3503032327,5.626678467e-05,0.0001605972858
memorization_03_no_regularization_plus_t_one_oversample,4,25,0,0.5269067883,0.5266762376,0.000230550766,0.0004375551257
memorization_03_no_regularization_plus_t_one_oversample,4,26,0,0.7792749405,0.7791750431,9.989738464e-05,0.0001281927333
memorization_03_no_regularization_plus_t_one_oversample,4,27,0,0.4060673416,0.4061356783,-6.833672523e-05,-0.0001682891438
memorization_03_no_regularization_plus_t_one_oversample,4,28,0,0.8241855502,0.8242611289,-7.557868958e-05,-9.170106119e-05
memorization_03_no_regularization_plus_t_one_oversample,4,29,0,0.1264764071,0.1265187114,-4.230439663e-05,-0.0003344844909
memorization_03_no_regularization_plus_t_one_oversample,4,30,0,0.4651627243,0.4651696086,-6.884336472e-06,-1.479984554e-05
memorization_03_no_regularization_plus_t_one_oversample,4,31,0,0.3135044873,0.3133431375,0.0001613497734,0.0005146649568
memorization_03_no_regularization_plus_t_one_oversample,4,32,0,0.5690794587,0.5690276027,5.185604095e-05,9.112267217e-05
memorization_03_no_regularization_plus_t_one_oversample,4,33,0,0.5709459782,0.5711603761,-0.0002143979073,-0.0003755134732
memorization_03_no_regularization_plus_t_one_oversample,5,0,0,0.7085579634,0.7085177898,4.017353058e-05,5.669759237e-05
memorization_03_no_regularization_plus_t_one_oversample,5,1,0,0.3644303679,0.3643129766,0.0001173913479,0.0003221228476
memorization_03_no_regularization_plus_t_one_oversample,5,2,0,0.2775094509,0.2774719,3.755092621e-05,0.0001353140446
memorization_03_no_regularization_plus_t_one_oversample,5,3,0,0.4938513935,0.4938273728,2.402067184e-05,4.863947366e-05
memorization_03_no_regularization_plus_t_one_oversample,5,4,0,0.5351589918,0.5349572897,0.0002017021179,0.0003769012966
memorization_03_no_regularization_plus_t_one_oversample,5,5,1,0.4896268249,0.4890549779,0.000571846962,0.001167924086
memorization_03_no_regularization_plus_t_one_oversample,5,6,0,0.14457497,0.1445601285,1.484155655e-05,0.0001026564733
memorization_03_no_regularization_plus_t_one_oversample,5,7,0,0.3782736063,0.3783709109,-9.73045826e-05,-0.0002572333384
memorization_03_no_regularization_plus_t_one_oversample,5,8,0,0.4898412824,0.4896063805,0.0002349019051,0.0004795469747
memorization_03_no_regularization_plus_t_one_oversample,5,9,0,0.4061502218,0.4060829282,6.729364395e-05,0.0001656865867
memorization_03_no_regularization_plus_t_one_oversample,5,10,0,0.5204000473,0.5202927589,0.0001072883606,0.000206165163
memorization_03_no_regularization_plus_t_one_oversample,5,11,0,0.4120126069,0.4120203853,-7.778406143e-06,-1.887904888e-05
memorization_03_no_regularization_plus_t_one_oversample,5,12,0,0.2415925413,0.2425875217,-0.0009949803352,-0.004118423233
memorization_03_no_regularization_plus_t_one_oversample,5,13,0,0.4684722126,0.468599081,-0.0001268684864,-0.0002708132585
memorization_03_no_regularization_plus_t_one_oversample,5,14,0,0.8903840184,0.8903890848,-5.066394806e-06,-5.690123251e-06
memorization_03_no_regularization_plus_t_one_oversample,5,15,0,0.5044499636,0.5044434667,6.496906281e-06,1.287918872e-05
memorization_03_no_regularization_plus_t_one_oversample,5,16,0,0.5159143209,0.5161232948,-0.0002089738846,-0.0004050554057
memorization_03_no_regularization_plus_t_one_oversample,5,17,0,0.3367334902,0.3366631866,7.030367851e-05,0.0002087813673
memorization_03_no_regularization_plus_t_one_oversample,5,18,0,0.4172201157,0.4172226489,-2.533197403e-06,-6.071608985e-06
memorization_03_no_regularization_plus_t_one_oversample,5,19,0,0.2668915391,0.2669114172,-1.987814903e-05,-7.448025179e-05
memorization_03_no_regularization_plus_t_one_oversample,5,20,0,0.03643610701,0.0364471674,-1.10603869e-05,-0.0003035556706
memorization_03_no_regularization_plus_t_one_oversample,5,21,0,0.5145412683,0.5145329833,8.285045624e-06,1.610180977e-05
memorization_03_no_regularization_plus_t_one_oversample,5,22,0,1.193644285,1.193751931,-0.0001076459885,-9.018263632e-05
memorization_03_no_regularization_plus_t_one_oversample,5,23,0,0.3453829885,0.3454667926,-8.380413055e-05,-0.0002426411646
memorization_03_no_regularization_plus_t_one_oversample,5,24,0,0.3503594995,0.3502865732,7.292628288e-05,0.0002081470118
memorization_03_no_regularization_plus_t_one_oversample,5,25,0,0.5269067883,0.5267754793,0.0001313090324,0.0002492073273
memorization_03_no_regularization_plus_t_one_oversample,5,26,0,0.7792749405,0.7791694403,0.0001055002213,0.0001353825406
memorization_03_no_regularization_plus_t_one_oversample,5,27,0,0.4060673416,0.4061785638,-0.0001112222672,-0.00027390104
memorization_03_no_regularization_plus_t_one_oversample,5,28,0,0.8241855502,0.8242537379,-6.818771362e-05,-8.273344953e-05
memorization_03_no_regularization_plus_t_one_oversample,5,29,0,0.1264764071,0.1265137494,-3.734230995e-05,-0.0002952511921
memorization_03_no_regularization_plus_t_one_oversample,5,30,0,0.4651627243,0.4652265012,-6.377696991e-05,-0.0001371067942
memorization_03_no_regularization_plus_t_one_oversample,5,31,0,0.3135044873,0.3135033548,1.132488251e-06,3.612351008e-06
memorization_03_no_regularization_plus_t_one_oversample,5,32,0,0.5690794587,0.5690479279,3.153085709e-05,5.540677423e-05
memorization_03_no_regularization_plus_t_one_oversample,5,33,0,0.5709459782,0.5710715652,-0.0001255869865,-0.0002199629936
memorization_03_no_regularization_plus_t_one_oversample,6,0,0,0.7085579634,0.7085095048,4.84585762e-05,6.839041928e-05
memorization_03_no_regularization_plus_t_one_oversample,6,1,0,0.3644303679,0.3643255234,0.0001048445702,0.0002876943838
memorization_03_no_regularization_plus_t_one_oversample,6,2,0,0.2775094509,0.2774851322,2.431869507e-05,8.763195267e-05
memorization_03_no_regularization_plus_t_one_oversample,6,3,0,0.4938513935,0.4938371778,1.421570778e-05,2.87853957e-05
memorization_03_no_regularization_plus_t_one_oversample,6,4,0,0.5351589918,0.5349447727,0.0002142190933,0.0004002905615
memorization_03_no_regularization_plus_t_one_oversample,6,5,0,0.4896268249,0.489634186,-7.36117363e-06,-1.503425314e-05
memorization_03_no_regularization_plus_t_one_oversample,6,6,1,0.14457497,0.1443969458,0.0001780241728,0.001231362336
memorization_03_no_regularization_plus_t_one_oversample,6,7,0,0.3782736063,0.3783633709,-8.976459503e-05,-0.0002373007092
memorization_03_no_regularization_plus_t_one_oversample,6,8,0,0.4898412824,0.4896202385,0.0002210438251,0.0004512560152
memorization_03_no_regularization_plus_t_one_oversample,6,9,0,0.4061502218,0.4061257541,2.446770668e-05,6.024299721e-05
memorization_03_no_regularization_plus_t_one_oversample,6,10,0,0.5204000473,0.5204228759,-2.282857895e-05,-4.386736525e-05
memorization_03_no_regularization_plus_t_one_oversample,6,11,0,0.4120126069,0.4119825661,3.004074097e-05,7.291218877e-05
memorization_03_no_regularization_plus_t_one_oversample,6,12,0,0.2415925413,0.2425101548,-0.0009176135063,-0.003798186406
memorization_03_no_regularization_plus_t_one_oversample,6,13,0,0.4684722126,0.4686272442,-0.0001550316811,-0.0003309303666
memorization_03_no_regularization_plus_t_one_oversample,6,14,0,0.8903840184,0.8903697133,1.430511475e-05,1.606623036e-05
memorization_03_no_regularization_plus_t_one_oversample,6,15,0,0.5044499636,0.5044075251,4.243850708e-05,8.412827861e-05
memorization_03_no_regularization_plus_t_one_oversample,6,16,0,0.5159143209,0.5160471201,-0.0001327991486,-0.0002574054318
memorization_03_no_regularization_plus_t_one_oversample,6,17,0,0.3367334902,0.3366483152,8.517503738e-05,0.0002529449546
memorization_03_no_regularization_plus_t_one_oversample,6,18,0,0.4172201157,0.4172255993,-5.483627319e-06,-1.314324769e-05
memorization_03_no_regularization_plus_t_one_oversample,6,19,0,0.2668915391,0.2669126689,-2.112984657e-05,-7.91701627e-05
memorization_03_no_regularization_plus_t_one_oversample,6,20,0,0.03643610701,0.03646238893,-2.628192306e-05,-0.0007213153438
memorization_03_no_regularization_plus_t_one_oversample,6,21,0,0.5145412683,0.5145004392,4.082918167e-05,7.935064529e-05
memorization_03_no_regularization_plus_t_one_oversample,6,22,0,1.193644285,1.193774462,-0.0001301765442,-0.0001090580718
memorization_03_no_regularization_plus_t_one_oversample,6,23,0,0.3453829885,0.3454478979,-6.490945816e-05,-0.0001879347285
memorization_03_no_regularization_plus_t_one_oversample,6,24,0,0.3503594995,0.3502631485,9.635090828e-05,0.0002750058395
memorization_03_no_regularization_plus_t_one_oversample,6,25,0,0.5269067883,0.5267564058,0.0001503825188,0.0002854063035
memorization_03_no_regularization_plus_t_one_oversample,6,26,0,0.7792749405,0.7791979313,7.700920105e-05,9.882160589e-05
memorization_03_no_regularization_plus_t_one_oversample,6,27,0,0.4060673416,0.4061237872,-5.64455986e-05,-0.0001390055117
memorization_03_no_regularization_plus_t_one_oversample,6,28,0,0.8241855502,0.824247539,-6.198883057e-05,-7.521222685e-05
memorization_03_no_regularization_plus_t_one_oversample,6,29,0,0.1264764071,0.1265384704,-6.206333637e-05,-0.0004907107801
memorization_03_no_regularization_plus_t_one_oversample,6,30,0,0.4651627243,0.4651952684,-3.254413605e-05,-6.996290621e-05
memorization_03_no_regularization_plus_t_one_oversample,6,31,0,0.3135044873,0.3133743405,0.0001301467419,0.0004151351804
memorization_03_no_regularization_plus_t_one_oversample,6,32,0,0.5690794587,0.5690798163,-3.576278687e-07,-6.284322219e-07
memorization_03_no_regularization_plus_t_one_oversample,6,33,0,0.5709459782,0.5710477233,-0.0001017451286,-0.0001782044756
memorization_03_no_regularization_plus_t_one_oversample,7,0,0,0.7085579634,0.7085242867,3.36766243e-05,4.752839717e-05
memorization_03_no_regularization_plus_t_one_oversample,7,1,0,0.3644303679,0.3643604815,6.9886446e-05,0.0001917689966
memorization_03_no_regularization_plus_t_one_oversample,7,2,0,0.2775094509,0.277443856,6.559491158e-05,0.0002363700096
memorization_03_no_regularization_plus_t_one_oversample,7,3,0,0.4938513935,0.493845433,5.960464478e-06,1.20693483e-05
memorization_03_no_regularization_plus_t_one_oversample,7,4,0,0.5351589918,0.5349923968,0.0001665949821,0.0003112999776
memorization_03_no_regularization_plus_t_one_oversample,7,5,0,0.4896268249,0.4896541536,-2.732872963e-05,-5.581542563e-05
memorization_03_no_regularization_plus_t_one_oversample,7,6,0,0.14457497,0.144570142,4.827976227e-06,3.339427445e-05
memorization_03_no_regularization_plus_t_one_oversample,7,7,1,0.3782736063,0.378052175,0.0002214312553,0.0005853732633
memorization_03_no_regularization_plus_t_one_oversample,7,8,0,0.4898412824,0.4896506667,0.000190615654,0.0003891375857
memorization_03_no_regularization_plus_t_one_oversample,7,9,0,0.4061502218,0.4062443674,-9.414553642e-05,-0.0002317997907
memorization_03_no_regularization_plus_t_one_oversample,7,10,0,0.5204000473,0.520419538,-1.949071884e-05,-3.745333795e-05
memorization_03_no_regularization_plus_t_one_oversample,7,11,0,0.4120126069,0.4119572341,5.5372715e-05,0.0001343956813
memorization_03_no_regularization_plus_t_one_oversample,7,12,0,0.2415925413,0.241899088,-0.0003065466881,-0.001268858245
memorization_03_no_regularization_plus_t_one_oversample,7,13,0,0.4684722126,0.4686273336,-0.000155121088,-0.0003311212146
memorization_03_no_regularization_plus_t_one_oversample,7,14,0,0.8903840184,0.8903911114,-7.092952728e-06,-7.966172552e-06
memorization_03_no_regularization_plus_t_one_oversample,7,15,0,0.5044499636,0.5043923855,5.757808685e-05,0.0001141403331
memorization_03_no_regularization_plus_t_one_oversample,7,16,0,0.5159143209,0.5160745978,-0.0001602768898,-0.0003106657119
memorization_03_no_regularization_plus_t_one_oversample,7,17,0,0.3367334902,0.3366730213,6.046891212e-05,0.000179574987
memorization_03_no_regularization_plus_t_one_oversample,7,18,0,0.4172201157,0.4171302319,8.988380432e-05,0.0002154349729
memorization_03_no_regularization_plus_t_one_oversample,7,19,0,0.2668915391,0.2669473588,-5.581974983e-05,-0.0002091476936
memorization_03_no_regularization_plus_t_one_oversample,7,20,0,0.03643610701,0.03646180779,-2.570077777e-05,-0.0007053656353
memorization_03_no_regularization_plus_t_one_oversample,7,21,0,0.5145412683,0.5144564509,8.481740952e-05,0.0001648408296
memorization_03_no_regularization_plus_t_one_oversample,7,22,0,1.193644285,1.193789244,-0.0001449584961,-0.0001214419554
memorization_03_no_regularization_plus_t_one_oversample,7,23,0,0.3453829885,0.3454187512,-3.576278687e-05,-0.000103545305
memorization_03_no_regularization_plus_t_one_oversample,7,24,0,0.3503594995,0.3502957523,6.374716759e-05,0.0001819478784
memorization_03_no_regularization_plus_t_one_oversample,7,25,0,0.5269067883,0.5267523527,0.0001544356346,0.000293098586
memorization_03_no_regularization_plus_t_one_oversample,7,26,0,0.7792749405,0.7791829705,9.196996689e-05,0.000118019921
memorization_03_no_regularization_plus_t_one_oversample,7,27,0,0.4060673416,0.4060519636,1.537799835e-05,3.78705618e-05
memorization_03_no_regularization_plus_t_one_oversample,7,28,0,0.8241855502,0.8242875934,-0.0001020431519,-0.0001238108965
memorization_03_no_regularization_plus_t_one_oversample,7,29,0,0.1264764071,0.1265204996,-4.409253597e-05,-0.0003486226167
memorization_03_no_regularization_plus_t_one_oversample,7,30,0,0.4651627243,0.4652422965,-7.957220078e-05,-0.0001710631498
memorization_03_no_regularization_plus_t_one_oversample,7,31,0,0.3135044873,0.3134673238,3.716349602e-05,0.0001185421502
memorization_03_no_regularization_plus_t_one_oversample,7,32,0,0.5690794587,0.569044292,3.516674042e-05,6.179583515e-05
memorization_03_no_regularization_plus_t_one_oversample,7,33,0,0.5709459782,0.5710224509,-7.647275925e-05,-0.0001339404465
memorization_03_no_regularization_plus_t_one_oversample,8,0,0,0.7085579634,0.7085028291,5.513429642e-05,7.781197766e-05
memorization_03_no_regularization_plus_t_one_oversample,8,1,0,0.3644303679,0.3643538654,7.650256157e-05,0.0002099236735
memorization_03_no_regularization_plus_t_one_oversample,8,2,0,0.2775094509,0.2774885595,2.089142799e-05,7.52818613e-05
memorization_03_no_regularization_plus_t_one_oversample,8,3,0,0.4938513935,0.4938795269,-2.813339233e-05,-5.696732399e-05
memorization_03_no_regularization_plus_t_one_oversample,8,4,0,0.5351589918,0.534911871,0.0002471208572,0.0004617709148
memorization_03_no_regularization_plus_t_one_oversample,8,5,0,0.4896268249,0.4896048009,2.202391624e-05,4.498102458e-05
memorization_03_no_regularization_plus_t_one_oversample,8,6,0,0.14457497,0.1445476711,2.729892731e-05,0.0001888219469
memorization_03_no_regularization_plus_t_one_oversample,8,7,0,0.3782736063,0.3783748448,-0.0001012384892,-0.0002676329711
memorization_03_no_regularization_plus_t_one_oversample,8,8,1,0.4898412824,0.4889643788,0.0008769035339,0.001790178912
memorization_03_no_regularization_plus_t_one_oversample,8,9,0,0.4061502218,0.4058918655,0.0002583563328,0.0006361102836
memorization_03_no_regularization_plus_t_one_oversample,8,10,0,0.5204000473,0.5203800201,2.002716064e-05,3.848416377e-05
memorization_03_no_regularization_plus_t_one_oversample,8,11,0,0.4120126069,0.4119916558,2.095103264e-05,5.085046499e-05
memorization_03_no_regularization_plus_t_one_oversample,8,12,0,0.2415925413,0.2429300696,-0.001337528229,-0.005536297691
memorization_03_no_regularization_plus_t_one_oversample,8,13,0,0.4684722126,0.4686877131,-0.0002155005932,-0.0004600072051
memorization_03_no_regularization_plus_t_one_oversample,8,14,0,0.8903840184,0.8904759884,-9.196996689e-05,-0.0001032924727
memorization_03_no_regularization_plus_t_one_oversample,8,15,0,0.5044499636,0.5044174194,3.254413605e-05,6.451410129e-05
memorization_03_no_regularization_plus_t_one_oversample,8,16,0,0.5159143209,0.5162210464,-0.000306725502,-0.0005945279857
memorization_03_no_regularization_plus_t_one_oversample,8,17,0,0.3367334902,0.3366338909,9.959936142e-05,0.0002957809791
memorization_03_no_regularization_plus_t_one_oversample,8,18,0,0.4172201157,0.4172498286,-2.971291542e-05,-7.121640186e-05
memorization_03_no_regularization_plus_t_one_oversample,8,19,0,0.2668915391,0.2669403255,-4.878640175e-05,-0.0001827948608
memorization_03_no_regularization_plus_t_one_oversample,8,20,0,0.03643610701,0.03644348308,-7.376074791e-06,-0.0002024386082
memorization_03_no_regularization_plus_t_one_oversample,8,21,0,0.5145412683,0.5145283341,1.293420792e-05,2.51373577e-05
memorization_03_no_regularization_plus_t_one_oversample,8,22,0,1.193644285,1.193873405,-0.0002291202545,-0.000191950196
memorization_03_no_regularization_plus_t_one_oversample,8,23,0,0.3453829885,0.345569998,-0.000187009573,-0.0005414556572
memorization_03_no_regularization_plus_t_one_oversample,8,24,0,0.3503594995,0.350302726,5.677342415e-05,0.0001620433419
memorization_03_no_regularization_plus_t_one_oversample,8,25,0,0.5269067883,0.5267476439,0.0001591444016,0.0003020352083
memorization_03_no_regularization_plus_t_one_oversample,8,26,0,0.7792749405,0.7790856957,0.0001892447472,0.0002428472126
memorization_03_no_regularization_plus_t_one_oversample,8,27,0,0.4060673416,0.4061385393,-7.119774818e-05,-0.0001753348297
memorization_03_no_regularization_plus_t_one_oversample,8,28,0,0.8241855502,0.8242256045,-4.005432129e-05,-4.859866965e-05
memorization_03_no_regularization_plus_t_one_oversample,8,29,0,0.1264764071,0.126533851,-5.74439764e-05,-0.0004541872887
memorization_03_no_regularization_plus_t_one_oversample,8,30,0,0.4651627243,0.4652510583,-8.833408356e-05,-0.0001898993168
memorization_03_no_regularization_plus_t_one_oversample,8,31,0,0.3135044873,0.3133323193,0.0001721680164,0.0005491724151
memorization_03_no_regularization_plus_t_one_oversample,8,32,0,0.5690794587,0.569052577,2.688169479e-05,4.723715534e-05
memorization_03_no_regularization_plus_t_one_oversample,8,33,0,0.5709459782,0.5710892081,-0.0001432299614,-0.0002508642969
memorization_03_no_regularization_plus_t_one_oversample,9,0,0,0.7085579634,0.7084928155,6.514787674e-05,9.194431523e-05
memorization_03_no_regularization_plus_t_one_oversample,9,1,0,0.3644303679,0.3643425107,8.78572464e-05,0.0002410810243
memorization_03_no_regularization_plus_t_one_oversample,9,2,0,0.2775094509,0.2774832547,2.619624138e-05,9.43976549e-05
memorization_03_no_regularization_plus_t_one_oversample,9,3,0,0.4938513935,0.4939157367,-6.434321404e-05,-0.0001302886149
memorization_03_no_regularization_plus_t_one_oversample,9,4,0,0.5351589918,0.5349786282,0.0001803636551,0.0003370281689
memorization_03_no_regularization_plus_t_one_oversample,9,5,0,0.4896268249,0.4896201491,6.675720215e-06,1.363430244e-05
memorization_03_no_regularization_plus_t_one_oversample,9,6,0,0.14457497,0.1445586085,1.636147499e-05,0.0001131694856
memorization_03_no_regularization_plus_t_one_oversample,9,7,0,0.3782736063,0.3783722818,-9.867548943e-05,-0.0002608574529
memorization_03_no_regularization_plus_t_one_oversample,9,8,0,0.4898412824,0.4895839095,0.0002573728561,0.0005254209178
memorization_03_no_regularization_plus_t_one_oversample,9,9,1,0.4061502218,0.4041213691,0.002028852701,0.004995325848
memorization_03_no_regularization_plus_t_one_oversample,9,10,0,0.5204000473,0.5203301907,6.985664368e-05,0.0001342364284
memorization_03_no_regularization_plus_t_one_oversample,9,11,0,0.4120126069,0.4120023847,1.022219658e-05,2.481039757e-05
memorization_03_no_regularization_plus_t_one_oversample,9,12,0,0.2415925413,0.2424145341,-0.0008219927549,-0.003402392931
memorization_03_no_regularization_plus_t_one_oversample,9,13,0,0.4684722126,0.4687673748,-0.0002951622009,-0.0006300527396
memorization_03_no_regularization_plus_t_one_oversample,9,14,0,0.8903840184,0.890363276,2.074241638e-05,2.329603402e-05
memorization_03_no_regularization_plus_t_one_oversample,9,15,0,0.5044499636,0.5043808222,6.914138794e-05,0.0001370629258
memorization_03_no_regularization_plus_t_one_oversample,9,16,0,0.5159143209,0.5159642696,-4.994869232e-05,-9.681586708e-05
memorization_03_no_regularization_plus_t_one_oversample,9,17,0,0.3367334902,0.3366915286,4.196166992e-05,0.0001246138894
memorization_03_no_regularization_plus_t_one_oversample,9,18,0,0.4172201157,0.4172092974,1.081824303e-05,2.59293419e-05
memorization_03_no_regularization_plus_t_one_oversample,9,19,0,0.2668915391,0.2669074237,-1.588463783e-05,-5.95172027e-05
memorization_03_no_regularization_plus_t_one_oversample,9,20,0,0.03643610701,0.03644463792,-8.530914783e-06,-0.0002341335418
memorization_03_no_regularization_plus_t_one_oversample,9,21,0,0.5145412683,0.5145429969,-1.728534698e-06,-3.359370384e-06
memorization_03_no_regularization_plus_t_one_oversample,9,22,0,1.193644285,1.193846464,-0.0002021789551,-0.0001693795694
memorization_03_no_regularization_plus_t_one_oversample,9,23,0,0.3453829885,0.3459453881,-0.0005623996258,-0.001628336208
memorization_03_no_regularization_plus_t_one_oversample,9,24,0,0.3503594995,0.3502939045,6.559491158e-05,0.0001872217299
memorization_03_no_regularization_plus_t_one_oversample,9,25,0,0.5269067883,0.5267685056,0.0001382827759,0.000262442578
memorization_03_no_regularization_plus_t_one_oversample,9,26,0,0.7792749405,0.7787089944,0.0005659461021,0.0007262470185
memorization_03_no_regularization_plus_t_one_oversample,9,27,0,0.4060673416,0.4061812758,-0.0001139342785,-0.0002805797631
memorization_03_no_regularization_plus_t_one_oversample,9,28,0,0.8241855502,0.824133873,5.167722702e-05,6.270096219e-05
memorization_03_no_regularization_plus_t_one_oversample,9,29,0,0.1264764071,0.1265355498,-5.914270878e-05,-0.0004676185081
memorization_03_no_regularization_plus_t_one_oversample,9,30,0,0.4651627243,0.465221405,-5.868077278e-05,-0.0001261510644
memorization_03_no_regularization_plus_t_one_oversample,9,31,0,0.3135044873,0.3133152425,0.0001892447472,0.0006036428659
memorization_03_no_regularization_plus_t_one_oversample,9,32,0,0.5690794587,0.5690586567,2.080202103e-05,3.655380757e-05
memorization_03_no_regularization_plus_t_one_oversample,9,33,0,0.5709459782,0.5710529685,-0.0001069903374,-0.0001873913496
memorization_03_no_regularization_plus_t_one_oversample,10,0,0,0.7085579634,0.7084795237,7.843971252e-05,0.0001107033109
memorization_03_no_regularization_plus_t_one_oversample,10,1,0,0.3644303679,0.364300251,0.0001301169395,0.0003570419784
memorization_03_no_regularization_plus_t_one_oversample,10,2,0,0.2775094509,0.2774628997,4.655122757e-05,0.0001677464584
memorization_03_no_regularization_plus_t_one_oversample,10,3,0,0.4938513935,0.4938877523,-3.635883331e-05,-7.362302465e-05
memorization_03_no_regularization_plus_t_one_oversample,10,4,0,0.5351589918,0.5350062847,0.0001527070999,0.0002853490313
memorization_03_no_regularization_plus_t_one_oversample,10,5,0,0.4896268249,0.4895409346,8.589029312e-05,0.0001754199091
memorization_03_no_regularization_plus_t_one_oversample,10,6,0,0.14457497,0.1445806623,-5.692243576e-06,-3.937226185e-05
memorization_03_no_regularization_plus_t_one_oversample,10,7,0,0.3782736063,0.3783541918,-8.058547974e-05,-0.0002130348996
memorization_03_no_regularization_plus_t_one_oversample,10,8,0,0.4898412824,0.489623338,0.0002179443836,0.0004449285748
memorization_03_no_regularization_plus_t_one_oversample,10,9,0,0.4061502218,0.4058529735,0.0002972483635,0.0007318680319
memorization_03_no_regularization_plus_t_one_oversample,10,10,1,0.5204000473,0.5190153718,0.001384675503,0.002660790501
memorization_03_no_regularization_plus_t_one_oversample,10,11,0,0.4120126069,0.4119963348,1.627206802e-05,3.949410225e-05
memorization_03_no_regularization_plus_t_one_oversample,10,12,0,0.2415925413,0.2421231568,-0.000530615449,-0.002196323802
memorization_03_no_regularization_plus_t_one_oversample,10,13,0,0.4684722126,0.468642056,-0.0001698434353,-0.0003625475124
memorization_03_no_regularization_plus_t_one_oversample,10,14,0,0.8903840184,0.8903658986,1.811981201e-05,2.035055845e-05
memorization_03_no_regularization_plus_t_one_oversample,10,15,0,0.5044499636,0.5043928623,5.710124969e-05,0.0001131950715
memorization_03_no_regularization_plus_t_one_oversample,10,16,0,0.5159143209,0.5159127712,1.549720764e-06,3.003833585e-06
memorization_03_no_regularization_plus_t_one_oversample,10,17,0,0.3367334902,0.3366847634,4.87267971e-05,0.0001447043389
memorization_03_no_regularization_plus_t_one_oversample,10,18,0,0.4172201157,0.4171735644,4.655122757e-05,0.0001115747439
memorization_03_no_regularization_plus_t_one_oversample,10,19,0,0.2668915391,0.2669059634,-1.442432404e-05,-5.404563998e-05
memorization_03_no_regularization_plus_t_one_oversample,10,20,0,0.03643610701,0.03645003587,-1.392886043e-05,-0.000382281796
memorization_03_no_regularization_plus_t_one_oversample,10,21,0,0.5145412683,0.5144690275,7.224082947e-05,0.000140398514
memorization_03_no_regularization_plus_t_one_oversample,10,22,0,1.193644285,1.193882346,-0.0002380609512,-0.0001994404482
memorization_03_no_regularization_plus_t_one_oversample,10,23,0,0.3453829885,0.3455297649,-0.0001467764378,-0.0004249671891
memorization_03_no_regularization_plus_t_one_oversample,10,24,0,0.3503594995,0.3503427804,1.671910286e-05,4.771985028e-05
memorization_03_no_regularization_plus_t_one_oversample,10,25,0,0.5269067883,0.5267735124,0.0001332759857,0.0002529403467
memorization_03_no_regularization_plus_t_one_oversample,10,26,0,0.7792749405,0.7789231539,0.0003517866135,0.0004514281099
memorization_03_no_regularization_plus_t_one_oversample,10,27,0,0.4060673416,0.4060675204,-1.788139343e-07,-4.403553697e-07
memorization_03_no_regularization_plus_t_one_oversample,10,28,0,0.8241855502,0.824162066,2.348423004e-05,2.849386286e-05
memorization_03_no_regularization_plus_t_one_oversample,10,29,0,0.1264764071,0.1265154183,-3.901124001e-05,-0.0003084467761
memorization_03_no_regularization_plus_t_one_oversample,10,30,0,0.4651627243,0.465202719,-3.999471664e-05,-8.598005506e-05
memorization_03_no_regularization_plus_t_one_oversample,10,31,0,0.3135044873,0.3135619462,-5.745887756e-05,-0.0001832792827
memorization_03_no_regularization_plus_t_one_oversample,10,32,0,0.5690794587,0.5690259933,5.346536636e-05,9.395061717e-05
memorization_03_no_regularization_plus_t_one_oversample,10,33,0,0.5709459782,0.5709912181,-4.523992538e-05,-7.923678792e-05
memorization_03_no_regularization_plus_t_one_oversample,11,0,0,0.7085579634,0.7084975243,6.04391098e-05,8.529875173e-05
memorization_03_no_regularization_plus_t_one_oversample,11,1,0,0.3644303679,0.3643355668,9.480118752e-05,0.0002601352572
memorization_03_no_regularization_plus_t_one_oversample,11,2,0,0.2775094509,0.2774384022,7.104873657e-05,0.0002560227637
memorization_03_no_regularization_plus_t_one_oversample,11,3,0,0.4938513935,0.4938605726,-9.179115295e-06,-1.858679639e-05
memorization_03_no_regularization_plus_t_one_oversample,11,4,0,0.5351589918,0.5349158645,0.000243127346,0.0004543086256
memorization_03_no_regularization_plus_t_one_oversample,11,5,0,0.4896268249,0.489659965,-3.31401825e-05,-6.768457285e-05
memorization_03_no_regularization_plus_t_one_oversample,11,6,0,0.14457497,0.144546926,2.804398537e-05,0.0001939753843
memorization_03_no_regularization_plus_t_one_oversample,11,7,0,0.3782736063,0.3783151805,-4.157423973e-05,-0.0001099052089
memorization_03_no_regularization_plus_t_one_oversample,11,8,0,0.4898412824,0.4896260798,0.00021520257,0.0004393312236
memorization_03_no_regularization_plus_t_one_oversample,11,9,0,0.4061502218,0.4061737955,-2.357363701e-05,-5.804166966e-05
memorization_03_no_regularization_plus_t_one_oversample,11,10,0,0.5204000473,0.5204144716,-1.442432404e-05,-2.771776081e-05
memorization_03_no_regularization_plus_t_one_oversample,11,11,1,0.4120126069,0.4117460251,0.0002665817738,0.0006470233418
memorization_03_no_regularization_plus_t_one_oversample,11,12,0,0.2415925413,0.2421545684,-0.0005620270967,-0.002326342915
memorization_03_no_regularization_plus_t_one_oversample,11,13,0,0.4684722126,0.468606472,-0.0001342594624,-0.0002865900234
memorization_03_no_regularization_plus_t_one_oversample,11,14,0,0.8903840184,0.8903670907,1.692771912e-05,1.901170592e-05
memorization_03_no_regularization_plus_t_one_oversample,11,15,0,0.5044499636,0.5044033527,4.661083221e-05,9.239931724e-05
memorization_03_no_regularization_plus_t_one_oversample,11,16,0,0.5159143209,0.5160016418,-8.73208046e-05,-0.0001692544693
memorization_03_no_regularization_plus_t_one_oversample,11,17,0,0.3367334902,0.3366264701,0.0001070201397,0.0003178185206
memorization_03_no_regularization_plus_t_one_oversample,11,18,0,0.4172201157,0.4171821475,3.796815872e-05,9.100270408e-05
memorization_03_no_regularization_plus_t_one_oversample,11,19,0,0.2668915391,0.266923368,-3.182888031e-05,-0.0001192577345
memorization_03_no_regularization_plus_t_one_oversample,11,20,0,0.03643610701,0.0364642702,-2.816319466e-05,-0.0007729474131
memorization_03_no_regularization_plus_t_one_oversample,11,21,0,0.5145412683,0.5144541264,8.714199066e-05,0.0001693586035
memorization_03_no_regularization_plus_t_one_oversample,11,22,0,1.193644285,1.19377923,-0.0001349449158,-0.000113052873
memorization_03_no_regularization_plus_t_one_oversample,11,23,0,0.3453829885,0.3454287946,-4.580616951e-05,-0.0001326242781
memorization_03_no_regularization_plus_t_one_oversample,11,24,0,0.3503594995,0.350271821,8.767843246e-05,0.0002502527621
memorization_03_no_regularization_plus_t_one_oversample,11,25,0,0.5269067883,0.5267515779,0.000155210495,0.0002945691694
memorization_03_no_regularization_plus_t_one_oversample,11,26,0,0.7792749405,0.7792506218,2.431869507e-05,3.120682291e-05
memorization_03_no_regularization_plus_t_one_oversample,11,27,0,0.4060673416,0.4060952663,-2.792477608e-05,-6.876883024e-05
memorization_03_no_regularization_plus_t_one_oversample,11,28,0,0.8241855502,0.8242314458,-4.589557648e-05,-5.568597565e-05
memorization_03_no_regularization_plus_t_one_oversample,11,29,0,0.1264764071,0.1265317351,-5.532801151e-05,-0.0004374571733
memorization_03_no_regularization_plus_t_one_oversample,11,30,0,0.4651627243,0.4652197361,-5.701184273e-05,-0.0001225632231
memorization_03_no_regularization_plus_t_one_oversample,11,31,0,0.3135044873,0.3134020269,0.0001024603844,0.0003268227044
memorization_03_no_regularization_plus_t_one_oversample,11,32,0,0.5690794587,0.5690763593,3.099441528e-06,5.446412589e-06
memorization_03_no_regularization_plus_t_one_oversample,11,33,0,0.5709459782,0.5710414648,-9.548664093e-05,-0.0001672428646
memorization_03_no_regularization_plus_t_one_oversample,12,0,0,0.7085579634,0.7085471749,1.07884407e-05,1.52259113e-05
memorization_03_no_regularization_plus_t_one_oversample,12,1,0,0.3644303679,0.3644057214,2.464652061e-05,6.763026022e-05
memorization_03_no_regularization_plus_t_one_oversample,12,2,0,0.2775094509,0.2774434388,6.601214409e-05,0.000237873499
memorization_03_no_regularization_plus_t_one_oversample,12,3,0,0.4938513935,0.4939039052,-5.251169205e-05,-0.0001063309585
memorization_03_no_regularization_plus_t_one_oversample,12,4,0,0.5351589918,0.5350513458,0.0001076459885,0.0002011476778
memorization_03_no_regularization_plus_t_one_oversample,12,5,0,0.4896268249,0.4896838665,-5.704164505e-05,-0.000116500245
memorization_03_no_regularization_plus_t_one_oversample,12,6,0,0.14457497,0.1445855796,-1.060962677e-05,-7.338494879e-05
memorization_03_no_regularization_plus_t_one_oversample,12,7,0,0.3782736063,0.3782925904,-1.898407936e-05,-5.018610615e-05
memorization_03_no_regularization_plus_t_one_oversample,12,8,0,0.4898412824,0.4897170663,0.0001242160797,0.0002535843429
memorization_03_no_regularization_plus_t_one_oversample,12,9,0,0.4061502218,0.4062039256,-5.370378494e-05,-0.000132226408
memorization_03_no_regularization_plus_t_one_oversample,12,10,0,0.5204000473,0.5203906298,9.417533875e-06,1.809671987e-05
memorization_03_no_regularization_plus_t_one_oversample,12,11,0,0.4120126069,0.4119680524,4.455447197e-05,0.0001081386133
memorization_03_no_regularization_plus_t_one_oversample,12,12,1,0.2415925413,0.2378788143,0.003713726997,0.01537186114
memorization_03_no_regularization_plus_t_one_oversample,12,13,0,0.4684722126,0.4685830772,-0.0001108646393,-0.0002366514733
memorization_03_no_regularization_plus_t_one_oversample,12,14,0,0.8903840184,0.8903580904,2.592802048e-05,2.912004252e-05
memorization_03_no_regularization_plus_t_one_oversample,12,15,0,0.5044499636,0.5043522716,9.769201279e-05,0.0001936604616
memorization_03_no_regularization_plus_t_one_oversample,12,16,0,0.5159143209,0.5158790946,3.522634506e-05,6.827944802e-05
memorization_03_no_regularization_plus_t_one_oversample,12,17,0,0.3367334902,0.3366797864,5.370378494e-05,0.0001594845375
memorization_03_no_regularization_plus_t_one_oversample,12,18,0,0.4172201157,0.4171023071,0.0001178085804,0.0002823655331
memorization_03_no_regularization_plus_t_one_oversample,12,19,0,0.2668915391,0.2669130266,-2.148747444e-05,-8.051013724e-05
memorization_03_no_regularization_plus_t_one_oversample,12,20,0,0.03643610701,0.03643356264,2.544373274e-06,6.983109565e-05
memorization_03_no_regularization_plus_t_one_oversample,12,21,0,0.5145412683,0.5145363808,4.887580872e-06,9.498909363e-06
memorization_03_no_regularization_plus_t_one_oversample,12,22,0,1.193644285,1.193824172,-0.0001798868179,-0.000150703874
memorization_03_no_regularization_plus_t_one_oversample,12,23,0,0.3453829885,0.3454083204,-2.533197403e-05,-7.334459101e-05
memorization_03_no_regularization_plus_t_one_oversample,12,24,0,0.3503594995,0.3502928019,6.66975975e-05,0.0001903690284
memorization_03_no_regularization_plus_t_one_oversample,12,25,0,0.5269067883,0.5267732143,0.0001335740089,0.0002535059557
memorization_03_no_regularization_plus_t_one_oversample,12,26,0,0.7792749405,0.7791022658,0.0001726746559,0.0002215837401
memorization_03_no_regularization_plus_t_one_oversample,12,27,0,0.4060673416,0.4060475826,1.975893974e-05,4.865926835e-05
memorization_03_no_regularization_plus_t_one_oversample,12,28,0,0.8241855502,0.824262619,-7.706880569e-05,-9.350904742e-05
memorization_03_no_regularization_plus_t_one_oversample,12,29,0,0.1264764071,0.1265496016,-7.319450378e-05,-0.0005787206127
memorization_03_no_regularization_plus_t_one_oversample,12,30,0,0.4651627243,0.4652368426,-7.411837578e-05,-0.0001593385968
memorization_03_no_regularization_plus_t_one_oversample,12,31,0,0.3135044873,0.3134619892,4.249811172e-05,0.0001355582247
memorization_03_no_regularization_plus_t_one_oversample,12,32,0,0.5690794587,0.5690109134,6.854534149e-05,0.0001204495092
memorization_03_no_regularization_plus_t_one_oversample,12,33,0,0.5709459782,0.5708702207,7.575750351e-05,0.000132687691
memorization_03_no_regularization_plus_t_one_oversample,13,0,0,0.7085579634,0.708517313,4.065036774e-05,5.737056083e-05
memorization_03_no_regularization_plus_t_one_oversample,13,1,0,0.3644303679,0.3643475473,8.282065392e-05,0.0002272605721
memorization_03_no_regularization_plus_t_one_oversample,13,2,0,0.2775094509,0.2775601745,-5.07235527e-05,-0.0001827813523
memorization_03_no_regularization_plus_t_one_oversample,13,3,0,0.4938513935,0.4938312173,2.017617226e-05,4.085474401e-05
memorization_03_no_regularization_plus_t_one_oversample,13,4,0,0.5351589918,0.5350242257,0.0001347661018,0.0002518244183
memorization_03_no_regularization_plus_t_one_oversample,13,5,0,0.4896268249,0.4896067083,2.011656761e-05,4.10855096e-05
memorization_03_no_regularization_plus_t_one_oversample,13,6,0,0.14457497,0.1445604712,1.449882984e-05,0.0001002858921
memorization_03_no_regularization_plus_t_one_oversample,13,7,0,0.3782736063,0.3783573508,-8.374452591e-05,-0.0002213861198
memorization_03_no_regularization_plus_t_one_oversample,13,8,0,0.4898412824,0.4896865487,0.0001547336578,0.0003158852947
memorization_03_no_regularization_plus_t_one_oversample,13,9,0,0.4061502218,0.406658262,-0.0005080401897,-0.00125086769
memorization_03_no_regularization_plus_t_one_oversample,13,10,0,0.5204000473,0.5204338431,-3.379583359e-05,-6.494202636e-05
memorization_03_no_regularization_plus_t_one_oversample,13,11,0,0.4120126069,0.4119821191,3.04877758e-05,7.399719158e-05
memorization_03_no_regularization_plus_t_one_oversample,13,12,0,0.2415925413,0.2422240824,-0.0006315410137,-0.002614074964
memorization_03_no_regularization_plus_t_one_oversample,13,13,1,0.4684722126,0.4675717354,0.0009004771709,0.00192215706
memorization_03_no_regularization_plus_t_one_oversample,13,14,0,0.8903840184,0.8903208971,6.312131882e-05,7.089224145e-05
memorization_03_no_regularization_plus_t_one_oversample,13,15,0,0.5044499636,0.5044649243,-1.496076584e-05,-2.965758136e-05
memorization_03_no_regularization_plus_t_one_oversample,13,16,0,0.5159143209,0.5160570145,-0.0001426935196,-0.0002765837539
memorization_03_no_regularization_plus_t_one_oversample,13,17,0,0.3367334902,0.3365826905,0.0001507997513,0.0004478311652
memorization_03_no_regularization_plus_t_one_oversample,13,18,0,0.4172201157,0.4171999097,2.020597458e-05,4.843001049e-05
memorization_03_no_regularization_plus_t_one_oversample,13,19,0,0.2668915391,0.2668625712,2.896785736e-05,0.0001085379381
memorization_03_no_regularization_plus_t_one_oversample,13,20,0,0.03643610701,0.03642270342,1.340359449e-05,0.0003678657133
memorization_03_no_regularization_plus_t_one_oversample,13,21,0,0.5145412683,0.5145491958,-7.927417755e-06,-1.540676763e-05
memorization_03_no_regularization_plus_t_one_oversample,13,22,0,1.193644285,1.193742275,-9.799003601e-05,-8.209316396e-05
memorization_03_no_regularization_plus_t_one_oversample,13,23,0,0.3453829885,0.3452779055,0.0001050829887,0.0003042506211
memorization_03_no_regularization_plus_t_one_oversample,13,24,0,0.3503594995,0.3502540588,0.0001054406166,0.0003009497866
memorization_03_no_regularization_plus_t_one_oversample,13,25,0,0.5269067883,0.5267416835,0.000165104866,0.0003133473883
memorization_03_no_regularization_plus_t_one_oversample,13,26,0,0.7792749405,0.7794018984,-0.0001269578934,-0.0001629179726
memorization_03_no_regularization_plus_t_one_oversample,13,27,0,0.4060673416,0.406098038,-3.069639206e-05,-7.559433847e-05
memorization_03_no_regularization_plus_t_one_oversample,13,28,0,0.8241855502,0.8242761493,-9.059906006e-05,-0.0001099255623
memorization_03_no_regularization_plus_t_one_oversample,13,29,0,0.1264764071,0.1265429854,-6.657838821e-05,-0.0005264095476
memorization_03_no_regularization_plus_t_one_oversample,13,30,0,0.4651627243,0.4652301669,-6.744265556e-05,-0.0001449872314
memorization_03_no_regularization_plus_t_one_oversample,13,31,0,0.3135044873,0.3134984672,6.020069122e-06,1.920249747e-05
memorization_03_no_regularization_plus_t_one_oversample,13,32,0,0.5690794587,0.5690962672,-1.680850983e-05,-2.953631443e-05
memorization_03_no_regularization_plus_t_one_oversample,13,33,0,0.5709459782,0.5711243749,-0.0001783967018,-0.000312458111
memorization_03_no_regularization_plus_t_one_oversample,14,0,0,0.7085579634,0.7085020542,5.59091568e-05,7.89055514e-05
memorization_03_no_regularization_plus_t_one_oversample,14,1,0,0.3644303679,0.3642830253,0.0001473426819,0.0004043095605
memorization_03_no_regularization_plus_t_one_oversample,14,2,0,0.2775094509,0.2775036693,5.781650543e-06,2.083406718e-05
memorization_03_no_regularization_plus_t_one_oversample,14,3,0,0.4938513935,0.4938096106,4.178285599e-05,8.46061316e-05
memorization_03_no_regularization_plus_t_one_oversample,14,4,0,0.5351589918,0.5350033641,0.0001556277275,0.0002908065265
memorization_03_no_regularization_plus_t_one_oversample,14,5,0,0.4896268249,0.4896579385,-3.111362457e-05,-6.354558818e-05
memorization_03_no_regularization_plus_t_one_oversample,14,6,0,0.14457497,0.1445587873,1.618266106e-05,0.0001119326607
memorization_03_no_regularization_plus_t_one_oversample,14,7,0,0.3782736063,0.3783694506,-9.58442688e-05,-0.0002533728687
memorization_03_no_regularization_plus_t_one_oversample,14,8,0,0.4898412824,0.4897555709,8.571147919e-05,0.0001749780639
memorization_03_no_regularization_plus_t_one_oversample,14,9,0,0.4061502218,0.4061331451,1.707673073e-05,4.204535615e-05
memorization_03_no_regularization_plus_t_one_oversample,14,10,0,0.5204000473,0.5203952789,4.768371582e-06,9.162896135e-06
memorization_03_no_regularization_plus_t_one_oversample,14,11,0,0.4120126069,0.4119836092,2.899765968e-05,7.038051555e-05
memorization_03_no_regularization_plus_t_one_oversample,14,12,0,0.2415925413,0.2423051149,-0.0007125735283,-0.002949484799
memorization_03_no_regularization_plus_t_one_oversample,14,13,0,0.4684722126,0.4685586393,-8.642673492e-05,-0.0001844863636
memorization_03_no_regularization_plus_t_one_oversample,14,14,1,0.8903840184,0.8899233341,0.0004606842995,0.0005173995601
memorization_03_no_regularization_plus_t_one_oversample,14,15,0,0.5044499636,0.504378736,7.122755051e-05,0.0001411984451
memorization_03_no_regularization_plus_t_one_oversample,14,16,0,0.5159143209,0.515971601,-5.728006363e-05,-0.0001110263106
memorization_03_no_regularization_plus_t_one_oversample,14,17,0,0.3367334902,0.3366452157,8.827447891e-05,0.0002621493896
memorization_03_no_regularization_plus_t_one_oversample,14,18,0,0.4172201157,0.4171500504,7.006525993e-05,0.0001679335615
memorization_03_no_regularization_plus_t_one_oversample,14,19,0,0.2668915391,0.2668761015,1.5437603e-05,5.784223452e-05
memorization_03_no_regularization_plus_t_one_oversample,14,20,0,0.03643610701,0.03645031899,-1.421198249e-05,-0.0003900521668
memorization_03_no_regularization_plus_t_one_oversample,14,21,0,0.5145412683,0.5144337416,0.0001075267792,0.000208976006
memorization_03_no_regularization_plus_t_one_oversample,14,22,0,1.193644285,1.193709373,-6.508827209e-05,-5.452903591e-05
memorization_03_no_regularization_plus_t_one_oversample,14,23,0,0.3453829885,0.3453886509,-5.662441254e-06,-1.639467328e-05
memorization_03_no_regularization_plus_t_one_oversample,14,24,0,0.3503594995,0.3502712846,8.821487427e-05,0.0002517838803
memorization_03_no_regularization_plus_t_one_oversample,14,25,0,0.5269067883,0.5267546177,0.0001521706581,0.0002887999576
memorization_03_no_regularization_plus_t_one_oversample,14,26,0,0.7792749405,0.7793373466,-6.240606308e-05,-8.008221468e-05
memorization_03_no_regularization_plus_t_one_oversample,14,27,0,0.4060673416,0.4061438441,-7.650256157e-05,-0.0001883987057
memorization_03_no_regularization_plus_t_one_oversample,14,28,0,0.8241855502,0.8241807818,4.768371582e-06,5.785555911e-06
memorization_03_no_regularization_plus_t_one_oversample,14,29,0,0.1264764071,0.1265256554,-4.924833775e-05,-0.0003893875458
memorization_03_no_regularization_plus_t_one_oversample,14,30,0,0.4651627243,0.4652187824,-5.605816841e-05,-0.000120513028
memorization_03_no_regularization_plus_t_one_oversample,14,31,0,0.3135044873,0.3133967221,0.0001077651978,0.000343743717
memorization_03_no_regularization_plus_t_one_oversample,14,32,0,0.5690794587,0.5690523982,2.706050873e-05,4.755137145e-05
memorization_03_no_regularization_plus_t_one_oversample,14,33,0,0.5709459782,0.5710920691,-0.0001460909843,-0.0002558753191
memorization_03_no_regularization_plus_t_one_oversample,15,0,0,0.7085579634,0.7085120678,4.589557648e-05,6.477321384e-05
memorization_03_no_regularization_plus_t_one_oversample,15,1,0,0.3644303679,0.3643317521,9.861588478e-05,0.0002706028187
memorization_03_no_regularization_plus_t_one_oversample,15,2,0,0.2775094509,0.2774346173,7.483363152e-05,0.0002696615602
memorization_03_no_regularization_plus_t_one_oversample,15,3,0,0.4938513935,0.493932426,-8.103251457e-05,-0.0001640827902
memorization_03_no_regularization_plus_t_one_oversample,15,4,0,0.5351589918,0.5349817276,0.0001772642136,0.0003312365414
memorization_03_no_regularization_plus_t_one_oversample,15,5,0,0.4896268249,0.4896751046,-4.827976227e-05,-9.860522303e-05
memorization_03_no_regularization_plus_t_one_oversample,15,6,0,0.14457497,0.1445645094,1.046061516e-05,7.235426131e-05
memorization_03_no_regularization_plus_t_one_oversample,15,7,0,0.3782736063,0.3783443868,-7.078051567e-05,-0.000187114603
memorization_03_no_regularization_plus_t_one_oversample,15,8,0,0.4898412824,0.4896481931,0.0001930892467,0.0003941873699
memorization_03_no_regularization_plus_t_one_oversample,15,9,0,0.4061502218,0.4060559869,9.423494339e-05,0.0002320199235
memorization_03_no_regularization_plus_t_one_oversample,15,10,0,0.5204000473,0.5203929543,7.092952728e-06,1.3629808e-05
memorization_03_no_regularization_plus_t_one_oversample,15,11,0,0.4120126069,0.4119880795,2.452731133e-05,5.953048746e-05
memorization_03_no_regularization_plus_t_one_oversample,15,12,0,0.2415925413,0.2420652509,-0.0004727095366,-0.001956639613
memorization_03_no_regularization_plus_t_one_oversample,15,13,0,0.4684722126,0.4686858952,-0.0002136826515,-0.0004561266299
memorization_03_no_regularization_plus_t_one_oversample,15,14,0,0.8903840184,0.8903453946,3.862380981e-05,4.337882196e-05
memorization_03_no_regularization_plus_t_one_oversample,15,15,1,0.5044499636,0.504047215,0.0004027485847,0.0007983915429
memorization_03_no_regularization_plus_t_one_oversample,15,16,0,0.5159143209,0.5160735846,-0.0001592636108,-0.0003087016669
memorization_03_no_regularization_plus_t_one_oversample,15,17,0,0.3367334902,0.3366908133,4.267692566e-05,0.0001267379898
memorization_03_no_regularization_plus_t_one_oversample,15,18,0,0.4172201157,0.4171743393,4.577636719e-05,0.0001097175459
memorization_03_no_regularization_plus_t_one_oversample,15,19,0,0.2668915391,0.266879946,1.159310341e-05,4.343750817e-05
memorization_03_no_regularization_plus_t_one_oversample,15,20,0,0.03643610701,0.03644086421,-4.757195711e-06,-0.0001305626781
memorization_03_no_regularization_plus_t_one_oversample,15,21,0,0.5145412683,0.5144833326,5.793571472e-05,0.0001125968281
memorization_03_no_regularization_plus_t_one_oversample,15,22,0,1.193644285,1.193713903,-6.96182251e-05,-5.832409702e-05
memorization_03_no_regularization_plus_t_one_oversample,15,23,0,0.3453829885,0.3454648852,-8.189678192e-05,-0.0002371187483
memorization_03_no_regularization_plus_t_one_oversample,15,24,0,0.3503594995,0.3503472209,1.227855682e-05,3.504559415e-05
memorization_03_no_regularization_plus_t_one_oversample,15,25,0,0.5269067883,0.5267671347,0.0001396536827,0.0002650443794
memorization_03_no_regularization_plus_t_one_oversample,15,26,0,0.7792749405,0.7789186239,0.0003563165665,0.0004572411455
memorization_03_no_regularization_plus_t_one_oversample,15,27,0,0.4060673416,0.4061097205,-4.237890244e-05,-0.0001043642226
memorization_03_no_regularization_plus_t_one_oversample,15,28,0,0.8241855502,0.824219346,-3.379583359e-05,-4.100512752e-05
memorization_03_no_regularization_plus_t_one_oversample,15,29,0,0.1264764071,0.1265218109,-4.540383816e-05,-0.0003589905755
memorization_03_no_regularization_plus_t_one_oversample,15,30,0,0.4651627243,0.4652387202,-7.599592209e-05,-0.0001633749183
memorization_03_no_regularization_plus_t_one_oversample,15,31,0,0.3135044873,0.3134614527,4.303455353e-05,0.0001372693383
memorization_03_no_regularization_plus_t_one_oversample,15,32,0,0.5690794587,0.5690439939,3.546476364e-05,6.231952867e-05
memorization_03_no_regularization_plus_t_one_oversample,15,33,0,0.5709459782,0.5709475279,-1.549720764e-06,-2.71430367e-06
memorization_03_no_regularization_plus_t_one_oversample,16,0,0,0.7085579634,0.708533287,2.467632294e-05,3.482611757e-05
memorization_03_no_regularization_plus_t_one_oversample,16,1,0,0.3644303679,0.3642982841,0.0001320838928,0.0003624393147
memorization_03_no_regularization_plus_t_one_oversample,16,2,0,0.2775094509,0.277569145,-5.969405174e-05,-0.000215106374
memorization_03_no_regularization_plus_t_one_oversample,16,3,0,0.4938513935,0.4939678311,-0.0001164376736,-0.0002357747191
memorization_03_no_regularization_plus_t_one_oversample,16,4,0,0.5351589918,0.5350062847,0.0001527070999,0.0002853490313
memorization_03_no_regularization_plus_t_one_oversample,16,5,0,0.4896268249,0.4896316826,-4.857778549e-06,-9.921389725e-06
memorization_03_no_regularization_plus_t_one_oversample,16,6,0,0.14457497,0.1445677578,7.212162018e-06,4.988527418e-05
memorization_03_no_regularization_plus_t_one_oversample,16,7,0,0.3782736063,0.3783743083,-0.0001007020473,-0.0002662148394
memorization_03_no_regularization_plus_t_one_oversample,16,8,0,0.4898412824,0.4897601902,8.109211922e-05,0.000165547744
memorization_03_no_regularization_plus_t_one_oversample,16,9,0,0.4061502218,0.4058768451,0.0002733767033,0.0006730925864
memorization_03_no_regularization_plus_t_one_oversample,16,10,0,0.5204000473,0.5203281641,7.18832016e-05,0.0001381306592
memorization_03_no_regularization_plus_t_one_oversample,16,11,0,0.4120126069,0.4119595289,5.307793617e-05,0.0001288260002
memorization_03_no_regularization_plus_t_one_oversample,16,12,0,0.2415925413,0.241716966,-0.000124424696,-0.0005150187803
memorization_03_no_regularization_plus_t_one_oversample,16,13,0,0.4684722126,0.4686233699,-0.0001511573792,-0.0003226602883
memorization_03_no_regularization_plus_t_one_oversample,16,14,0,0.8903840184,0.8903382421,4.577636719e-05,5.141193714e-05
memorization_03_no_regularization_plus_t_one_oversample,16,15,0,0.5044499636,0.5044249892,2.497434616e-05,4.950807407e-05
memorization_03_no_regularization_plus_t_one_oversample,16,16,1,0.5159143209,0.5139014125,0.002012908459,0.003901633231
memorization_03_no_regularization_plus_t_one_oversample,16,17,0,0.3367334902,0.3366708755,6.261467934e-05,0.0001859472881
memorization_03_no_regularization_plus_t_one_oversample,16,18,0,0.4172201157,0.4174294472,-0.0002093315125,-0.0005017291942
memorization_03_no_regularization_plus_t_one_oversample,16,19,0,0.2668915391,0.2669062912,-1.475214958e-05,-5.527394998e-05
memorization_03_no_regularization_plus_t_one_oversample,16,20,0,0.03643610701,0.03645336255,-1.725554466e-05,-0.0004735836531
memorization_03_no_regularization_plus_t_one_oversample,16,21,0,0.5145412683,0.5144883394,5.292892456e-05,0.000102866238
memorization_03_no_regularization_plus_t_one_oversample,16,22,0,1.193644285,1.193846107,-0.0002018213272,-0.0001690799593
memorization_03_no_regularization_plus_t_one_oversample,16,23,0,0.3453829885,0.3454786837,-9.569525719e-05,-0.0002770699785
memorization_03_no_regularization_plus_t_one_oversample,16,24,0,0.3503594995,0.3502654135,9.408593178e-05,0.0002685411183
memorization_03_no_regularization_plus_t_one_oversample,16,25,0,0.5269067883,0.5268225074,8.428096771e-05,0.0001599542264
memorization_03_no_regularization_plus_t_one_oversample,16,26,0,0.7792749405,0.7794262171,-0.0001512765884,-0.0001941247955
memorization_03_no_regularization_plus_t_one_oversample,16,27,0,0.4060673416,0.4060114622,5.587935448e-05,0.000137611053
memorization_03_no_regularization_plus_t_one_oversample,16,28,0,0.8241855502,0.8242376447,-5.209445953e-05,-6.320719833e-05
memorization_03_no_regularization_plus_t_one_oversample,16,29,0,0.1264764071,0.1265328676,-5.646049976e-05,-0.0004464113195
memorization_03_no_regularization_plus_t_one_oversample,16,30,0,0.4651627243,0.4652329385,-7.021427155e-05,-0.0001509456108
memorization_03_no_regularization_plus_t_one_oversample,16,31,0,0.3135044873,0.3136292696,-0.0001247823238,-0.000398024044
memorization_03_no_regularization_plus_t_one_oversample,16,32,0,0.5690794587,0.5690854192,-5.960464478e-06,-1.047387036e-05
memorization_03_no_regularization_plus_t_one_oversample,16,33,0,0.5709459782,0.5708475709,9.840726852e-05,0.0001723582831
memorization_03_no_regularization_plus_t_one_oversample,17,0,0,0.7085579634,0.7084967494,6.121397018e-05,8.639232547e-05
memorization_03_no_regularization_plus_t_one_oversample,17,1,0,0.3644303679,0.3643272519,0.0001031160355,0.0002829512701
memorization_03_no_regularization_plus_t_one_oversample,17,2,0,0.2775094509,0.2774929404,1.65104866e-05,5.949522277e-05
memorization_03_no_regularization_plus_t_one_oversample,17,3,0,0.4938513935,0.4938248396,2.655386925e-05,5.376894669e-05
memorization_03_no_regularization_plus_t_one_oversample,17,4,0,0.5351589918,0.5348345041,0.0003244876862,0.0006063388472
memorization_03_no_regularization_plus_t_one_oversample,17,5,0,0.4896268249,0.4896391034,-1.227855682e-05,-2.507737771e-05
memorization_03_no_regularization_plus_t_one_oversample,17,6,0,0.14457497,0.144535616,3.935396671e-05,0.0002722045643
memorization_03_no_regularization_plus_t_one_oversample,17,7,0,0.3782736063,0.3783624768,-8.887052536e-05,-0.0002349371563
memorization_03_no_regularization_plus_t_one_oversample,17,8,0,0.4898412824,0.4895956516,0.0002456307411,0.0005014496531
memorization_03_no_regularization_plus_t_one_oversample,17,9,0,0.4061502218,0.4061585069,-8.285045624e-06,-2.03989686e-05
memorization_03_no_regularization_plus_t_one_oversample,17,10,0,0.5204000473,0.5204407573,-4.070997238e-05,-7.822822575e-05
memorization_03_no_regularization_plus_t_one_oversample,17,11,0,0.4120126069,0.411966145,4.64618206e-05,0.0001127679586
memorization_03_no_regularization_plus_t_one_oversample,17,12,0,0.2415925413,0.2425437868,-0.0009512454271,-0.003937395674
memorization_03_no_regularization_plus_t_one_oversample,17,13,0,0.4684722126,0.4685488343,-7.662177086e-05,-0.0001635567037
memorization_03_no_regularization_plus_t_one_oversample,17,14,0,0.8903840184,0.8903544545,2.956390381e-05,3.320354274e-05
memorization_03_no_regularization_plus_t_one_oversample,17,15,0,0.5044499636,0.5044258237,2.413988113e-05,4.785386634e-05
memorization_03_no_regularization_plus_t_one_oversample,17,16,0,0.5159143209,0.516063273,-0.0001489520073,-0.0002887146203
memorization_03_no_regularization_plus_t_one_oversample,17,17,1,0.3367334902,0.3362157941,0.0005176961422,0.00153740616
memorization_03_no_regularization_plus_t_one_oversample,17,18,0,0.4172201157,0.4172058105,1.430511475e-05,3.428673309e-05
memorization_03_no_regularization_plus_t_one_oversample,17,19,0,0.2668915391,0.2669228017,-3.126263618e-05,-0.0001171361081
memorization_03_no_regularization_plus_t_one_oversample,17,20,0,0.03643610701,0.0364150852,2.102181315e-05,0.0005769500333
memorization_03_no_regularization_plus_t_one_oversample,17,21,0,0.5145412683,0.5144895315,5.173683167e-05,0.0001005494308
memorization_03_no_regularization_plus_t_one_oversample,17,22,0,1.193644285,1.193770051,-0.0001257658005,-0.0001053628807
memorization_03_no_regularization_plus_t_one_oversample,17,23,0,0.3453829885,0.3454523385,-6.93500042e-05,-0.0002007916039
memorization_03_no_regularization_plus_t_one_oversample,17,24,0,0.3503594995,0.3502339423,0.0001255571842,0.0003583667188
memorization_03_no_regularization_plus_t_one_oversample,17,25,0,0.5269067883,0.5267141461,0.0001926422119,0.0003656096603
memorization_03_no_regularization_plus_t_one_oversample,17,26,0,0.7792749405,0.7793073654,-3.242492676e-05,-4.160909722e-05
memorization_03_no_regularization_plus_t_one_oversample,17,27,0,0.4060673416,0.4061344266,-6.708502769e-05,-0.0001652066562
memorization_03_no_regularization_plus_t_one_oversample,17,28,0,0.8241855502,0.8242000341,-1.448392868e-05,-1.757362608e-05
memorization_03_no_regularization_plus_t_one_oversample,17,29,0,0.1264764071,0.1265440434,-6.763637066e-05,-0.0005347746053
memorization_03_no_regularization_plus_t_one_oversample,17,30,0,0.4651627243,0.4652134776,-5.075335503e-05,-0.000109108818
memorization_03_no_regularization_plus_t_one_oversample,17,31,0,0.3135044873,0.313279748,0.0002247393131,0.0007168615514
memorization_03_no_regularization_plus_t_one_oversample,17,32,0,0.5690794587,0.569067657,1.180171967e-05,2.073826332e-05
memorization_03_no_regularization_plus_t_one_oversample,17,33,0,0.5709459782,0.5712252855,-0.0002793073654,-0.0004892010385
memorization_03_no_regularization_plus_t_one_oversample,18,0,0,0.7085579634,0.708480835,7.712841034e-05,0.0001088526477
memorization_03_no_regularization_plus_t_one_oversample,18,1,0,0.3644303679,0.3643864989,4.386901855e-05,0.0001203769565
memorization_03_no_regularization_plus_t_one_oversample,18,2,0,0.2775094509,0.2773470283,0.000162422657,0.0005852869388
memorization_03_no_regularization_plus_t_one_oversample,18,3,0,0.4938513935,0.4937651157,8.627772331e-05,0.0001747038167
memorization_03_no_regularization_plus_t_one_oversample,18,4,0,0.5351589918,0.5349544287,0.0002045631409,0.0003822474143
memorization_03_no_regularization_plus_t_one_oversample,18,5,0,0.4896268249,0.4896464944,-1.966953278e-05,-4.017249827e-05
memorization_03_no_regularization_plus_t_one_oversample,18,6,0,0.14457497,0.1445772797,-2.309679985e-06,-1.597565599e-05
memorization_03_no_regularization_plus_t_one_oversample,18,7,0,0.3782736063,0.3782876134,-1.400709152e-05,-3.702899512e-05
memorization_03_no_regularization_plus_t_one_oversample,18,8,0,0.4898412824,0.4896735847,0.0001676976681,0.0003423510311
memorization_03_no_regularization_plus_t_one_oversample,18,9,0,0.4061502218,0.4061801732,-2.9951334e-05,-7.374447283e-05
memorization_03_no_regularization_plus_t_one_oversample,18,10,0,0.5204000473,0.5203772783,2.27689743e-05,4.375282904e-05
memorization_03_no_regularization_plus_t_one_oversample,18,11,0,0.4120126069,0.4119798839,3.272294998e-05,7.942220562e-05
memorization_03_no_regularization_plus_t_one_oversample,18,12,0,0.2415925413,0.2418893129,-0.0002967715263,-0.00122839689
memorization_03_no_regularization_plus_t_one_oversample,18,13,0,0.4684722126,0.4685819149,-0.0001097023487,-0.0002341704498
memorization_03_no_regularization_plus_t_one_oversample,18,14,0,0.8903840184,0.8903367519,4.726648331e-05,5.30855028e-05
memorization_03_no_regularization_plus_t_one_oversample,18,15,0,0.5044499636,0.5043819547,6.800889969e-05,0.0001348179296
memorization_03_no_regularization_plus_t_one_oversample,18,16,0,0.5159143209,0.5163196325,-0.0004053115845,-0.0007856180145
memorization_03_no_regularization_plus_t_one_oversample,18,17,0,0.3367334902,0.3366458714,8.761882782e-05,0.0002602022976
memorization_03_no_regularization_plus_t_one_oversample,18,18,1,0.4172201157,0.4162985981,0.0009215176105,0.002208708487
memorization_03_no_regularization_plus_t_one_oversample,18,19,0,0.2668915391,0.2669117749,-2.02357769e-05,-7.582022634e-05
memorization_03_no_regularization_plus_t_one_oversample,18,20,0,0.03643610701,0.03645371646,-1.760944724e-05,-0.0004832966166
memorization_03_no_regularization_plus_t_one_oversample,18,21,0,0.5145412683,0.5143754482,0.0001658201218,0.0003222678762
memorization_03_no_regularization_plus_t_one_oversample,18,22,0,1.193644285,1.193814278,-0.0001699924469,-0.0001424146616
memorization_03_no_regularization_plus_t_one_oversample,18,23,0,0.3453829885,0.3454395235,-5.653500557e-05,-0.0001636878696
memorization_03_no_regularization_plus_t_one_oversample,18,24,0,0.3503594995,0.3502920866,6.741285324e-05,0.0001924105193
memorization_03_no_regularization_plus_t_one_oversample,18,25,0,0.5269067883,0.5267158747,0.0001909136772,0.0003623291281
memorization_03_no_regularization_plus_t_one_oversample,18,26,0,0.7792749405,0.7791281343,0.0001468062401,0.0001883882471
memorization_03_no_regularization_plus_t_one_oversample,18,27,0,0.4060673416,0.4061407745,-7.343292236e-05,-0.0001808392718
memorization_03_no_regularization_plus_t_one_oversample,18,28,0,0.8241855502,0.8242227435,-3.719329834e-05,-4.512733611e-05
memorization_03_no_regularization_plus_t_one_oversample,18,29,0,0.1264764071,0.1265334934,-5.708634853e-05,-0.0004513596636
memorization_03_no_regularization_plus_t_one_oversample,18,30,0,0.4651627243,0.4652070999,-4.437565804e-05,-9.539813859e-05
memorization_03_no_regularization_plus_t_one_oversample,18,31,0,0.3135044873,0.313221097,0.0002833902836,0.0009039433089
memorization_03_no_regularization_plus_t_one_oversample,18,32,0,0.5690794587,0.5689789653,0.0001004934311,0.0001765894543
memorization_03_no_regularization_plus_t_one_oversample,18,33,0,0.5709459782,0.5711587071,-0.0002127289772,-0.0003725903769
memorization_03_no_regularization_plus_t_one_oversample,19,0,0,0.7085579634,0.7085015774,5.638599396e-05,7.957851986e-05
memorization_03_no_regularization_plus_t_one_oversample,19,1,0,0.3644303679,0.3643445969,8.577108383e-05,0.0002353565767
memorization_03_no_regularization_plus_t_one_oversample,19,2,0,0.2775094509,0.2774926424,1.680850983e-05,6.056914376e-05
memorization_03_no_regularization_plus_t_one_oversample,19,3,0,0.4938513935,0.4938662946,-1.490116119e-05,-3.017337076e-05
memorization_03_no_regularization_plus_t_one_oversample,19,4,0,0.5351589918,0.535020113,0.0001388788223,0.0002595094625
memorization_03_no_regularization_plus_t_one_oversample,19,5,0,0.4896268249,0.4896419644,-1.513957977e-05,-3.092065019e-05
memorization_03_no_regularization_plus_t_one_oversample,19,6,0,0.14457497,0.1445703506,4.61935997e-06,3.195131197e-05
memorization_03_no_regularization_plus_t_one_oversample,19,7,0,0.3782736063,0.3783925176,-0.0001189112663,-0.0003143525331
memorization_03_no_regularization_plus_t_one_oversample,19,8,0,0.4898412824,0.4896841943,0.0001570880413,0.0003206917158
memorization_03_no_regularization_plus_t_one_oversample,19,9,0,0.4061502218,0.4061796963,-2.947449684e-05,-7.257043147e-05
memorization_03_no_regularization_plus_t_one_oversample,19,10,0,0.5204000473,0.5204026699,-2.62260437e-06,-5.039592874e-06
memorization_03_no_regularization_plus_t_one_oversample,19,11,0,0.4120126069,0.4120112062,1.400709152e-06,3.399675468e-06
memorization_03_no_regularization_plus_t_one_oversample,19,12,0,0.2415925413,0.2423448414,-0.000752300024,-0.003113920736
memorization_03_no_regularization_plus_t_one_oversample,19,13,0,0.4684722126,0.4685874581,-0.0001152455807,-0.0002460030234
memorization_03_no_regularization_plus_t_one_oversample,19,14,0,0.8903840184,0.8903439045,4.011392593e-05,4.505238763e-05
memorization_03_no_regularization_plus_t_one_oversample,19,15,0,0.5044499636,0.5043756962,7.426738739e-05,0.0001472244876
memorization_03_no_regularization_plus_t_one_oversample,19,16,0,0.5159143209,0.5160297155,-0.0001153945923,-0.00022367007
memorization_03_no_regularization_plus_t_one_oversample,19,17,0,0.3367334902,0.3366886675,4.482269287e-05,0.000133110291
memorization_03_no_regularization_plus_t_one_oversample,19,18,0,0.4172201157,0.4172180593,2.056360245e-06,4.928717882e-06
memorization_03_no_regularization_plus_t_one_oversample,19,19,1,0.2668915391,0.2665732801,0.0003182590008,0.00119246568
memorization_03_no_regularization_plus_t_one_oversample,19,20,0,0.03643610701,0.03642125428,1.485273242e-05,0.0004076377429
memorization_03_no_regularization_plus_t_one_oversample,19,21,0,0.5145412683,0.5145032406,3.802776337e-05,7.390614846e-05
memorization_03_no_regularization_plus_t_one_oversample,19,22,0,1.193644285,1.193733454,-8.916854858e-05,-7.47027818e-05
memorization_03_no_regularization_plus_t_one_oversample,19,23,0,0.3453829885,0.3454281092,-4.512071609e-05,-0.0001306396598
memorization_03_no_regularization_plus_t_one_oversample,19,24,0,0.3503594995,0.3502831459,7.635354996e-05,0.0002179291558
memorization_03_no_regularization_plus_t_one_oversample,19,25,0,0.5269067883,0.5267886519,0.0001181364059,0.0002242074093
memorization_03_no_regularization_plus_t_one_oversample,19,26,0,0.7792749405,0.7791710496,0.0001038908958,0.0001333173832
memorization_03_no_regularization_plus_t_one_oversample,19,27,0,0.4060673416,0.4060875475,-2.020597458e-05,-4.976015678e-05
memorization_03_no_regularization_plus_t_one_oversample,19,28,0,0.8241855502,0.8242330551,-4.750490189e-05,-5.763860077e-05
memorization_03_no_regularization_plus_t_one_oversample,19,29,0,0.1264764071,0.126522392,-4.598498344e-05,-0.0003635854664
memorization_03_no_regularization_plus_t_one_oversample,19,30,0,0.4651627243,0.4652225077,-5.978345871e-05,-0.0001285216024
memorization_03_no_regularization_plus_t_one_oversample,19,31,0,0.3135044873,0.3134614825,4.300475121e-05,0.0001371742764
memorization_03_no_regularization_plus_t_one_oversample,19,32,0,0.5690794587,0.5690742135,5.24520874e-06,9.217005921e-06
memorization_03_no_regularization_plus_t_one_oversample,19,33,0,0.5709459782,0.5710048079,-5.882978439e-05,-0.0001030391432
memorization_03_no_regularization_plus_t_one_oversample,20,0,0,0.7085579634,0.7085134983,4.4465065e-05,6.275430847e-05
memorization_03_no_regularization_plus_t_one_oversample,20,1,0,0.3644303679,0.3643446565,8.571147919e-05,0.000235193021
memorization_03_no_regularization_plus_t_one_oversample,20,2,0,0.2775094509,0.2774977982,1.165270805e-05,4.199031066e-05
memorization_03_no_regularization_plus_t_one_oversample,20,3,0,0.4938513935,0.4938451648,6.228685379e-06,1.261246898e-05
memorization_03_no_regularization_plus_t_one_oversample,20,4,0,0.5351589918,0.5349764228,0.0001825690269,0.0003411491346
memorization_03_no_regularization_plus_t_one_oversample,20,5,0,0.4896268249,0.4896373153,-1.049041748e-05,-2.142533241e-05
memorization_03_no_regularization_plus_t_one_oversample,20,6,0,0.14457497,0.144575581,-6.109476089e-07,-4.22581868e-06
memorization_03_no_regularization_plus_t_one_oversample,20,7,0,0.3782736063,0.3783698082,-9.620189667e-05,-0.0002543182899
memorization_03_no_regularization_plus_t_one_oversample,20,8,0,0.4898412824,0.4896290302,0.00021225214,0.0004333079871
memorization_03_no_regularization_plus_t_one_oversample,20,9,0,0.4061502218,0.406144172,6.049871445e-06,1.489564974e-05
memorization_03_no_regularization_plus_t_one_oversample,20,10,0,0.5204000473,0.5204153061,-1.525878906e-05,-2.932126763e-05
memorization_03_no_regularization_plus_t_one_oversample,20,11,0,0.4120126069,0.4120147526,-2.145767212e-06,-5.208013484e-06
memorization_03_no_regularization_plus_t_one_oversample,20,12,0,0.2415925413,0.2423034161,-0.0007108747959,-0.002942453405
memorization_03_no_regularization_plus_t_one_oversample,20,13,0,0.4684722126,0.468590349,-0.0001181364059,-0.0002521737742
memorization_03_no_regularization_plus_t_one_oversample,20,14,0,0.8903840184,0.8903739452,1.007318497e-05,1.131330388e-05
memorization_03_no_regularization_plus_t_one_oversample,20,15,0,0.5044499636,0.5044032335,4.67300415e-05,9.263563263e-05
memorization_03_no_regularization_plus_t_one_oversample,20,16,0,0.5159143209,0.5160719156,-0.0001575946808,-0.0003054667692
memorization_03_no_regularization_plus_t_one_oversample,20,17,0,0.3367334902,0.3366338909,9.959936142e-05,0.0002957809791
memorization_03_no_regularization_plus_t_one_oversample,20,18,0,0.4172201157,0.4172116816,8.434057236e-06,2.021488639e-05
memorization_03_no_regularization_plus_t_one_oversample,20,19,0,0.2668915391,0.2668872178,4.321336746e-06,1.619135908e-05
memorization_03_no_regularization_plus_t_one_oversample,20,20,1,0.03643610701,0.03632140532,0.0001147016883,0.003148022599
memorization_03_no_regularization_plus_t_one_oversample,20,21,0,0.5145412683,0.5145351291,6.139278412e-06,1.193155688e-05
memorization_03_no_regularization_plus_t_one_oversample,20,22,0,1.193644285,1.193779707,-0.0001354217529,-0.0001134523531
memorization_03_no_regularization_plus_t_one_oversample,20,23,0,0.3453829885,0.3454328775,-4.988908768e-05,-0.0001444457004
memorization_03_no_regularization_plus_t_one_oversample,20,24,0,0.3503594995,0.3502500057,0.0001094937325,0.0003125182352
memorization_03_no_regularization_plus_t_one_oversample,20,25,0,0.5269067883,0.5267353654,0.0001714229584,0.0003253382992
memorization_03_no_regularization_plus_t_one_oversample,20,26,0,0.7792749405,0.7792155743,5.93662262e-05,7.618136182e-05
memorization_03_no_regularization_plus_t_one_oversample,20,27,0,0.4060673416,0.4061099291,-4.258751869e-05,-0.0001048779706
memorization_03_no_regularization_plus_t_one_oversample,20,28,0,0.8241855502,0.8242346048,-4.905462265e-05,-5.951890644e-05
memorization_03_no_regularization_plus_t_one_oversample,20,29,0,0.1264764071,0.1265534312,-7.702410221e-05,-0.0006089997653
memorization_03_no_regularization_plus_t_one_oversample,20,30,0,0.4651627243,0.465223223,-6.049871445e-05,-0.0001300592487
memorization_03_no_regularization_plus_t_one_oversample,20,31,0,0.3135044873,0.3133961558,0.0001083314419,0.0003455498925
memorization_03_no_regularization_plus_t_one_oversample,20,32,0,0.5690794587,0.56905514,2.431869507e-05,4.273339109e-05
memorization_03_no_regularization_plus_t_one_oversample,20,33,0,0.5709459782,0.5711014867,-0.0001555085182,-0.0002723699337
memorization_03_no_regularization_plus_t_one_oversample,21,0,0,0.7085579634,0.7084877491,7.021427155e-05,9.909460506e-05
memorization_03_no_regularization_plus_t_one_oversample,21,1,0,0.3644303679,0.3643293083,0.0001010596752,0.0002773086002
memorization_03_no_regularization_plus_t_one_oversample,21,2,0,0.2775094509,0.2773527801,0.0001566708088,0.0005645602637
memorization_03_no_regularization_plus_t_one_oversample,21,3,0,0.4938513935,0.4936995506,0.0001518428326,0.000307466648
memorization_03_no_regularization_plus_t_one_oversample,21,4,0,0.5351589918,0.534827888,0.0003311038017,0.0006187017443
memorization_03_no_regularization_plus_t_one_oversample,21,5,0,0.4896268249,0.4896191061,7.718801498e-06,1.57646622e-05
memorization_03_no_regularization_plus_t_one_oversample,21,6,0,0.14457497,0.144560039,1.493096352e-05,0.0001032748858
memorization_03_no_regularization_plus_t_one_oversample,21,7,0,0.3782736063,0.3783142567,-4.065036774e-05,-0.0001074628709
memorization_03_no_regularization_plus_t_one_oversample,21,8,0,0.4898412824,0.4896685183,0.0001727640629,0.0003526939625
memorization_03_no_regularization_plus_t_one_oversample,21,9,0,0.4061502218,0.4063876569,-0.0002374351025,-0.000584599219
memorization_03_no_regularization_plus_t_one_oversample,21,10,0,0.5204000473,0.5203725696,2.747774124e-05,5.280118898e-05
memorization_03_no_regularization_plus_t_one_oversample,21,11,0,0.4120126069,0.4119586051,5.400180817e-05,0.0001310683393
memorization_03_no_regularization_plus_t_one_oversample,21,12,0,0.2415925413,0.2425431907,-0.0009506493807,-0.003934928518
memorization_03_no_regularization_plus_t_one_oversample,21,13,0,0.4684722126,0.4686237872,-0.0001515746117,-0.0003235509121
memorization_03_no_regularization_plus_t_one_oversample,21,14,0,0.8903840184,0.8903126717,7.13467598e-05,8.013032391e-05
memorization_03_no_regularization_plus_t_one_oversample,21,15,0,0.5044499636,0.5043933988,5.656480789e-05,0.0001121316522
memorization_03_no_regularization_plus_t_one_oversample,21,16,0,0.5159143209,0.5159752965,-6.097555161e-05,-0.0001181892984
memorization_03_no_regularization_plus_t_one_oversample,21,17,0,0.3367334902,0.3366314769,0.0001020133495,0.0003029498179
memorization_03_no_regularization_plus_t_one_oversample,21,18,0,0.4172201157,0.4171068072,0.0001133084297,0.0002715794984
memorization_03_no_regularization_plus_t_one_oversample,21,19,0,0.2668915391,0.2668963373,-4.798173904e-06,-1.797799181e-05
memorization_03_no_regularization_plus_t_one_oversample,21,20,0,0.03643610701,0.03646648675,-3.037974238e-05,-0.0008337812373
memorization_03_no_regularization_plus_t_one_oversample,21,21,1,0.5145412683,0.5134915113,0.001049757004,0.002040180387
memorization_03_no_regularization_plus_t_one_oversample,21,22,0,1.193644285,1.193744063,-9.977817535e-05,-8.359121439e-05
memorization_03_no_regularization_plus_t_one_oversample,21,23,0,0.3453829885,0.345380038,2.950429916e-06,8.542487659e-06
memorization_03_no_regularization_plus_t_one_oversample,21,24,0,0.3503594995,0.3502367735,0.0001227259636,0.0003502858172
memorization_03_no_regularization_plus_t_one_oversample,21,25,0,0.5269067883,0.5267272592,0.0001795291901,0.0003407228641
memorization_03_no_regularization_plus_t_one_oversample,21,26,0,0.7792749405,0.7795530558,-0.0002781152725,-0.0003568897934
memorization_03_no_regularization_plus_t_one_oversample,21,27,0,0.4060673416,0.4060761929,-8.851289749e-06,-2.17975908e-05
memorization_03_no_regularization_plus_t_one_oversample,21,28,0,0.8241855502,0.8242608905,-7.5340271e-05,-9.14117834e-05
memorization_03_no_regularization_plus_t_one_oversample,21,29,0,0.1264764071,0.126487568,-1.116096973e-05,-8.824546802e-05
memorization_03_no_regularization_plus_t_one_oversample,21,30,0,0.4651627243,0.465182662,-1.993775368e-05,-4.286189034e-05
memorization_03_no_regularization_plus_t_one_oversample,21,31,0,0.3135044873,0.3133944869,0.0001100003719,0.0003508733572
memorization_03_no_regularization_plus_t_one_oversample,21,32,0,0.5690794587,0.5690051913,7.426738739e-05,0.0001305044247
memorization_03_no_regularization_plus_t_one_oversample,21,33,0,0.5709459782,0.5710645318,-0.0001185536385,-0.0002076442308
memorization_03_no_regularization_plus_t_one_oversample,22,0,0,0.7085579634,0.7084886432,6.932020187e-05,9.783278921e-05
memorization_03_no_regularization_plus_t_one_oversample,22,1,0,0.3644303679,0.3643218577,0.0001085102558,0.0002977530562
memorization_03_no_regularization_plus_t_one_oversample,22,2,0,0.2775094509,0.2774602473,4.920363426e-05,0.0001773043552
memorization_03_no_regularization_plus_t_one_oversample,22,3,0,0.4938513935,0.4938389957,1.239776611e-05,2.510424447e-05
memorization_03_no_regularization_plus_t_one_oversample,22,4,0,0.5351589918,0.5349565148,0.0002024769783,0.0003783492035
memorization_03_no_regularization_plus_t_one_oversample,22,5,0,0.4896268249,0.4896183908,8.434057236e-06,1.722548032e-05
memorization_03_no_regularization_plus_t_one_oversample,22,6,0,0.14457497,0.1445652395,9.73045826e-06,6.730389264e-05
memorization_03_no_regularization_plus_t_one_oversample,22,7,0,0.3782736063,0.3783692122,-9.560585022e-05,-0.000252742588
memorization_03_no_regularization_plus_t_one_oversample,22,8,0,0.4898412824,0.4897462726,9.500980377e-05,0.0001939603851
memorization_03_no_regularization_plus_t_one_oversample,22,9,0,0.4061502218,0.406458348,-0.0003081262112,-0.0007586508504
memorization_03_no_regularization_plus_t_one_oversample,22,10,0,0.5204000473,0.5205196738,-0.0001196265221,-0.0002298741568
memorization_03_no_regularization_plus_t_one_oversample,22,11,0,0.4120126069,0.4120014012,1.120567322e-05,2.719740375e-05
memorization_03_no_regularization_plus_t_one_oversample,22,12,0,0.2415925413,0.2426584661,-0.001065924764,-0.004412076456
memorization_03_no_regularization_plus_t_one_oversample,22,13,0,0.4684722126,0.4686069191,-0.0001347064972,-0.0002875442632
memorization_03_no_regularization_plus_t_one_oversample,22,14,0,0.8903840184,0.8903144002,6.96182251e-05,7.818898774e-05
memorization_03_no_regularization_plus_t_one_oversample,22,15,0,0.5044499636,0.5043516755,9.828805923e-05,0.0001948420385
memorization_03_no_regularization_plus_t_one_oversample,22,16,0,0.5159143209,0.5161160827,-0.0002017617226,-0.0003910760263
memorization_03_no_regularization_plus_t_one_oversample,22,17,0,0.3367334902,0.3366697729,6.371736526e-05,0.0001892219429
memorization_03_no_regularization_plus_t_one_oversample,22,18,0,0.4172201157,0.417244792,-2.467632294e-05,-5.914461458e-05
memorization_03_no_regularization_plus_t_one_oversample,22,19,0,0.2668915391,0.2668615878,2.9951334e-05,0.0001122228681
memorization_03_no_regularization_plus_t_one_oversample,22,20,0,0.03643610701,0.03645423055,-1.81235373e-05,-0.0004974059742
memorization_03_no_regularization_plus_t_one_oversample,22,21,0,0.5145412683,0.5144894719,5.179643631e-05,0.0001006652712
memorization_03_no_regularization_plus_t_one_oversample,22,22,1,1.193644285,1.193109751,0.0005345344543,0.0004478172107
memorization_03_no_regularization_plus_t_one_oversample,22,23,0,0.3453829885,0.3453146517,6.833672523e-05,0.0001978578202
memorization_03_no_regularization_plus_t_one_oversample,22,24,0,0.3503594995,0.3502936959,6.580352783e-05,0.0001878171648
memorization_03_no_regularization_plus_t_one_oversample,22,25,0,0.5269067883,0.5267875791,0.0001192092896,0.0002262436017
memorization_03_no_regularization_plus_t_one_oversample,22,26,0,0.7792749405,0.7793358564,-6.091594696e-05,-7.81700319e-05
memorization_03_no_regularization_plus_t_one_oversample,22,27,0,0.4060673416,0.4060783088,-1.096725464e-05,-2.700846268e-05
memorization_03_no_regularization_plus_t_one_oversample,22,28,0,0.8241855502,0.8242347836,-4.923343658e-05,-5.973586478e-05
memorization_03_no_regularization_plus_t_one_oversample,22,29,0,0.1264764071,0.1265044957,-2.808868885e-05,-0.0002220863915
memorization_03_no_regularization_plus_t_one_oversample,22,30,0,0.4651627243,0.4652093947,-4.667043686e-05,-0.0001003314204
memorization_03_no_regularization_plus_t_one_oversample,22,31,0,0.3135044873,0.3135290146,-2.452731133e-05,-7.823591789e-05
memorization_03_no_regularization_plus_t_one_oversample,22,32,0,0.5690794587,0.5690708756,8.583068848e-06,1.508237332e-05
memorization_03_no_regularization_plus_t_one_oversample,22,33,0,0.5709459782,0.5710260272,-8.004903793e-05,-0.0001402042242
memorization_03_no_regularization_plus_t_one_oversample,23,0,0,0.7085579634,0.7085437775,1.418590546e-05,2.002081155e-05
memorization_03_no_regularization_plus_t_one_oversample,23,1,0,0.3644303679,0.3643290102,0.0001013576984,0.0002781263785
memorization_03_no_regularization_plus_t_one_oversample,23,2,0,0.2775094509,0.2774799168,2.953410149e-05,0.00010642557
memorization_03_no_regularization_plus_t_one_oversample,23,3,0,0.4938513935,0.493798852,5.254149437e-05,0.0001063913053
memorization_03_no_regularization_plus_t_one_oversample,23,4,0,0.5351589918,0.535004437,0.0001545548439,0.0002888017323
memorization_03_no_regularization_plus_t_one_oversample,23,5,0,0.4896268249,0.4896603525,-3.352761269e-05,-6.847584933e-05
memorization_03_no_regularization_plus_t_one_oversample,23,6,0,0.14457497,0.1445746273,3.427267075e-07,2.370581211e-06
memorization_03_no_regularization_plus_t_one_oversample,23,7,0,0.3782736063,0.3783480823,-7.447600365e-05,-0.0001968839549
memorization_03_no_regularization_plus_t_one_oversample,23,8,0,0.4898412824,0.4897294343,0.0001118481159,0.000228335422
memorization_03_no_regularization_plus_t_one_oversample,23,9,0,0.4061502218,0.4076652229,-0.001515001059,-0.003730149529
memorization_03_no_regularization_plus_t_one_oversample,23,10,0,0.5204000473,0.5204856396,-8.55922699e-05,-0.0001644739856
memorization_03_no_regularization_plus_t_one_oversample,23,11,0,0.4120126069,0.411991477,2.112984657e-05,5.128446611e-05
memorization_03_no_regularization_plus_t_one_oversample,23,12,0,0.2415925413,0.2421727329,-0.0005801916122,-0.002401529489
memorization_03_no_regularization_plus_t_one_oversample,23,13,0,0.4684722126,0.4684823453,-1.013278961e-05,-2.162943573e-05
memorization_03_no_regularization_plus_t_one_oversample,23,14,0,0.8903840184,0.8903450966,3.892183304e-05,4.37135351e-05
memorization_03_no_regularization_plus_t_one_oversample,23,15,0,0.5044499636,0.5044278502,2.211332321e-05,4.383650473e-05
memorization_03_no_regularization_plus_t_one_oversample,23,16,0,0.5159143209,0.5160999298,-0.0001856088638,-0.0003597668378
memorization_03_no_regularization_plus_t_one_oversample,23,17,0,0.3367334902,0.3366717994,6.169080734e-05,0.0001832036585
memorization_03_no_regularization_plus_t_one_oversample,23,18,0,0.4172201157,0.417209357,1.075863838e-05,2.578648051e-05
memorization_03_no_regularization_plus_t_one_oversample,23,19,0,0.2668915391,0.266908139,-1.659989357e-05,-6.219715179e-05
memorization_03_no_regularization_plus_t_one_oversample,23,20,0,0.03643610701,0.03644753247,-1.142546535e-05,-0.0003135753593
memorization_03_no_regularization_plus_t_one_oversample,23,21,0,0.5145412683,0.5144979358,4.333257675e-05,8.421594033e-05
memorization_03_no_regularization_plus_t_one_oversample,23,22,0,1.193644285,1.19368279,-3.850460052e-05,-3.225801941e-05
memorization_03_no_regularization_plus_t_one_oversample,23,23,1,0.3453829885,0.3448485434,0.0005344450474,0.001547398295
memorization_03_no_regularization_plus_t_one_oversample,23,24,0,0.3503594995,0.3502767682,8.273124695e-05,0.0002361324499
memorization_03_no_regularization_plus_t_one_oversample,23,25,0,0.5269067883,0.5267740488,0.0001327395439,0.0002519222505
memorization_03_no_regularization_plus_t_one_oversample,23,26,0,0.7792749405,0.7796466351,-0.0003716945648,-0.0004769748718
memorization_03_no_regularization_plus_t_one_oversample,23,27,0,0.4060673416,0.4060513079,1.603364944e-05,3.948519815e-05
memorization_03_no_regularization_plus_t_one_oversample,23,28,0,0.8241855502,0.8243658543,-0.0001803040504,-0.0002187663329
memorization_03_no_regularization_plus_t_one_oversample,23,29,0,0.1264764071,0.1265376508,-6.124377251e-05,-0.0004842308058
memorization_03_no_regularization_plus_t_one_oversample,23,30,0,0.4651627243,0.4652125835,-4.985928535e-05,-0.0001071867601
memorization_03_no_regularization_plus_t_one_oversample,23,31,0,0.3135044873,0.3136232197,-0.0001187324524,-0.0003787264847
memorization_03_no_regularization_plus_t_one_oversample,23,32,0,0.5690794587,0.569073379,6.079673767e-06,1.068334777e-05
memorization_03_no_regularization_plus_t_one_oversample,23,33,0,0.5709459782,0.5709863305,-4.035234451e-05,-7.067629173e-05
memorization_03_no_regularization_plus_t_one_oversample,24,0,0,0.7085579634,0.7084953785,6.258487701e-05,8.832710978e-05
memorization_03_no_regularization_plus_t_one_oversample,24,1,0,0.3644303679,0.3643275499,0.0001028180122,0.0002821334918
memorization_03_no_regularization_plus_t_one_oversample,24,2,0,0.2775094509,0.2774971724,1.227855682e-05,4.424554473e-05
memorization_03_no_regularization_plus_t_one_oversample,24,3,0,0.4938513935,0.4938033819,4.801154137e-05,9.721860058e-05
memorization_03_no_regularization_plus_t_one_oversample,24,4,0,0.5351589918,0.5349804759,0.0001785159111,0.0003335754679
memorization_03_no_regularization_plus_t_one_oversample,24,5,0,0.4896268249,0.489636749,-9.924173355e-06,-2.02688514e-05
memorization_03_no_regularization_plus_t_one_oversample,24,6,0,0.14457497,0.1445476115,2.735853195e-05,0.0001892342219
memorization_03_no_regularization_plus_t_one_oversample,24,7,0,0.3782736063,0.3783628941,-8.928775787e-05,-0.0002360401476
memorization_03_no_regularization_plus_t_one_oversample,24,8,0,0.4898412824,0.4896577299,0.0001835525036,0.0003747183224
memorization_03_no_regularization_plus_t_one_oversample,24,9,0,0.4061502218,0.4061933458,-4.312396049e-05,-0.0001061773654
memorization_03_no_regularization_plus_t_one_oversample,24,10,0,0.5204000473,0.5204597116,-5.966424942e-05,-0.0001146507379
memorization_03_no_regularization_plus_t_one_oversample,24,11,0,0.4120126069,0.4119945168,1.809000969e-05,4.390644701e-05
memorization_03_no_regularization_plus_t_one_oversample,24,12,0,0.2415925413,0.2424405664,-0.0008480250835,-0.003510145962
memorization_03_no_regularization_plus_t_one_oversample,24,13,0,0.4684722126,0.4686164558,-0.0001442432404,-0.0003079013792
memorization_03_no_regularization_plus_t_one_oversample,24,14,0,0.8903840184,0.8903558254,2.819299698e-05,3.166386233e-05
memorization_03_no_regularization_plus_t_one_oversample,24,15,0,0.5044499636,0.5044572353,-7.271766663e-06,-1.441523875e-05
memorization_03_no_regularization_plus_t_one_oversample,24,16,0,0.5159143209,0.5160449743,-0.0001306533813,-0.0002532462776
memorization_03_no_regularization_plus_t_one_oversample,24,17,0,0.3367334902,0.3366331458,0.0001003444195,0.0002979935836
memorization_03_no_regularization_plus_t_one_oversample,24,18,0,0.4172201157,0.4172144532,5.662441254e-06,1.357183185e-05
memorization_03_no_regularization_plus_t_one_oversample,24,19,0,0.2668915391,0.2669071555,-1.561641693e-05,-5.85122218e-05
memorization_03_no_regularization_plus_t_one_oversample,24,20,0,0.03643610701,0.03642217442,1.393258572e-05,0.0003823840377
memorization_03_no_regularization_plus_t_one_oversample,24,21,0,0.5145412683,0.5144623518,7.891654968e-05,0.0001533726341
memorization_03_no_regularization_plus_t_one_oversample,24,22,0,1.193644285,1.193767548,-0.0001232624054,-0.0001032656101
memorization_03_no_regularization_plus_t_one_oversample,24,23,0,0.3453829885,0.3454181254,-3.51369381e-05,-0.0001017332621
memorization_03_no_regularization_plus_t_one_oversample,24,24,1,0.3503594995,0.3494036496,0.0009558498859,0.00272819743
memorization_03_no_regularization_plus_t_one_oversample,24,25,0,0.5269067883,0.5267843008,0.000122487545,0.0002324653007
memorization_03_no_regularization_plus_t_one_oversample,24,26,0,0.7792749405,0.7793868184,-0.0001118779182,-0.0001435666829
memorization_03_no_regularization_plus_t_one_oversample,24,27,0,0.4060673416,0.4061035812,-3.623962402e-05,-8.924535493e-05
memorization_03_no_regularization_plus_t_one_oversample,24,28,0,0.8241855502,0.8242399096,-5.435943604e-05,-6.595533739e-05
memorization_03_no_regularization_plus_t_one_oversample,24,29,0,0.1264764071,0.1265438795,-6.747245789e-05,-0.0005334786104
memorization_03_no_regularization_plus_t_one_oversample,24,30,0,0.4651627243,0.4652032852,-4.056096077e-05,-8.719735837e-05
memorization_03_no_regularization_plus_t_one_oversample,24,31,0,0.3135044873,0.3133955896,0.000108897686,0.000347356068
memorization_03_no_regularization_plus_t_one_oversample,24,32,0,0.5690794587,0.5690829754,-3.516674042e-06,-6.179583515e-06
memorization_03_no_regularization_plus_t_one_oversample,24,33,0,0.5709459782,0.5710962415,-0.0001502633095,-0.0002631830597
memorization_03_no_regularization_plus_t_one_oversample,25,0,0,0.7085579634,0.7085127234,4.523992538e-05,6.384788221e-05
memorization_03_no_regularization_plus_t_one_oversample,25,1,0,0.3644303679,0.3643541038,7.626414299e-05,0.0002092694509
memorization_03_no_regularization_plus_t_one_oversample,25,2,0,0.2775094509,0.2774496377,5.981326103e-05,0.0002155359424
memorization_03_no_regularization_plus_t_one_oversample,25,3,0,0.4938513935,0.4938415289,9.86456871e-06,1.997477144e-05
memorization_03_no_regularization_plus_t_one_oversample,25,4,0,0.5351589918,0.5348525643,0.0003064274788,0.0005725914793
memorization_03_no_regularization_plus_t_one_oversample,25,5,0,0.4896268249,0.4896508157,-2.399086952e-05,-4.899827441e-05
memorization_03_no_regularization_plus_t_one_oversample,25,6,0,0.14457497,0.1445595324,1.5437603e-05,0.0001067792232
memorization_03_no_regularization_plus_t_one_oversample,25,7,0,0.3782736063,0.3783403337,-6.672739983e-05,-0.00017639983
memorization_03_no_regularization_plus_t_one_oversample,25,8,0,0.4898412824,0.4896107614,0.0002305209637,0.0004706033811
memorization_03_no_regularization_plus_t_one_oversample,25,9,0,0.4061502218,0.4061723948,-2.217292786e-05,-5.459292317e-05
memorization_03_no_regularization_plus_t_one_oversample,25,10,0,0.5204000473,0.5204259157,-2.586841583e-05,-4.970871153e-05
memorization_03_no_regularization_plus_t_one_oversample,25,11,0,0.4120126069,0.4119878113,2.479553223e-05,6.018148914e-05
memorization_03_no_regularization_plus_t_one_oversample,25,12,0,0.2415925413,0.2423545271,-0.0007619857788,-0.003154012018
memorization_03_no_regularization_plus_t_one_oversample,25,13,0,0.4684722126,0.4685988128,-0.0001266002655,-0.0002702407146
memorization_03_no_regularization_plus_t_one_oversample,25,14,0,0.8903840184,0.8903700113,1.400709152e-05,1.573151722e-05
memorization_03_no_regularization_plus_t_one_oversample,25,15,0,0.5044499636,0.5044118762,3.808736801e-05,7.55027669e-05
memorization_03_no_regularization_plus_t_one_oversample,25,16,0,0.5159143209,0.5161275864,-0.000213265419,-0.0004133737141
memorization_03_no_regularization_plus_t_one_oversample,25,17,0,0.3367334902,0.3366018832,0.0001316070557,0.0003908344714
memorization_03_no_regularization_plus_t_one_oversample,25,18,0,0.4172201157,0.4171542227,6.58929348e-05,0.0001579332643
memorization_03_no_regularization_plus_t_one_oversample,25,19,0,0.2668915391,0.2669349611,-4.342198372e-05,-0.0001626952427
memorization_03_no_regularization_plus_t_one_oversample,25,20,0,0.03643610701,0.03642725199,8.855015039e-06,0.0002430285716
memorization_03_no_regularization_plus_t_one_oversample,25,21,0,0.5145412683,0.5144633055,7.796287537e-05,0.0001515191884
memorization_03_no_regularization_plus_t_one_oversample,25,22,0,1.193644285,1.193801522,-0.0001572370529,-0.0001317285684
memorization_03_no_regularization_plus_t_one_oversample,25,23,0,0.3453829885,0.3454500139,-6.702542305e-05,-0.000194061159
memorization_03_no_regularization_plus_t_one_oversample,25,24,0,0.3503594995,0.3503021896,5.730986595e-05,0.0001635744601
memorization_03_no_regularization_plus_t_one_oversample,25,25,1,0.5269067883,0.5264350772,0.0004717111588,0.0008952459319
memorization_03_no_regularization_plus_t_one_oversample,25,26,0,0.7792749405,0.7792131305,6.181001663e-05,7.931734157e-05
memorization_03_no_regularization_plus_t_one_oversample,25,27,0,0.4060673416,0.4061275721,-6.023049355e-05,-0.000148326367
memorization_03_no_regularization_plus_t_one_oversample,25,28,0,0.8241855502,0.8242449164,-5.93662262e-05,-7.20301711e-05
memorization_03_no_regularization_plus_t_one_oversample,25,29,0,0.1264764071,0.1265598834,-8.347630501e-05,-0.0006600148356
memorization_03_no_regularization_plus_t_one_oversample,25,30,0,0.4651627243,0.4651792347,-1.65104866e-05,-3.549400187e-05
memorization_03_no_regularization_plus_t_one_oversample,25,31,0,0.3135044873,0.3133870959,0.0001173913479,0.0003744487006
memorization_03_no_regularization_plus_t_one_oversample,25,32,0,0.5690794587,0.5690550804,2.437829971e-05,4.283812979e-05
memorization_03_no_regularization_plus_t_one_oversample,25,33,0,0.5709459782,0.571219027,-0.0002730488777,-0.0004782394275
memorization_03_no_regularization_plus_t_one_oversample,26,0,0,0.7085579634,0.7085053325,5.263090134e-05,7.427889327e-05
memorization_03_no_regularization_plus_t_one_oversample,26,1,0,0.3644303679,0.3643416464,8.872151375e-05,0.0002434525812
memorization_03_no_regularization_plus_t_one_oversample,26,2,0,0.2775094509,0.2774588764,5.057454109e-05,0.0001822443918
memorization_03_no_regularization_plus_t_one_oversample,26,3,0,0.4938513935,0.4940074086,-0.0001560151577,-0.0003159151918
memorization_03_no_regularization_plus_t_one_oversample,26,4,0,0.5351589918,0.5349737406,0.000185251236,0.00034616112
memorization_03_no_regularization_plus_t_one_oversample,26,5,0,0.4896268249,0.489589721,3.710389137e-05,7.577993992e-05
memorization_03_no_regularization_plus_t_one_oversample,26,6,0,0.14457497,0.1445597261,1.52438879e-05,0.0001054393295
memorization_03_no_regularization_plus_t_one_oversample,26,7,0,0.3782736063,0.3783464134,-7.280707359e-05,-0.0001924719895
memorization_03_no_regularization_plus_t_one_oversample,26,8,0,0.4898412824,0.4896011651,0.0002401173115,0.0004901941101
memorization_03_no_regularization_plus_t_one_oversample,26,9,0,0.4061502218,0.4054194391,0.0007307827473,0.00179929176
memorization_03_no_regularization_plus_t_one_oversample,26,10,0,0.5204000473,0.5203073621,9.268522263e-05,0.0001781037936
memorization_03_no_regularization_plus_t_one_oversample,26,11,0,0.4120126069,0.4120084047,4.202127457e-06,1.019902641e-05
memorization_03_no_regularization_plus_t_one_oversample,26,12,0,0.2415925413,0.2421485633,-0.0005560219288,-0.00230148632
memorization_03_no_regularization_plus_t_one_oversample,26,13,0,0.4684722126,0.4687008262,-0.000228613615,-0.0004879982396
memorization_03_no_regularization_plus_t_one_oversample,26,14,0,0.8903840184,0.8904136419,-2.962350845e-05,-3.327048536e-05
memorization_03_no_regularization_plus_t_one_oversample,26,15,0,0.5044499636,0.5043372512,0.0001127123833,0.0002234362006
memorization_03_no_regularization_plus_t_one_oversample,26,16,0,0.5159143209,0.5161163807,-0.0002020597458,-0.0003916536866
memorization_03_no_regularization_plus_t_one_oversample,26,17,0,0.3367334902,0.3367086053,2.488493919e-05,7.390099267e-05
memorization_03_no_regularization_plus_t_one_oversample,26,18,0,0.4172201157,0.4171839356,3.618001938e-05,8.671686244e-05
memorization_03_no_regularization_plus_t_one_oversample,26,19,0,0.2668915391,0.2669043243,-1.27851963e-05,-4.790408998e-05
memorization_03_no_regularization_plus_t_one_oversample,26,20,0,0.03643610701,0.03644972295,-1.361593604e-05,-0.0003736934914
memorization_03_no_regularization_plus_t_one_oversample,26,21,0,0.5145412683,0.5146084428,-6.717443466e-05,-0.0001305520836
memorization_03_no_regularization_plus_t_one_oversample,26,22,0,1.193644285,1.193829536,-0.000185251236,-0.0001551980253
memorization_03_no_regularization_plus_t_one_oversample,26,23,0,0.3453829885,0.3456504345,-0.0002674460411,-0.0007743463055
memorization_03_no_regularization_plus_t_one_oversample,26,24,0,0.3503594995,0.3503490686,1.043081284e-05,2.97717426e-05
memorization_03_no_regularization_plus_t_one_oversample,26,25,0,0.5269067883,0.5267601609,0.0001466274261,0.0002782796301
memorization_03_no_regularization_plus_t_one_oversample,26,26,1,0.7792749405,0.7773303986,0.001944541931,0.002495322036
memorization_03_no_regularization_plus_t_one_oversample,26,27,0,0.4060673416,0.4061829448,-0.0001156032085,-0.0002846897465
memorization_03_no_regularization_plus_t_one_oversample,26,28,0,0.8241855502,0.8242207766,-3.522634506e-05,-4.274079429e-05
memorization_03_no_regularization_plus_t_one_oversample,26,29,0,0.1264764071,0.1265297085,-5.330145359e-05,-0.0004214339641
memorization_03_no_regularization_plus_t_one_oversample,26,30,0,0.4651627243,0.4652459621,-8.323788643e-05,-0.000178943587
memorization_03_no_regularization_plus_t_one_oversample,26,31,0,0.3135044873,0.3134319186,7.256865501e-05,0.0002314756501
memorization_03_no_regularization_plus_t_one_oversample,26,32,0,0.5690794587,0.569039464,3.999471664e-05,7.027967014e-05
memorization_03_no_regularization_plus_t_one_oversample,26,33,0,0.5709459782,0.5710360408,-9.006261826e-05,-0.0001577428018
memorization_03_no_regularization_plus_t_one_oversample,27,0,0,0.7085579634,0.7085445523,1.341104507e-05,1.892723781e-05
memorization_03_no_regularization_plus_t_one_oversample,27,1,0,0.3644303679,0.3643049896,0.0001253783703,0.0003440393044
memorization_03_no_regularization_plus_t_one_oversample,27,2,0,0.2775094509,0.2774201334,8.93175602e-05,0.0003218541203
memorization_03_no_regularization_plus_t_one_oversample,27,3,0,0.4938513935,0.4938732982,-2.190470695e-05,-4.435485501e-05
memorization_03_no_regularization_plus_t_one_oversample,27,4,0,0.5351589918,0.5350171328,0.0001418590546,0.0002650783351
memorization_03_no_regularization_plus_t_one_oversample,27,5,0,0.4896268249,0.4896917045,-6.487965584e-05,-0.0001325083769
memorization_03_no_regularization_plus_t_one_oversample,27,6,0,0.14457497,0.1445727497,2.220273018e-06,1.53572435e-05
memorization_03_no_regularization_plus_t_one_oversample,27,7,0,0.3782736063,0.3783019185,-2.831220627e-05,-7.48458412e-05
memorization_03_no_regularization_plus_t_one_oversample,27,8,0,0.4898412824,0.4896644056,0.0001768767834,0.0003610899892
memorization_03_no_regularization_plus_t_one_oversample,27,9,0,0.4061502218,0.4064311385,-0.0002809166908,-0.0006916571154
memorization_03_no_regularization_plus_t_one_oversample,27,10,0,0.5204000473,0.5203549862,4.506111145e-05,8.658936847e-05
memorization_03_no_regularization_plus_t_one_oversample,27,11,0,0.4120126069,0.4119735956,3.901124001e-05,9.468457847e-05
memorization_03_no_regularization_plus_t_one_oversample,27,12,0,0.2415925413,0.2416680008,-7.545948029e-05,-0.0003123419286
memorization_03_no_regularization_plus_t_one_oversample,27,13,0,0.4684722126,0.4685917497,-0.0001195371151,-0.0002551637256
memorization_03_no_regularization_plus_t_one_oversample,27,14,0,0.8903840184,0.8904017806,-1.776218414e-05,-1.994890269e-05
memorization_03_no_regularization_plus_t_one_oversample,27,15,0,0.5044499636,0.504393816,5.614757538e-05,0.0001113045484
memorization_03_no_regularization_plus_t_one_oversample,27,16,0,0.5159143209,0.5158412457,7.307529449e-05,0.0001416423067
memorization_03_no_regularization_plus_t_one_oversample,27,17,0,0.3367334902,0.3366806507,5.283951759e-05,0.0001569179162
memorization_03_no_regularization_plus_t_one_oversample,27,18,0,0.4172201157,0.4172270894,-6.973743439e-06,-1.671478238e-05
memorization_03_no_regularization_plus_t_one_oversample,27,19,0,0.2668915391,0.2668901086,1.430511475e-06,5.35989818e-06
memorization_03_no_regularization_plus_t_one_oversample,27,20,0,0.03643610701,0.03643956035,-3.453344107e-06,-9.477807565e-05
memorization_03_no_regularization_plus_t_one_oversample,27,21,0,0.5145412683,0.5145087242,3.254413605e-05,6.324883551e-05
memorization_03_no_regularization_plus_t_one_oversample,27,22,0,1.193644285,1.193725348,-8.106231689e-05,-6.791161982e-05
memorization_03_no_regularization_plus_t_one_oversample,27,23,0,0.3453829885,0.345338881,4.410743713e-05,0.0001277058761
memorization_03_no_regularization_plus_t_one_oversample,27,24,0,0.3503594995,0.350295186,6.431341171e-05,0.0001835640587
memorization_03_no_regularization_plus_t_one_oversample,27,25,0,0.5269067883,0.5267792344,0.0001275539398,0.0002420806538
memorization_03_no_regularization_plus_t_one_oversample,27,26,0,0.7792749405,0.7793958187,-0.0001208782196,-0.0001551162668
memorization_03_no_regularization_plus_t_one_oversample,27,27,1,0.4060673416,0.4051947892,0.0008725523949,0.002148787419
memorization_03_no_regularization_plus_t_one_oversample,27,28,0,0.8241855502,0.8243303299,-0.0001447796822,-0.0001756639414
memorization_03_no_regularization_plus_t_one_oversample,27,29,0,0.1264764071,0.1265085936,-3.218650818e-05,-0.0002544862629
memorization_03_no_regularization_plus_t_one_oversample,27,30,0,0.4651627243,0.4652229249,-6.020069122e-05,-0.0001294185628
memorization_03_no_regularization_plus_t_one_oversample,27,31,0,0.3135044873,0.3136881292,-0.0001836419106,-0.0005857712346
memorization_03_no_regularization_plus_t_one_oversample,27,32,0,0.5690794587,0.56905514,2.431869507e-05,4.273339109e-05
memorization_03_no_regularization_plus_t_one_oversample,27,33,0,0.5709459782,0.5709072351,3.87430191e-05,6.785759176e-05
memorization_03_no_regularization_plus_t_one_oversample,28,0,0,0.7085579634,0.7084703445,8.761882782e-05,0.0001236579537
memorization_03_no_regularization_plus_t_one_oversample,28,1,0,0.3644303679,0.3643505573,7.981061935e-05,0.0002190010119
memorization_03_no_regularization_plus_t_one_oversample,28,2,0,0.2775094509,0.2775100768,-6.258487701e-07,-2.255234076e-06
memorization_03_no_regularization_plus_t_one_oversample,28,3,0,0.4938513935,0.4937792718,7.212162018e-05,0.0001460391145
memorization_03_no_regularization_plus_t_one_oversample,28,4,0,0.5351589918,0.5349810123,0.0001779794693,0.0003325730708
memorization_03_no_regularization_plus_t_one_oversample,28,5,0,0.4896268249,0.4896480441,-2.121925354e-05,-4.33376042e-05
memorization_03_no_regularization_plus_t_one_oversample,28,6,0,0.14457497,0.1445602775,1.469254494e-05,0.0001016257858
memorization_03_no_regularization_plus_t_one_oversample,28,7,0,0.3782736063,0.3783898056,-0.000116199255,-0.0003071830893
memorization_03_no_regularization_plus_t_one_oversample,28,8,0,0.4898412824,0.4896143973,0.0002268850803,0.0004631808067
memorization_03_no_regularization_plus_t_one_oversample,28,9,0,0.4061502218,0.4056426883,0.0005075335503,0.001249620271
memorization_03_no_regularization_plus_t_one_oversample,28,10,0,0.5204000473,0.5203324556,6.759166718e-05,0.0001298840527
memorization_03_no_regularization_plus_t_one_oversample,28,11,0,0.4120126069,0.411977917,3.468990326e-05,8.419621798e-05
memorization_03_no_regularization_plus_t_one_oversample,28,12,0,0.2415925413,0.2424503267,-0.0008577853441,-0.003550545639
memorization_03_no_regularization_plus_t_one_oversample,28,13,0,0.4684722126,0.4686522186,-0.0001800060272,-0.0003842405641
memorization_03_no_regularization_plus_t_one_oversample,28,14,0,0.8903840184,0.8903024793,8.153915405e-05,9.157751303e-05
memorization_03_no_regularization_plus_t_one_oversample,28,15,0,0.5044499636,0.5043826103,6.73532486e-05,0.000133518195
memorization_03_no_regularization_plus_t_one_oversample,28,16,0,0.5159143209,0.5160154104,-0.0001010894775,-0.0001959423754
memorization_03_no_regularization_plus_t_one_oversample,28,17,0,0.3367334902,0.3366160989,0.0001173913479,0.0003486179762
memorization_03_no_regularization_plus_t_one_oversample,28,18,0,0.4172201157,0.4171569645,6.315112114e-05,0.0001513616405
memorization_03_no_regularization_plus_t_one_oversample,28,19,0,0.2668915391,0.2668926418,-1.102685928e-06,-4.13158818e-06
memorization_03_no_regularization_plus_t_one_oversample,28,20,0,0.03643610701,0.03643531352,7.934868336e-07,2.177748664e-05
memorization_03_no_regularization_plus_t_one_oversample,28,21,0,0.5145412683,0.5145122409,2.902746201e-05,5.641425439e-05
memorization_03_no_regularization_plus_t_one_oversample,28,22,0,1.193644285,1.1937536,-0.0001093149185,-9.158081673e-05
memorization_03_no_regularization_plus_t_one_oversample,28,23,0,0.3453829885,0.3455885053,-0.0002055168152,-0.0005950403525
memorization_03_no_regularization_plus_t_one_oversample,28,24,0,0.3503594995,0.3502708972,8.860230446e-05,0.0002528896879
memorization_03_no_regularization_plus_t_one_oversample,28,25,0,0.5269067883,0.5267604589,0.0001463294029,0.0002777140211
memorization_03_no_regularization_plus_t_one_oversample,28,26,0,0.7792749405,0.7791277766,0.000147163868,0.000188847171
memorization_03_no_regularization_plus_t_one_oversample,28,27,0,0.4060673416,0.4062010646,-0.0001337230206,-0.000329312424
memorization_03_no_regularization_plus_t_one_oversample,28,28,1,0.8241855502,0.8234807849,0.0007047653198,0.0008551051637
memorization_03_no_regularization_plus_t_one_oversample,28,29,0,0.1264764071,0.1264854521,-9.045004845e-06,-7.151535259e-05
memorization_03_no_regularization_plus_t_one_oversample,28,30,0,0.4651627243,0.4652386606,-7.593631744e-05,-0.0001632467811
memorization_03_no_regularization_plus_t_one_oversample,28,31,0,0.3135044873,0.313297838,0.0002066493034,0.0006591589972
memorization_03_no_regularization_plus_t_one_oversample,28,32,0,0.5690794587,0.5690403581,3.910064697e-05,6.870858959e-05
memorization_03_no_regularization_plus_t_one_oversample,28,33,0,0.5709459782,0.5710191131,-7.313489914e-05,-0.000128094254
memorization_03_no_regularization_plus_t_one_oversample,29,0,0,0.7085579634,0.7085008621,5.710124969e-05,8.058797254e-05
memorization_03_no_regularization_plus_t_one_oversample,29,1,0,0.3644303679,0.3643192351,0.0001111328602,0.0003049495046
memorization_03_no_regularization_plus_t_one_oversample,29,2,0,0.2775094509,0.2774351835,7.426738739e-05,0.0002676211104
memorization_03_no_regularization_plus_t_one_oversample,29,3,0,0.4938513935,0.49383232,1.907348633e-05,3.862191457e-05
memorization_03_no_regularization_plus_t_one_oversample,29,4,0,0.5351589918,0.5349522233,0.0002067685127,0.00038636838
memorization_03_no_regularization_plus_t_one_oversample,29,5,0,0.4896268249,0.4896181524,8.672475815e-06,1.771241969e-05
memorization_03_no_regularization_plus_t_one_oversample,29,6,0,0.14457497,0.144562602,1.236796379e-05,8.554706109e-05
memorization_03_no_regularization_plus_t_one_oversample,29,7,0,0.3782736063,0.3783455789,-7.197260857e-05,-0.0001902660068
memorization_03_no_regularization_plus_t_one_oversample,29,8,0,0.4898412824,0.4896323681,0.0002089142799,0.0004264938205
memorization_03_no_regularization_plus_t_one_oversample,29,9,0,0.4061502218,0.4061664045,-1.618266106e-05,-3.984402861e-05
memorization_03_no_regularization_plus_t_one_oversample,29,10,0,0.5204000473,0.5204193592,-1.931190491e-05,-3.710972935e-05
memorization_03_no_regularization_plus_t_one_oversample,29,11,0,0.4120126069,0.4119873643,2.524256706e-05,6.126649195e-05
memorization_03_no_regularization_plus_t_one_oversample,29,12,0,0.2415925413,0.2425006628,-0.0009081214666,-0.003758896949
memorization_03_no_regularization_plus_t_one_oversample,29,13,0,0.4684722126,0.4686192274,-0.0001470148563,-0.000313817666
memorization_03_no_regularization_plus_t_one_oversample,29,14,0,0.8903840184,0.8903580308,2.598762512e-05,2.918698515e-05
memorization_03_no_regularization_plus_t_one_oversample,29,15,0,0.5044499636,0.5043979883,5.197525024e-05,0.0001030335098
memorization_03_no_regularization_plus_t_one_oversample,29,16,0,0.5159143209,0.5160369873,-0.0001226663589,-0.0002377649814
memorization_03_no_regularization_plus_t_one_oversample,29,17,0,0.3367334902,0.3366692066,6.428360939e-05,0.0001909035224
memorization_03_no_regularization_plus_t_one_oversample,29,18,0,0.4172201157,0.4171842933,3.582239151e-05,8.585969412e-05
memorization_03_no_regularization_plus_t_one_oversample,29,19,0,0.2668915391,0.2668982148,-6.675720215e-06,-2.501285817e-05
memorization_03_no_regularization_plus_t_one_oversample,29,20,0,0.03643610701,0.03646494076,-2.883374691e-05,-0.0007913509229
memorization_03_no_regularization_plus_t_one_oversample,29,21,0,0.5145412683,0.5144430995,9.816884995e-05,0.0001907890698
memorization_03_no_regularization_plus_t_one_oversample,29,22,0,1.193644285,1.193738461,-9.417533875e-05,-7.889732302e-05
memorization_03_no_regularization_plus_t_one_oversample,29,23,0,0.3453829885,0.3454372585,-5.427002907e-05,-0.0001571300003
memorization_03_no_regularization_plus_t_one_oversample,29,24,0,0.3503594995,0.3502955735,6.392598152e-05,0.0001824582511
memorization_03_no_regularization_plus_t_one_oversample,29,25,0,0.5269067883,0.5267840624,0.0001227259636,0.0002329177879
memorization_03_no_regularization_plus_t_one_oversample,29,26,0,0.7792749405,0.7792081237,6.681680679e-05,8.57422757e-05
memorization_03_no_regularization_plus_t_one_oversample,29,27,0,0.4060673416,0.4060933292,-2.598762512e-05,-6.399831373e-05
memorization_03_no_regularization_plus_t_one_oversample,29,28,0,0.8241855502,0.8241990805,-1.353025436e-05,-1.64165149e-05
memorization_03_no_regularization_plus_t_one_oversample,29,29,1,0.1264764071,0.1261597574,0.0003166496754,0.002503626429
memorization_03_no_regularization_plus_t_one_oversample,29,30,0,0.4651627243,0.465223372,-6.064772606e-05,-0.0001303795917
memorization_03_no_regularization_plus_t_one_oversample,29,31,0,0.3135044873,0.3134671152,3.737211227e-05,0.0001192075833
memorization_03_no_regularization_plus_t_one_oversample,29,32,0,0.5690794587,0.5690364838,4.297494888e-05,7.551660533e-05
memorization_03_no_regularization_plus_t_one_oversample,29,33,0,0.5709459782,0.5709481835,-2.205371857e-06,-3.862662916e-06
memorization_03_no_regularization_plus_t_one_oversample,30,0,0,0.7085579634,0.7085149288,4.303455353e-05,6.07354031e-05
memorization_03_no_regularization_plus_t_one_oversample,30,1,0,0.3644303679,0.3643312454,9.912252426e-05,0.0002719930417
memorization_03_no_regularization_plus_t_one_oversample,30,2,0,0.2775094509,0.2774785757,3.087520599e-05,0.0001112582144
memorization_03_no_regularization_plus_t_one_oversample,30,3,0,0.4938513935,0.4938146174,3.677606583e-05,7.446787903e-05
memorization_03_no_regularization_plus_t_one_oversample,30,4,0,0.5351589918,0.534928441,0.000230550766,0.0004308079833
memorization_03_no_regularization_plus_t_one_oversample,30,5,0,0.4896268249,0.4896430373,-1.621246338e-05,-3.311187736e-05
memorization_03_no_regularization_plus_t_one_oversample,30,6,0,0.14457497,0.1445355713,3.93986702e-05,0.0002725137705
memorization_03_no_regularization_plus_t_one_oversample,30,7,0,0.3782736063,0.3783766031,-0.0001029968262,-0.0002722812918
memorization_03_no_regularization_plus_t_one_oversample,30,8,0,0.4898412824,0.4896580279,0.0001832544804,0.0003741099147
memorization_03_no_regularization_plus_t_one_oversample,30,9,0,0.4061502218,0.4061746001,-2.437829971e-05,-6.002286446e-05
memorization_03_no_regularization_plus_t_one_oversample,30,10,0,0.5204000473,0.5203933716,6.675720215e-06,1.282805459e-05
memorization_03_no_regularization_plus_t_one_oversample,30,11,0,0.4120126069,0.4120016694,1.093745232e-05,2.654640206e-05
memorization_03_no_regularization_plus_t_one_oversample,30,12,0,0.2415925413,0.2424765825,-0.0008840411901,-0.003659223854
memorization_03_no_regularization_plus_t_one_oversample,30,13,0,0.4684722126,0.468639344,-0.000167131424,-0.0003567584575
memorization_03_no_regularization_plus_t_one_oversample,30,14,0,0.8903840184,0.890371263,1.275539398e-05,1.432572207e-05
memorization_03_no_regularization_plus_t_one_oversample,30,15,0,0.5044499636,0.5044222474,2.771615982e-05,5.494332802e-05
memorization_03_no_regularization_plus_t_one_oversample,30,16,0,0.5159143209,0.5160724521,-0.0001581311226,-0.0003065065577
memorization_03_no_regularization_plus_t_one_oversample,30,17,0,0.3367334902,0.3366580307,7.545948029e-05,0.000224092591
memorization_03_no_regularization_plus_t_one_oversample,30,18,0,0.4172201157,0.4172175527,2.562999725e-06,6.143039679e-06
memorization_03_no_regularization_plus_t_one_oversample,30,19,0,0.2668915391,0.2669036686,-1.212954521e-05,-4.544746998e-05
memorization_03_no_regularization_plus_t_one_oversample,30,20,0,0.03643610701,0.03645143658,-1.532956958e-05,-0.0004207246832
memorization_03_no_regularization_plus_t_one_oversample,30,21,0,0.5145412683,0.5144731402,6.812810898e-05,0.0001324055293
memorization_03_no_regularization_plus_t_one_oversample,30,22,0,1.193644285,1.193761826,-0.0001175403595,-9.847184874e-05
memorization_03_no_regularization_plus_t_one_oversample,30,23,0,0.3453829885,0.3454267085,-4.372000694e-05,-0.0001265841353
memorization_03_no_regularization_plus_t_one_oversample,30,24,0,0.3503594995,0.3502711356,8.836388588e-05,0.0002522091909
memorization_03_no_regularization_plus_t_one_oversample,30,25,0,0.5269067883,0.5267291069,0.0001776814461,0.0003372160883
memorization_03_no_regularization_plus_t_one_oversample,30,26,0,0.7792749405,0.7792744637,4.768371582e-07,6.118984885e-07
memorization_03_no_regularization_plus_t_one_oversample,30,27,0,0.4060673416,0.4061218798,-5.453824997e-05,-0.0001343083878
memorization_03_no_regularization_plus_t_one_oversample,30,28,0,0.8241855502,0.8242704272,-8.487701416e-05,-0.0001029828952
memorization_03_no_regularization_plus_t_one_oversample,30,29,0,0.1264764071,0.1265394092,-6.300210953e-05,-0.0004981332961
memorization_03_no_regularization_plus_t_one_oversample,30,30,1,0.4651627243,0.4646918774,0.0004708468914,0.001012219739
memorization_03_no_regularization_plus_t_one_oversample,30,31,0,0.3135044873,0.3134128451,9.164214134e-05,0.0002923152461
memorization_03_no_regularization_plus_t_one_oversample,30,32,0,0.5690794587,0.569041431,3.802776337e-05,6.682329292e-05
memorization_03_no_regularization_plus_t_one_oversample,30,33,0,0.5709459782,0.571179986,-0.0002340078354,-0.0004098598542
memorization_03_no_regularization_plus_t_one_oversample,31,0,0,0.7085579634,0.7084830999,7.486343384e-05,0.0001056560475
memorization_03_no_regularization_plus_t_one_oversample,31,1,0,0.3644303679,0.3643741608,5.620718002e-05,0.0001542329755
memorization_03_no_regularization_plus_t_one_oversample,31,2,0,0.2775094509,0.2774488628,6.058812141e-05,0.000218328137
memorization_03_no_regularization_plus_t_one_oversample,31,3,0,0.4938513935,0.493625313,0.0002260804176,0.0004577903811
memorization_03_no_regularization_plus_t_one_oversample,31,4,0,0.5351589918,0.5348651409,0.0002938508987,0.000549090837
memorization_03_no_regularization_plus_t_one_oversample,31,5,0,0.4896268249,0.4896857738,-5.894899368e-05,-0.00012039576
memorization_03_no_regularization_plus_t_one_oversample,31,6,0,0.14457497,0.1445133239,6.164610386e-05,0.0004263954117
memorization_03_no_regularization_plus_t_one_oversample,31,7,0,0.3782736063,0.3783678114,-9.420514107e-05,-0.0002490396885
memorization_03_no_regularization_plus_t_one_oversample,31,8,0,0.4898412824,0.4895497561,0.0002915263176,0.0005951444439
memorization_03_no_regularization_plus_t_one_oversample,31,9,0,0.4061502218,0.40569368,0.0004565417767,0.001124071223
memorization_03_no_regularization_plus_t_one_oversample,31,10,0,0.5204000473,0.5205083489,-0.0001083016396,-0.0002081122785
memorization_03_no_regularization_plus_t_one_oversample,31,11,0,0.4120126069,0.4119743407,3.826618195e-05,9.287624046e-05
memorization_03_no_regularization_plus_t_one_oversample,31,12,0,0.2415925413,0.2427618057,-0.001169264317,-0.004839819599
memorization_03_no_regularization_plus_t_one_oversample,31,13,0,0.4684722126,0.4686895609,-0.0002173483372,-0.0004639513964
memorization_03_no_regularization_plus_t_one_oversample,31,14,0,0.8903840184,0.8903397918,4.422664642e-05,4.967142885e-05
memorization_03_no_regularization_plus_t_one_oversample,31,15,0,0.5044499636,0.5044262409,2.372264862e-05,4.702676248e-05
memorization_03_no_regularization_plus_t_one_oversample,31,16,0,0.5159143209,0.5162699223,-0.0003556013107,-0.0006892642757
memorization_03_no_regularization_plus_t_one_oversample,31,17,0,0.3367334902,0.3365547657,0.0001787245274,0.0005307595845
memorization_03_no_regularization_plus_t_one_oversample,31,18,0,0.4172201157,0.4170191884,0.0002009272575,0.0004815857385
memorization_03_no_regularization_plus_t_one_oversample,31,19,0,0.2668915391,0.2669125497,-2.101063728e-05,-7.872350452e-05
memorization_03_no_regularization_plus_t_one_oversample,31,20,0,0.03643610701,0.03642104194,1.506507397e-05,0.000413465521
memorization_03_no_regularization_plus_t_one_oversample,31,21,0,0.5145412683,0.5144248605,0.0001164078712,0.0002262362193
memorization_03_no_regularization_plus_t_one_oversample,31,22,0,1.193644285,1.193845749,-0.0002014636993,-0.0001687803493
memorization_03_no_regularization_plus_t_one_oversample,31,23,0,0.3453829885,0.3456442952,-0.0002613067627,-0.0007565710282
memorization_03_no_regularization_plus_t_one_oversample,31,24,0,0.3503594995,0.3502300978,0.0001294016838,0.0003693397325
memorization_03_no_regularization_plus_t_one_oversample,31,25,0,0.5269067883,0.5267285705,0.0001782178879,0.0003382341845
memorization_03_no_regularization_plus_t_one_oversample,31,26,0,0.7792749405,0.779199779,7.516145706e-05,9.645049925e-05
memorization_03_no_regularization_plus_t_one_oversample,31,27,0,0.4060673416,0.4063023627,-0.0002350211143,-0.0005787737409
memorization_03_no_regularization_plus_t_one_oversample,31,28,0,0.8241855502,0.8241454959,4.005432129e-05,4.859866965e-05
memorization_03_no_regularization_plus_t_one_oversample,31,29,0,0.1264764071,0.1265595257,-8.311867714e-05,-0.0006571872105
memorization_03_no_regularization_plus_t_one_oversample,31,30,0,0.4651627243,0.4651908875,-2.816319466e-05,-6.054482268e-05
memorization_03_no_regularization_plus_t_one_oversample,31,31,1,0.3135044873,0.3119355142,0.001568973064,0.005004627136
memorization_03_no_regularization_plus_t_one_oversample,31,32,0,0.5690794587,0.5689923763,8.708238602e-05,0.000153023246
memorization_03_no_regularization_plus_t_one_oversample,31,33,0,0.5709459782,0.5713810921,-0.0004351139069,-0.0007620929536
memorization_03_no_regularization_plus_t_one_oversample,32,0,0,0.7085579634,0.7084971666,6.079673767e-05,8.580347807e-05
memorization_03_no_regularization_plus_t_one_oversample,32,1,0,0.3644303679,0.3643574715,7.289648056e-05,0.0002000285568
memorization_03_no_regularization_plus_t_one_oversample,32,2,0,0.2775094509,0.277402401,0.000107049942,0.0003857524191
memorization_03_no_regularization_plus_t_one_oversample,32,3,0,0.4938513935,0.4937943518,5.704164505e-05,0.0001155036633
memorization_03_no_regularization_plus_t_one_oversample,32,4,0,0.5351589918,0.5349494219,0.000209569931,0.0003916031203
memorization_03_no_regularization_plus_t_one_oversample,32,5,0,0.4896268249,0.4896184802,8.344650269e-06,1.704287806e-05
memorization_03_no_regularization_plus_t_one_oversample,32,6,0,0.14457497,0.1445742548,7.152557373e-07,4.947299918e-06
memorization_03_no_regularization_plus_t_one_oversample,32,7,0,0.3782736063,0.378334403,-6.079673767e-05,-0.0001607215958
memorization_03_no_regularization_plus_t_one_oversample,32,8,0,0.4898412824,0.4896132946,0.0002279877663,0.0004654319153
memorization_03_no_regularization_plus_t_one_oversample,32,9,0,0.4061502218,0.4061127901,3.743171692e-05,9.216224665e-05
memorization_03_no_regularization_plus_t_one_oversample,32,10,0,0.5204000473,0.5203626752,3.737211227e-05,7.181419846e-05
memorization_03_no_regularization_plus_t_one_oversample,32,11,0,0.4120126069,0.4120030999,9.506940842e-06,2.307439307e-05
memorization_03_no_regularization_plus_t_one_oversample,32,12,0,0.2415925413,0.2421084046,-0.0005158632994,-0.002135261695
memorization_03_no_regularization_plus_t_one_oversample,32,13,0,0.4684722126,0.4686283767,-0.0001561641693,-0.0003333477742
memorization_03_no_regularization_plus_t_one_oversample,32,14,0,0.8903840184,0.8903558254,2.819299698e-05,3.166386233e-05
memorization_03_no_regularization_plus_t_one_oversample,32,15,0,0.5044499636,0.5043836832,6.628036499e-05,0.0001313913565
memorization_03_no_regularization_plus_t_one_oversample,32,16,0,0.5159143209,0.5160883069,-0.0001739859581,-0.0003372380859
memorization_03_no_regularization_plus_t_one_oversample,32,17,0,0.3367334902,0.3366542757,7.921457291e-05,0.000235244118
memorization_03_no_regularization_plus_t_one_oversample,32,18,0,0.4172201157,0.4170923829,0.0001277327538,0.0003061519542
memorization_03_no_regularization_plus_t_one_oversample,32,19,0,0.2668915391,0.2669173181,-2.577900887e-05,-9.658983178e-05
memorization_03_no_regularization_plus_t_one_oversample,32,20,0,0.03643610701,0.03643897548,-2.86847353e-06,-7.872612541e-05
memorization_03_no_regularization_plus_t_one_oversample,32,21,0,0.5145412683,0.5144402981,0.0001009702682,0.0001962335666
memorization_03_no_regularization_plus_t_one_oversample,32,22,0,1.193644285,1.193781137,-0.0001368522644,-0.0001146507935
memorization_03_no_regularization_plus_t_one_oversample,32,23,0,0.3453829885,0.345456481,-7.349252701e-05,-0.0002127856017
memorization_03_no_regularization_plus_t_one_oversample,32,24,0,0.3503594995,0.3503007591,5.874037743e-05,0.0001676574419
memorization_03_no_regularization_plus_t_one_oversample,32,25,0,0.5269067883,0.5267514586,0.0001553297043,0.000294795413
memorization_03_no_regularization_plus_t_one_oversample,32,26,0,0.7792749405,0.7791478038,0.0001271367073,0.0001631474345
memorization_03_no_regularization_plus_t_one_oversample,32,27,0,0.4060673416,0.4061091542,-4.181265831e-05,-0.000102969764
memorization_03_no_regularization_plus_t_one_oversample,32,28,0,0.8241855502,0.8242180943,-3.254413605e-05,-3.948641909e-05
memorization_03_no_regularization_plus_t_one_oversample,32,29,0,0.1264764071,0.126502797,-2.638995647e-05,-0.0002086551721
memorization_03_no_regularization_plus_t_one_oversample,32,30,0,0.4651627243,0.4651947021,-3.197789192e-05,-6.874560289e-05
memorization_03_no_regularization_plus_t_one_oversample,32,31,0,0.3135044873,0.3133196831,0.0001848042011,0.0005894786474
memorization_03_no_regularization_plus_t_one_oversample,32,32,1,0.5690794587,0.5685831308,0.000496327877,0.0008721591852
memorization_03_no_regularization_plus_t_one_oversample,32,33,0,0.5709459782,0.5709735155,-2.753734589e-05,-4.82310883e-05
memorization_03_no_regularization_plus_t_one_oversample,33,0,0,0.7085579634,0.7085459828,1.19805336e-05,1.690833244e-05
memorization_03_no_regularization_plus_t_one_oversample,33,1,0,0.3644303679,0.3643598557,7.051229477e-05,0.0001934863309
memorization_03_no_regularization_plus_t_one_oversample,33,2,0,0.2775094509,0.2775314748,-2.202391624e-05,-7.936276106e-05
memorization_03_no_regularization_plus_t_one_oversample,33,3,0,0.4938513935,0.4940036535,-0.0001522600651,-0.0003083115024
memorization_03_no_regularization_plus_t_one_oversample,33,4,0,0.5351589918,0.5351598859,-8.940696716e-07,-1.670661776e-06
memorization_03_no_regularization_plus_t_one_oversample,33,5,0,0.4896268249,0.4896697998,-4.297494888e-05,-8.777082198e-05
memorization_03_no_regularization_plus_t_one_oversample,33,6,0,0.14457497,0.1445754617,-4.917383194e-07,-3.401268694e-06
memorization_03_no_regularization_plus_t_one_oversample,33,7,0,0.3782736063,0.3783377111,-6.410479546e-05,-0.0001694667415
memorization_03_no_regularization_plus_t_one_oversample,33,8,0,0.4898412824,0.4896835983,0.0001576840878,0.0003219085313
memorization_03_no_regularization_plus_t_one_oversample,33,9,0,0.4061502218,0.4062258303,-7.56084919e-05,-0.0001861589329
memorization_03_no_regularization_plus_t_one_oversample,33,10,0,0.5204000473,0.520362854,3.719329834e-05,7.147058985e-05
memorization_03_no_regularization_plus_t_one_oversample,33,11,0,0.4120126069,0.4119867086,2.589821815e-05,6.285782941e-05
memorization_03_no_regularization_plus_t_one_oversample,33,12,0,0.2415925413,0.2412649244,0.00032761693,0.001356072204
memorization_03_no_regularization_plus_t_one_oversample,33,13,0,0.4684722126,0.468662709,-0.0001904964447,-0.0004066333917
memorization_03_no_regularization_plus_t_one_oversample,33,14,0,0.8903840184,0.8904200792,-3.606081009e-05,-4.050028902e-05
memorization_03_no_regularization_plus_t_one_oversample,33,15,0,0.5044499636,0.5043236613,0.0001263022423,0.000250376155
memorization_03_no_regularization_plus_t_one_oversample,33,16,0,0.5159143209,0.5158073306,0.0001069903374,0.0002073800494
memorization_03_no_regularization_plus_t_one_oversample,33,17,0,0.3367334902,0.3368840814,-0.000150591135,-0.0004472116359
memorization_03_no_regularization_plus_t_one_oversample,33,18,0,0.4172201157,0.4172911942,-7.107853889e-05,-0.000170362205
memorization_03_no_regularization_plus_t_one_oversample,33,19,0,0.2668915391,0.26688236,9.179115295e-06,3.439267999e-05
memorization_03_no_regularization_plus_t_one_oversample,33,20,0,0.03643610701,0.03648228198,-4.617497325e-05,-0.001267286136
memorization_03_no_regularization_plus_t_one_oversample,33,21,0,0.5145412683,0.5145586133,-1.734495163e-05,-3.37095442e-05
memorization_03_no_regularization_plus_t_one_oversample,33,22,0,1.193644285,1.193754673,-0.0001103878021,-9.247964699e-05
memorization_03_no_regularization_plus_t_one_oversample,33,23,0,0.3453829885,0.3453514576,3.153085709e-05,9.129244387e-05
memorization_03_no_regularization_plus_t_one_oversample,33,24,0,0.3503594995,0.3503439426,1.555681229e-05,4.440242754e-05
memorization_03_no_regularization_plus_t_one_oversample,33,25,0,0.5269067883,0.5269349813,-2.819299698e-05,-5.35066118e-05
memorization_03_no_regularization_plus_t_one_oversample,33,26,0,0.7792749405,0.7791472673,0.0001276731491,0.0001638358203
memorization_03_no_regularization_plus_t_one_oversample,33,27,0,0.4060673416,0.405993402,7.393956184e-05,0.0001820869454
memorization_03_no_regularization_plus_t_one_oversample,33,28,0,0.8241855502,0.8242262006,-4.065036774e-05,-4.932186414e-05
memorization_03_no_regularization_plus_t_one_oversample,33,29,0,0.1264764071,0.1264379025,3.850460052e-05,0.0003044409738
memorization_03_no_regularization_plus_t_one_oversample,33,30,0,0.4651627243,0.4653519988,-0.0001892745495,-0.0004068996496
memorization_03_no_regularization_plus_t_one_oversample,33,31,0,0.3135044873,0.3138219714,-0.0003174841404,-0.001012694087
memorization_03_no_regularization_plus_t_one_oversample,33,32,0,0.5690794587,0.5690156817,6.377696991e-05,0.0001120704129
memorization_03_no_regularization_plus_t_one_oversample,33,33,1,0.5709459782,0.5694137812,0.001532196999,0.00268361116
