arm,step_batch,eval_batch,is_self,pre_loss,post_loss,delta_loss,relative_delta
memorization_02_t_one_oversample,0,0,1,0.7277191877,0.7272568345,0.0004623532295,0.0006353456626
memorization_02_t_one_oversample,0,1,0,0.3931538165,0.3931804001,-2.658367157e-05,-6.761646576e-05
memorization_02_t_one_oversample,0,2,0,0.317792803,0.3177211285,7.167458534e-05,0.0002255387304
memorization_02_t_one_oversample,0,3,0,0.5058817863,0.5059033632,-2.157688141e-05,-4.265202265e-05
memorization_02_t_one_oversample,0,4,0,0.5716806054,0.5716909766,-1.037120819e-05,-1.81416128e-05
memorization_02_t_one_oversample,0,5,0,0.5115814805,0.5116254687,-4.398822784e-05,-8.598479327e-05
memorization_02_t_one_oversample,0,6,0,0.1603555232,0.1603162736,3.924965858e-05,0.0002447664901
memorization_02_t_one_oversample,0,7,0,0.3912025988,0.3912443817,-4.178285599e-05,-0.0001068061821
memorization_02_t_one_oversample,0,8,0,0.5328586102,0.5317336321,0.001124978065,0.002111213076
memorization_02_t_one_oversample,0,9,0,0.4113689661,0.4108558893,0.0005130767822,0.001247242317
memorization_02_t_one_oversample,0,10,0,0.5338000655,0.5336692333,0.0001308321953,0.0002450958772
memorization_02_t_one_oversample,0,11,0,0.4267908037,0.4266780317,0.0001127719879,0.0002642324693
memorization_02_t_one_oversample,0,12,0,0.2510662377,0.2511381805,-7.194280624e-05,-0.0002865491071
memorization_02_t_one_oversample,0,13,0,0.4991305172,0.4994445443,-0.000314027071,-0.000629148209
memorization_02_t_one_oversample,0,14,0,0.9079454541,0.9080272913,-8.183717728e-05,-9.013446447e-05
memorization_02_t_one_oversample,0,15,0,0.531644702,0.5314598083,0.0001848936081,0.0003477766399
memorization_02_t_one_oversample,0,16,0,0.5451871753,0.5439095497,0.001277625561,0.002343462243
memorization_02_t_one_oversample,0,17,0,0.3526231349,0.3525975943,2.554059029e-05,7.243027403e-05
memorization_02_t_one_oversample,0,18,0,0.4435464442,0.443541795,4.649162292e-06,1.048179363e-05
memorization_02_t_one_oversample,0,19,0,0.2949351966,0.2949279845,7.212162018e-06,2.445337857e-05
memorization_02_t_one_oversample,0,20,0,0.04768945277,0.04757150635,0.0001179464161,0.002473218066
memorization_02_t_one_oversample,0,21,0,0.5559363365,0.5559766293,-4.029273987e-05,-7.247725544e-05
memorization_02_t_one_oversample,0,22,0,1.225304842,1.225802898,-0.0004980564117,-0.000406475511
memorization_02_t_one_oversample,0,23,0,0.3738675714,0.3730767369,0.0007908344269,0.002115279547
memorization_02_t_one_oversample,0,24,0,0.3895021975,0.389418751,8.344650269e-05,0.0002142388495
memorization_02_t_one_oversample,0,25,0,0.5440544486,0.5438525677,0.0002018809319,0.0003710675142
memorization_02_t_one_oversample,0,26,0,0.8356609344,0.8354594111,0.000201523304,0.0002411543913
memorization_02_t_one_oversample,0,27,0,0.4437530935,0.4437399805,1.311302185e-05,2.955026577e-05
memorization_02_t_one_oversample,0,28,0,0.8565793633,0.8563251495,0.00025421381,0.0002967778829
memorization_02_t_one_oversample,0,29,0,0.1286778897,0.1287533343,-7.544457912e-05,-0.0005863056917
memorization_02_t_one_oversample,0,30,0,0.4978980124,0.4978883266,9.685754776e-06,1.94532907e-05
memorization_02_t_one_oversample,0,31,0,0.353372097,0.3530803025,0.0002917945385,0.0008257430085
memorization_02_t_one_oversample,0,32,0,0.5952577591,0.5951117277,0.0001460313797,0.0002453246135
memorization_02_t_one_oversample,0,33,0,0.5821378231,0.5822933316,-0.0001555085182,-0.000267133507
memorization_02_t_one_oversample,1,0,0,0.7277191877,0.7277615666,-4.237890244e-05,-5.823524122e-05
memorization_02_t_one_oversample,1,1,1,0.3931538165,0.3920817673,0.001072049141,0.002726793169
memorization_02_t_one_oversample,1,2,0,0.317792803,0.3177514076,4.13954258e-05,0.000130259167
memorization_02_t_one_oversample,1,3,0,0.5058817863,0.5059052706,-2.348423004e-05,-4.642236719e-05
memorization_02_t_one_oversample,1,4,0,0.5716806054,0.5716195703,6.103515625e-05,0.000106764434
memorization_02_t_one_oversample,1,5,0,0.5115814805,0.5116438866,-6.240606308e-05,-0.0001219865563
memorization_02_t_one_oversample,1,6,0,0.1603555232,0.1603316516,2.387166023e-05,0.0001488670908
memorization_02_t_one_oversample,1,7,0,0.3912025988,0.3912122846,-9.685754776e-06,-2.475892237e-05
memorization_02_t_one_oversample,1,8,0,0.5328586102,0.5319036841,0.0009549260139,0.001792081419
memorization_02_t_one_oversample,1,9,0,0.4113689661,0.4109277129,0.0004412531853,0.001072645779
memorization_02_t_one_oversample,1,10,0,0.5338000655,0.5336523652,0.0001477003098,0.0002766959379
memorization_02_t_one_oversample,1,11,0,0.4267908037,0.4267035723,8.723139763e-05,0.000204389122
memorization_02_t_one_oversample,1,12,0,0.2510662377,0.2512201965,-0.0001539587975,-0.0006132198374
memorization_02_t_one_oversample,1,13,0,0.4991305172,0.4995085895,-0.0003780722618,-0.0007574617234
memorization_02_t_one_oversample,1,14,0,0.9079454541,0.9079748392,-2.938508987e-05,-3.236437799e-05
memorization_02_t_one_oversample,1,15,0,0.531644702,0.5313121676,0.0003325343132,0.000625482229
memorization_02_t_one_oversample,1,16,0,0.5451871753,0.5446770191,0.0005101561546,0.0009357449657
memorization_02_t_one_oversample,1,17,0,0.3526231349,0.3525813818,4.175305367e-05,0.0001184070174
memorization_02_t_one_oversample,1,18,0,0.4435464442,0.4434809983,6.544589996e-05,0.0001475514026
memorization_02_t_one_oversample,1,19,0,0.2949351966,0.2949566543,-2.145767212e-05,-7.27538536e-05
memorization_02_t_one_oversample,1,20,0,0.04768945277,0.04758175462,0.0001076981425,0.002258322046
memorization_02_t_one_oversample,1,21,0,0.5559363365,0.5559802055,-4.386901855e-05,-7.891014793e-05
memorization_02_t_one_oversample,1,22,0,1.225304842,1.225707889,-0.000403046608,-0.0003289357833
memorization_02_t_one_oversample,1,23,0,0.3738675714,0.3731637597,0.0007038116455,0.001882515894
memorization_02_t_one_oversample,1,24,0,0.3895021975,0.389503479,-1.281499863e-06,-3.290096618e-06
memorization_02_t_one_oversample,1,25,0,0.5440544486,0.5438203812,0.00023406744,0.0004302279682
memorization_02_t_one_oversample,1,26,0,0.8356609344,0.835365057,0.0002958774567,0.0003540640043
memorization_02_t_one_oversample,1,27,0,0.4437530935,0.4436706901,8.24034214e-05,0.0001856965565
memorization_02_t_one_oversample,1,28,0,0.8565793633,0.8564497232,0.0001296401024,0.0001513462826
memorization_02_t_one_oversample,1,29,0,0.1286778897,0.1287643313,-8.644163609e-05,-0.0006717675918
memorization_02_t_one_oversample,1,30,0,0.4978980124,0.497905314,-7.301568985e-06,-1.466478838e-05
memorization_02_t_one_oversample,1,31,0,0.353372097,0.3530440629,0.0003280341625,0.0009282967311
memorization_02_t_one_oversample,1,32,0,0.5952577591,0.5951008201,0.0001569390297,0.0002636488602
memorization_02_t_one_oversample,1,33,0,0.5821378231,0.5823709965,-0.0002331733704,-0.0004005466766
memorization_02_t_one_oversample,2,0,0,0.7277191877,0.7277238369,-4.649162292e-06,-6.388676252e-06
memorization_02_t_one_oversample,2,1,0,0.3931538165,0.3931862116,-3.239512444e-05,-8.239809225e-05
memorization_02_t_one_oversample,2,2,1,0.317792803,0.3166275024,0.001165300608,0.003666856507
memorization_02_t_one_oversample,2,3,0,0.5058817863,0.5058858991,-4.11272049e-06,-8.129805422e-06
memorization_02_t_one_oversample,2,4,0,0.5716806054,0.5715582371,0.0001223683357,0.0002140501787
memorization_02_t_one_oversample,2,5,0,0.5115814805,0.5116832256,-0.0001017451286,-0.0001988835259
memorization_02_t_one_oversample,2,6,0,0.1603555232,0.1602826118,7.291138172e-05,0.0004546858147
memorization_02_t_one_oversample,2,7,0,0.3912025988,0.3912525475,-4.994869232e-05,-0.0001276798581
memorization_02_t_one_oversample,2,8,0,0.5328586102,0.531935215,0.0009233951569,0.001732908391
memorization_02_t_one_oversample,2,9,0,0.4113689661,0.4109318852,0.0004370808601,0.001062503242
memorization_02_t_one_oversample,2,10,0,0.5338000655,0.5335909724,0.0002090930939,0.0003917067595
memorization_02_t_one_oversample,2,11,0,0.4267908037,0.4267572761,3.352761269e-05,7.855748624e-05
memorization_02_t_one_oversample,2,12,0,0.2510662377,0.2510773838,-1.114606857e-05,-4.439493209e-05
memorization_02_t_one_oversample,2,13,0,0.4991305172,0.4997000396,-0.0005695223808,-0.001141028972
memorization_02_t_one_oversample,2,14,0,0.9079454541,0.9079868793,-4.142522812e-05,-4.562523875e-05
memorization_02_t_one_oversample,2,15,0,0.531644702,0.5315630436,8.165836334e-05,0.0001535957436
memorization_02_t_one_oversample,2,16,0,0.5451871753,0.5443812013,0.0008059740067,0.001478343665
memorization_02_t_one_oversample,2,17,0,0.3526231349,0.3525300622,9.307265282e-05,0.000263943694
memorization_02_t_one_oversample,2,18,0,0.4435464442,0.4434098303,0.0001366138458,0.0003080034743
memorization_02_t_one_oversample,2,19,0,0.2949351966,0.2950021923,-6.699562073e-05,-0.0002271536985
memorization_02_t_one_oversample,2,20,0,0.04768945277,0.04761396348,7.548928261e-05,0.001582934553
memorization_02_t_one_oversample,2,21,0,0.5559363365,0.5558081269,0.0001282095909,0.0002306191959
memorization_02_t_one_oversample,2,22,0,1.225304842,1.225796461,-0.0004916191101,-0.0004012218782
memorization_02_t_one_oversample,2,23,0,0.3738675714,0.3732168078,0.0006507635117,0.001740625723
memorization_02_t_one_oversample,2,24,0,0.3895021975,0.3895082474,-6.049871445e-06,-1.553231659e-05
memorization_02_t_one_oversample,2,25,0,0.5440544486,0.5437929034,0.0002615451813,0.0004807334669
memorization_02_t_one_oversample,2,26,0,0.8356609344,0.835480988,0.0001799464226,0.0002153342524
memorization_02_t_one_oversample,2,27,0,0.4437530935,0.4437099397,4.315376282e-05,9.724723828e-05
memorization_02_t_one_oversample,2,28,0,0.8565793633,0.8564985991,8.076429367e-05,9.428699444e-05
memorization_02_t_one_oversample,2,29,0,0.1286778897,0.1287813634,-0.0001034736633,-0.0008041293152
memorization_02_t_one_oversample,2,30,0,0.4978980124,0.4979716241,-7.36117363e-05,-0.0001478450093
memorization_02_t_one_oversample,2,31,0,0.353372097,0.353143692,0.0002284049988,0.0006463583308
memorization_02_t_one_oversample,2,32,0,0.5952577591,0.5951442122,0.0001135468483,0.0001907524036
memorization_02_t_one_oversample,2,33,0,0.5821378231,0.5823668838,-0.0002290606499,-0.0003934818196
memorization_02_t_one_oversample,3,0,0,0.7277191877,0.7277437449,-2.455711365e-05,-3.374531559e-05
memorization_02_t_one_oversample,3,1,0,0.3931538165,0.3931588531,-5.036592484e-06,-1.281074295e-05
memorization_02_t_one_oversample,3,2,0,0.317792803,0.3177125156,8.028745651e-05,0.0002526408897
memorization_02_t_one_oversample,3,3,1,0.5058817863,0.5056326985,0.0002490878105,0.0004923834327
memorization_02_t_one_oversample,3,4,0,0.5716806054,0.571618855,6.175041199e-05,0.0001080155797
memorization_02_t_one_oversample,3,5,0,0.5115814805,0.5116080046,-2.652406693e-05,-5.18471992e-05
memorization_02_t_one_oversample,3,6,0,0.1603555232,0.1603042185,5.130469799e-05,0.0003199434417
memorization_02_t_one_oversample,3,7,0,0.3912025988,0.3912237585,-2.11596489e-05,-5.408872272e-05
memorization_02_t_one_oversample,3,8,0,0.5328586102,0.5319576263,0.0009009838104,0.00169084968
memorization_02_t_one_oversample,3,9,0,0.4113689661,0.4109645486,0.0004044175148,0.0009831016633
memorization_02_t_one_oversample,3,10,0,0.5338000655,0.5337697268,3.033876419e-05,5.683544486e-05
memorization_02_t_one_oversample,3,11,0,0.4267908037,0.4267086387,8.216500282e-05,0.0001925182129
memorization_02_t_one_oversample,3,12,0,0.2510662377,0.2511150241,-4.878640175e-05,-0.0001943168552
memorization_02_t_one_oversample,3,13,0,0.4991305172,0.4994896054,-0.0003590881824,-0.0007194274244
memorization_02_t_one_oversample,3,14,0,0.9079454541,0.9080011845,-5.573034286e-05,-6.138071688e-05
memorization_02_t_one_oversample,3,15,0,0.531644702,0.5315502882,9.441375732e-05,0.0001775880715
memorization_02_t_one_oversample,3,16,0,0.5451871753,0.5442132354,0.0009739398956,0.001786432146
memorization_02_t_one_oversample,3,17,0,0.3526231349,0.3526109457,1.218914986e-05,3.45670736e-05
memorization_02_t_one_oversample,3,18,0,0.4435464442,0.4434666038,7.984042168e-05,0.0001800046483
memorization_02_t_one_oversample,3,19,0,0.2949351966,0.2949597538,-2.455711365e-05,-8.326274357e-05
memorization_02_t_one_oversample,3,20,0,0.04768945277,0.0475971438,9.230896831e-05,0.001935626495
memorization_02_t_one_oversample,3,21,0,0.5559363365,0.5559164882,1.984834671e-05,3.570255334e-05
memorization_02_t_one_oversample,3,22,0,1.225304842,1.225792885,-0.0004880428314,-0.0003983031934
memorization_02_t_one_oversample,3,23,0,0.3738675714,0.3732373416,0.0006302297115,0.001685703067
memorization_02_t_one_oversample,3,24,0,0.3895021975,0.3894830048,1.919269562e-05,4.927493539e-05
memorization_02_t_one_oversample,3,25,0,0.5440544486,0.543844521,0.0002099275589,0.0003858576277
memorization_02_t_one_oversample,3,26,0,0.8356609344,0.8356345296,2.640485764e-05,3.159757331e-05
memorization_02_t_one_oversample,3,27,0,0.4437530935,0.4437206089,3.24845314e-05,7.320406749e-05
memorization_02_t_one_oversample,3,28,0,0.8565793633,0.8564499617,0.0001294016838,0.0001510679446
memorization_02_t_one_oversample,3,29,0,0.1286778897,0.1287825108,-0.0001046210527,-0.0008130460717
memorization_02_t_one_oversample,3,30,0,0.4978980124,0.4979375601,-3.954768181e-05,-7.942928235e-05
memorization_02_t_one_oversample,3,31,0,0.353372097,0.3530628383,0.0003092586994,0.000875164457
memorization_02_t_one_oversample,3,32,0,0.5952577591,0.5951159596,0.0001417994499,0.0002382152064
memorization_02_t_one_oversample,3,33,0,0.5821378231,0.5823171735,-0.0001793503761,-0.0003080891999
memorization_02_t_one_oversample,4,0,0,0.7277191877,0.727863729,-0.0001445412636,-0.0001986223065
memorization_02_t_one_oversample,4,1,0,0.3931538165,0.3931791484,-2.533197403e-05,-6.443273083e-05
memorization_02_t_one_oversample,4,2,0,0.317792803,0.3176889122,0.0001038908958,0.0003269139353
memorization_02_t_one_oversample,4,3,0,0.5058817863,0.5059196949,-3.790855408e-05,-7.49355978e-05
memorization_02_t_one_oversample,4,4,1,0.5716806054,0.5708240271,0.0008565783501,0.001498351251
memorization_02_t_one_oversample,4,5,0,0.5115814805,0.5116533637,-7.18832016e-05,-0.0001405117354
memorization_02_t_one_oversample,4,6,0,0.1603555232,0.1602870822,6.844103336e-05,0.0004268080823
memorization_02_t_one_oversample,4,7,0,0.3912025988,0.3912351429,-3.254413605e-05,-8.318997917e-05
memorization_02_t_one_oversample,4,8,0,0.5328586102,0.5319091678,0.0009494423866,0.001781790457
memorization_02_t_one_oversample,4,9,0,0.4113689661,0.4109923542,0.000376611948,0.000915508896
memorization_02_t_one_oversample,4,10,0,0.5338000655,0.5336883068,0.000111758709,0.0002093643598
memorization_02_t_one_oversample,4,11,0,0.4267908037,0.4266900718,0.0001007318497,0.0002360216031
memorization_02_t_one_oversample,4,12,0,0.2510662377,0.2509849072,8.13305378e-05,0.0003239405606
memorization_02_t_one_oversample,4,13,0,0.4991305172,0.4995880127,-0.000457495451,-0.0009165848113
memorization_02_t_one_oversample,4,14,0,0.9079454541,0.90804106,-9.560585022e-05,-0.0001052991122
memorization_02_t_one_oversample,4,15,0,0.531644702,0.5315259695,0.0001187324524,0.0002233304535
memorization_02_t_one_oversample,4,16,0,0.5451871753,0.5442124605,0.000974714756,0.00178785342
memorization_02_t_one_oversample,4,17,0,0.3526231349,0.352632314,-9.179115295e-06,-2.603095029e-05
memorization_02_t_one_oversample,4,18,0,0.4435464442,0.4434153736,0.0001310706139,0.0002955059511
memorization_02_t_one_oversample,4,19,0,0.2949351966,0.2949650884,-2.989172935e-05,-0.00010135016
memorization_02_t_one_oversample,4,20,0,0.04768945277,0.04763510451,5.434826016e-05,0.001139628513
memorization_02_t_one_oversample,4,21,0,0.5559363365,0.5559847355,-4.839897156e-05,-8.705847842e-05
memorization_02_t_one_oversample,4,22,0,1.225304842,1.225869179,-0.0005643367767,-0.0004605684703
memorization_02_t_one_oversample,4,23,0,0.3738675714,0.3732192814,0.0006482899189,0.001734009496
memorization_02_t_one_oversample,4,24,0,0.3895021975,0.3895509839,-4.878640175e-05,-0.0001252532131
memorization_02_t_one_oversample,4,25,0,0.5440544486,0.5438883901,0.0001660585403,0.0003052241201
memorization_02_t_one_oversample,4,26,0,0.8356609344,0.8355199695,0.0001409649849,0.0001686868191
memorization_02_t_one_oversample,4,27,0,0.4437530935,0.4436581433,9.495019913e-05,0.0002139707881
memorization_02_t_one_oversample,4,28,0,0.8565793633,0.8565137386,6.56247139e-05,7.661253201e-05
memorization_02_t_one_oversample,4,29,0,0.1286778897,0.1287923604,-0.0001144707203,-0.0008895912154
memorization_02_t_one_oversample,4,30,0,0.4978980124,0.4980168641,-0.0001188516617,-0.000238706841
memorization_02_t_one_oversample,4,31,0,0.353372097,0.3530890048,0.0002830922604,0.0008011166211
memorization_02_t_one_oversample,4,32,0,0.5952577591,0.5951740146,8.374452591e-05,0.0001406861559
memorization_02_t_one_oversample,4,33,0,0.5821378231,0.5822511315,-0.0001133084297,-0.0001946419305
memorization_02_t_one_oversample,5,0,0,0.7277191877,0.7277202606,-1.072883606e-06,-1.474309904e-06
memorization_02_t_one_oversample,5,1,0,0.3931538165,0.3931563497,-2.533197403e-06,-6.443273083e-06
memorization_02_t_one_oversample,5,2,0,0.317792803,0.3177545071,3.829598427e-05,0.0001205061408
memorization_02_t_one_oversample,5,3,0,0.5058817863,0.5058633685,1.841783524e-05,3.64073895e-05
memorization_02_t_one_oversample,5,4,0,0.5716806054,0.5715972185,8.338689804e-05,0.0001458627374
memorization_02_t_one_oversample,5,5,1,0.5115814805,0.5111063123,0.0004751682281,0.0009288221843
memorization_02_t_one_oversample,5,6,0,0.1603555232,0.1602947414,6.078183651e-05,0.0003790442342
memorization_02_t_one_oversample,5,7,0,0.3912025988,0.3912315071,-2.890825272e-05,-7.389586062e-05
memorization_02_t_one_oversample,5,8,0,0.5328586102,0.531842947,0.001015663147,0.001906065
memorization_02_t_one_oversample,5,9,0,0.4113689661,0.4108473659,0.0005216002464,0.001267962072
memorization_02_t_one_oversample,5,10,0,0.5338000655,0.5336257219,0.000174343586,0.0003266084012
memorization_02_t_one_oversample,5,11,0,0.4267908037,0.4266786873,0.0001121163368,0.000262696234
memorization_02_t_one_oversample,5,12,0,0.2510662377,0.2510479987,1.82390213e-05,7.264625252e-05
memorization_02_t_one_oversample,5,13,0,0.4991305172,0.4994954169,-0.0003648996353,-0.0007310705771
memorization_02_t_one_oversample,5,14,0,0.9079454541,0.9079943299,-4.887580872e-05,-5.383121695e-05
memorization_02_t_one_oversample,5,15,0,0.531644702,0.5314862728,0.0001584291458,0.0002979981654
memorization_02_t_one_oversample,5,16,0,0.5451871753,0.5441763401,0.001010835171,0.001854106657
memorization_02_t_one_oversample,5,17,0,0.3526231349,0.3526085317,1.460313797e-05,4.141287547e-05
memorization_02_t_one_oversample,5,18,0,0.4435464442,0.4434727132,7.373094559e-05,0.0001662304964
memorization_02_t_one_oversample,5,19,0,0.2949351966,0.2949332595,1.937150955e-06,6.568056228e-06
memorization_02_t_one_oversample,5,20,0,0.04768945277,0.04757764563,0.0001118071377,0.002344483554
memorization_02_t_one_oversample,5,21,0,0.5559363365,0.555942297,-5.960464478e-06,-1.072148749e-05
memorization_02_t_one_oversample,5,22,0,1.225304842,1.225766897,-0.0004620552063,-0.0003770940834
memorization_02_t_one_oversample,5,23,0,0.3738675714,0.3731508851,0.0007166862488,0.001916952161
memorization_02_t_one_oversample,5,24,0,0.3895021975,0.3894814849,2.071261406e-05,5.317714301e-05
memorization_02_t_one_oversample,5,25,0,0.5440544486,0.5438398123,0.0002146363258,0.000394512583
memorization_02_t_one_oversample,5,26,0,0.8356609344,0.8355898261,7.110834122e-05,8.509233624e-05
memorization_02_t_one_oversample,5,27,0,0.4437530935,0.4437204301,3.266334534e-05,7.360702566e-05
memorization_02_t_one_oversample,5,28,0,0.8565793633,0.8562856913,0.0002936720848,0.0003428428204
memorization_02_t_one_oversample,5,29,0,0.1286778897,0.1287663877,-8.849799633e-05,-0.0006877482723
memorization_02_t_one_oversample,5,30,0,0.4978980124,0.4979599714,-6.195902824e-05,-0.0001244412042
memorization_02_t_one_oversample,5,31,0,0.353372097,0.3531214297,0.0002506673336,0.0007093580272
memorization_02_t_one_oversample,5,32,0,0.5952577591,0.5950902104,0.0001675486565,0.0002814724443
memorization_02_t_one_oversample,5,33,0,0.5821378231,0.5822943449,-0.0001565217972,-0.0002688741239
memorization_02_t_one_oversample,6,0,0,0.7277191877,0.7277695537,-5.036592484e-05,-6.921065939e-05
memorization_02_t_one_oversample,6,1,0,0.3931538165,0.3931747675,-2.095103264e-05,-5.328965855e-05
memorization_02_t_one_oversample,6,2,0,0.317792803,0.3177354634,5.733966827e-05,0.0001804309844
memorization_02_t_one_oversample,6,3,0,0.5058817863,0.5059236884,-4.190206528e-05,-8.282975669e-05
memorization_02_t_one_oversample,6,4,0,0.5716806054,0.5716037154,7.688999176e-05,0.0001344981639
memorization_02_t_one_oversample,6,5,0,0.5115814805,0.511664927,-8.344650269e-05,-0.000163114784
memorization_02_t_one_oversample,6,6,1,0.1603555232,0.1600651592,0.000290364027,0.001810751642
memorization_02_t_one_oversample,6,7,0,0.3912025988,0.3912433982,-4.079937935e-05,-0.0001042921992
memorization_02_t_one_oversample,6,8,0,0.5328586102,0.5318786502,0.0009799599648,0.001839061894
memorization_02_t_one_oversample,6,9,0,0.4113689661,0.4109295905,0.000439375639,0.001068081638
memorization_02_t_one_oversample,6,10,0,0.5338000655,0.5337131619,8.690357208e-05,0.0001628017261
memorization_02_t_one_oversample,6,11,0,0.4267908037,0.4266222715,0.0001685321331,0.0003948822975
memorization_02_t_one_oversample,6,12,0,0.2510662377,0.2511322796,-6.604194641e-05,-0.0002630459078
memorization_02_t_one_oversample,6,13,0,0.4991305172,0.4994673431,-0.0003368258476,-0.000674825193
memorization_02_t_one_oversample,6,14,0,0.9079454541,0.9080078602,-6.240606308e-05,-6.873327334e-05
memorization_02_t_one_oversample,6,15,0,0.531644702,0.5315217972,0.0001229047775,0.0002311784112
memorization_02_t_one_oversample,6,16,0,0.5451871753,0.5441750288,0.001012146473,0.00185651189
memorization_02_t_one_oversample,6,17,0,0.3526231349,0.352617234,5.900859833e-06,1.673418233e-05
memorization_02_t_one_oversample,6,18,0,0.4435464442,0.4434669316,7.951259613e-05,0.0001792655474
memorization_02_t_one_oversample,6,19,0,0.2949351966,0.2949623168,-2.712011337e-05,-9.19527872e-05
memorization_02_t_one_oversample,6,20,0,0.04768945277,0.04760342091,8.603185415e-05,0.001804001706
memorization_02_t_one_oversample,6,21,0,0.5559363365,0.5559573174,-2.098083496e-05,-3.773963597e-05
memorization_02_t_one_oversample,6,22,0,1.225304842,1.225791812,-0.0004869699478,-0.0003974275879
memorization_02_t_one_oversample,6,23,0,0.3738675714,0.3731433749,0.000724196434,0.001937039983
memorization_02_t_one_oversample,6,24,0,0.3895021975,0.3895516992,-4.950165749e-05,-0.0001270895461
memorization_02_t_one_oversample,6,25,0,0.5440544486,0.5438659191,0.0001885294914,0.0003465268815
memorization_02_t_one_oversample,6,26,0,0.8356609344,0.8354997635,0.0001611709595,0.000192866452
memorization_02_t_one_oversample,6,27,0,0.4437530935,0.4437138438,3.924965858e-05,8.844931824e-05
memorization_02_t_one_oversample,6,28,0,0.8565793633,0.8564523458,0.000127017498,0.0001482845647
memorization_02_t_one_oversample,6,29,0,0.1286778897,0.1287599355,-8.204579353e-05,-0.0006376059922
memorization_02_t_one_oversample,6,30,0,0.4978980124,0.4979594052,-6.139278412e-05,-0.0001233039349
memorization_02_t_one_oversample,6,31,0,0.353372097,0.3530924916,0.0002796053886,0.0007912491988
memorization_02_t_one_oversample,6,32,0,0.5952577591,0.5951330662,0.0001246929169,0.0002094771802
memorization_02_t_one_oversample,6,33,0,0.5821378231,0.5823211074,-0.0001832842827,-0.0003148468892
memorization_02_t_one_oversample,7,0,0,0.7277191877,0.7277728319,-5.36441803e-05,-7.371549521e-05
memorization_02_t_one_oversample,7,1,0,0.3931538165,0.3931723535,-1.853704453e-05,-4.714959832e-05
memorization_02_t_one_oversample,7,2,0,0.317792803,0.3177765012,1.630187035e-05,5.129716655e-05
memorization_02_t_one_oversample,7,3,0,0.5058817863,0.5059227347,-4.094839096e-05,-8.094458442e-05
memorization_02_t_one_oversample,7,4,0,0.5716806054,0.5716207027,5.9902668e-05,0.0001047834533
memorization_02_t_one_oversample,7,5,0,0.5115814805,0.5116696358,-8.815526962e-05,-0.0001723191182
memorization_02_t_one_oversample,7,6,0,0.1603555232,0.1603157371,3.978610039e-05,0.000248111818
memorization_02_t_one_oversample,7,7,1,0.3912025988,0.3909487426,0.0002538561821,0.0006489123101
memorization_02_t_one_oversample,7,8,0,0.5328586102,0.5318630934,0.000995516777,0.001868256904
memorization_02_t_one_oversample,7,9,0,0.4113689661,0.4109151363,0.0004538297653,0.001103218285
memorization_02_t_one_oversample,7,10,0,0.5338000655,0.5337436795,5.638599396e-05,0.0001056312983
memorization_02_t_one_oversample,7,11,0,0.4267908037,0.4267191291,7.167458534e-05,0.0001679384484
memorization_02_t_one_oversample,7,12,0,0.2510662377,0.2511371076,-7.086992264e-05,-0.0002822757982
memorization_02_t_one_oversample,7,13,0,0.4991305172,0.4995235205,-0.0003930032253,-0.0007873756698
memorization_02_t_one_oversample,7,14,0,0.9079454541,0.9080354571,-9.000301361e-05,-9.912821657e-05
memorization_02_t_one_oversample,7,15,0,0.531644702,0.5314844847,0.0001602172852,0.0003013615758
memorization_02_t_one_oversample,7,16,0,0.5451871753,0.5440955758,0.001091599464,0.002002247144
memorization_02_t_one_oversample,7,17,0,0.3526231349,0.3526211679,1.966953278e-06,5.578060777e-06
memorization_02_t_one_oversample,7,18,0,0.4435464442,0.4434316456,0.0001147985458,0.0002588196734
memorization_02_t_one_oversample,7,19,0,0.2949351966,0.2949663699,-3.117322922e-05,-0.0001056951818
memorization_02_t_one_oversample,7,20,0,0.04768945277,0.04758612812,0.0001033246517,0.002166614329
memorization_02_t_one_oversample,7,21,0,0.5559363365,0.555962503,-2.616643906e-05,-4.706733008e-05
memorization_02_t_one_oversample,7,22,0,1.225304842,1.225854278,-0.0005494356155,-0.0004484072834
memorization_02_t_one_oversample,7,23,0,0.3738675714,0.3731135428,0.0007540285587,0.002016833276
memorization_02_t_one_oversample,7,24,0,0.3895021975,0.3895090818,-6.884336472e-06,-1.767470509e-05
memorization_02_t_one_oversample,7,25,0,0.5440544486,0.5438492298,0.000205218792,0.0003772026724
memorization_02_t_one_oversample,7,26,0,0.8356609344,0.835544467,0.0001164674759,0.000139371689
memorization_02_t_one_oversample,7,27,0,0.4437530935,0.4437022507,5.084276199e-05,0.0001145744396
memorization_02_t_one_oversample,7,28,0,0.8565793633,0.8564732075,0.0001061558723,0.0001239299905
memorization_02_t_one_oversample,7,29,0,0.1286778897,0.1287458539,-6.796419621e-05,-0.0005281730712
memorization_02_t_one_oversample,7,30,0,0.4978980124,0.4980157912,-0.0001177787781,-0.000236552015
memorization_02_t_one_oversample,7,31,0,0.353372097,0.3530631959,0.0003089010715,0.0008741524137
memorization_02_t_one_oversample,7,32,0,0.5952577591,0.595138371,0.0001193881035,0.0002005653881
memorization_02_t_one_oversample,7,33,0,0.5821378231,0.5823305249,-0.0001927018166,-0.0003310243879
memorization_02_t_one_oversample,8,0,0,0.7277191877,0.7277165651,2.62260437e-06,3.603868655e-06
memorization_02_t_one_oversample,8,1,0,0.3931538165,0.3931641579,-1.034140587e-05,-2.630371482e-05
memorization_02_t_one_oversample,8,2,0,0.317792803,0.3177699447,2.285838127e-05,7.192856809e-05
memorization_02_t_one_oversample,8,3,0,0.5058817863,0.5059589744,-7.718801498e-05,-0.0001525811307
memorization_02_t_one_oversample,8,4,0,0.5716806054,0.5716240406,5.656480789e-05,9.894477328e-05
memorization_02_t_one_oversample,8,5,0,0.5115814805,0.5116645694,-8.308887482e-05,-0.0001624157206
memorization_02_t_one_oversample,8,6,0,0.1603555232,0.1603155285,3.999471664e-05,0.0002494127788
memorization_02_t_one_oversample,8,7,0,0.3912025988,0.3912307322,-2.813339233e-05,-7.191514683e-05
memorization_02_t_one_oversample,8,8,1,0.5328586102,0.5306613445,0.002197265625,0.004123543437
memorization_02_t_one_oversample,8,9,0,0.4113689661,0.4106128812,0.000756084919,0.001837972675
memorization_02_t_one_oversample,8,10,0,0.5338000655,0.5335587263,0.0002413392067,0.0004521153561
memorization_02_t_one_oversample,8,11,0,0.4267908037,0.4266758263,0.0001149773598,0.0002693998061
memorization_02_t_one_oversample,8,12,0,0.2510662377,0.2512173057,-0.0001510679722,-0.0006017056438
memorization_02_t_one_oversample,8,13,0,0.4991305172,0.4996246397,-0.0004941225052,-0.000989966528
memorization_02_t_one_oversample,8,14,0,0.9079454541,0.9080539346,-0.0001084804535,-0.0001194790425
memorization_02_t_one_oversample,8,15,0,0.531644702,0.5314418077,0.0002028942108,0.0003816349718
memorization_02_t_one_oversample,8,16,0,0.5451871753,0.5436807275,0.001506447792,0.002763175402
memorization_02_t_one_oversample,8,17,0,0.3526231349,0.3526324034,-9.268522263e-06,-2.628449851e-05
memorization_02_t_one_oversample,8,18,0,0.4435464442,0.4434606433,8.580088615e-05,0.0001934428452
memorization_02_t_one_oversample,8,19,0,0.2949351966,0.2949043512,3.084540367e-05,0.0001045836646
memorization_02_t_one_oversample,8,20,0,0.04768945277,0.04759000242,9.945034981e-05,0.002085374103
memorization_02_t_one_oversample,8,21,0,0.5559363365,0.5559175014,1.883506775e-05,3.387990047e-05
memorization_02_t_one_oversample,8,22,0,1.225304842,1.226211667,-0.0009068250656,-0.00074008119
memorization_02_t_one_oversample,8,23,0,0.3738675714,0.3726480603,0.001219511032,0.003261879675
memorization_02_t_one_oversample,8,24,0,0.3895021975,0.3894896209,1.257658005e-05,3.228885518e-05
memorization_02_t_one_oversample,8,25,0,0.5440544486,0.5438642502,0.0001901984215,0.0003495944606
memorization_02_t_one_oversample,8,26,0,0.8356609344,0.8354306221,0.0002303123474,0.0002756050186
memorization_02_t_one_oversample,8,27,0,0.4437530935,0.4437341094,1.898407936e-05,4.278072568e-05
memorization_02_t_one_oversample,8,28,0,0.8565793633,0.856339097,0.0002402663231,0.0002804951104
memorization_02_t_one_oversample,8,29,0,0.1286778897,0.1287687868,-9.089708328e-05,-0.0007063923996
memorization_02_t_one_oversample,8,30,0,0.4978980124,0.4979865849,-8.857250214e-05,-0.0001778928615
memorization_02_t_one_oversample,8,31,0,0.353372097,0.352935642,0.0004364550114,0.00123511453
memorization_02_t_one_oversample,8,32,0,0.5952577591,0.5951009989,0.0001567602158,0.0002633484627
memorization_02_t_one_oversample,8,33,0,0.5821378231,0.5823789239,-0.0002411007881,-0.0004141644445
memorization_02_t_one_oversample,9,0,0,0.7277191877,0.7277130485,6.139278412e-06,8.436328896e-06
memorization_02_t_one_oversample,9,1,0,0.3931538165,0.393168509,-1.469254494e-05,-3.737098388e-05
memorization_02_t_one_oversample,9,2,0,0.317792803,0.317730844,6.195902824e-05,0.0001949667445
memorization_02_t_one_oversample,9,3,0,0.5058817863,0.5059350729,-5.328655243e-05,-0.0001053340007
memorization_02_t_one_oversample,9,4,0,0.5716806054,0.5716238618,5.674362183e-05,9.925755971e-05
memorization_02_t_one_oversample,9,5,0,0.5115814805,0.511623621,-4.214048386e-05,-8.237296591e-05
memorization_02_t_one_oversample,9,6,0,0.1603555232,0.1603051126,5.041062832e-05,0.0003143678952
memorization_02_t_one_oversample,9,7,0,0.3912025988,0.3912197948,-1.719594002e-05,-4.395660987e-05
memorization_02_t_one_oversample,9,8,0,0.5328586102,0.5313546658,0.001503944397,0.002822407987
memorization_02_t_one_oversample,9,9,1,0.4113689661,0.4099911153,0.001377850771,0.003349428091
memorization_02_t_one_oversample,9,10,0,0.5338000655,0.533677876,0.0001221895218,0.0002289050333
memorization_02_t_one_oversample,9,11,0,0.4267908037,0.4266706705,0.0001201331615,0.0002814802018
memorization_02_t_one_oversample,9,12,0,0.2510662377,0.251183629,-0.0001173913479,-0.0004675712233
memorization_02_t_one_oversample,9,13,0,0.4991305172,0.4995996058,-0.0004690885544,-0.0009398114084
memorization_02_t_one_oversample,9,14,0,0.9079454541,0.9079847932,-3.933906555e-05,-4.332756486e-05
memorization_02_t_one_oversample,9,15,0,0.531644702,0.5314751863,0.0001695156097,0.0003188513101
memorization_02_t_one_oversample,9,16,0,0.5451871753,0.5438774228,0.001309752464,0.002402390452
memorization_02_t_one_oversample,9,17,0,0.3526231349,0.3526347578,-1.162290573e-05,-3.296126823e-05
memorization_02_t_one_oversample,9,18,0,0.4435464442,0.4434854686,6.097555161e-05,0.0001374727549
memorization_02_t_one_oversample,9,19,0,0.2949351966,0.2949459255,-1.072883606e-05,-3.63769268e-05
memorization_02_t_one_oversample,9,20,0,0.04768945277,0.04758891091,0.0001005418599,0.002108261975
memorization_02_t_one_oversample,9,21,0,0.5559363365,0.5558871031,4.923343658e-05,8.855948667e-05
memorization_02_t_one_oversample,9,22,0,1.225304842,1.226134181,-0.0008293390274,-0.0006768430181
memorization_02_t_one_oversample,9,23,0,0.3738675714,0.3724054098,0.001462161541,0.00391090764
memorization_02_t_one_oversample,9,24,0,0.3895021975,0.3894916773,1.05202198e-05,2.700939782e-05
memorization_02_t_one_oversample,9,25,0,0.5440544486,0.5438711643,0.0001832842827,0.0003368859186
memorization_02_t_one_oversample,9,26,0,0.8356609344,0.8354259133,0.0002350211143,0.0002812398003
memorization_02_t_one_oversample,9,27,0,0.4437530935,0.4437216222,3.147125244e-05,7.092063786e-05
memorization_02_t_one_oversample,9,28,0,0.8565793633,0.8563123941,0.0002669692039,0.0003116689654
memorization_02_t_one_oversample,9,29,0,0.1286778897,0.1287661046,-8.821487427e-05,-0.0006855480337
memorization_02_t_one_oversample,9,30,0,0.4978980124,0.4979707599,-7.274746895e-05,-0.0001461091773
memorization_02_t_one_oversample,9,31,0,0.353372097,0.3529301286,0.000441968441,0.001250716864
memorization_02_t_one_oversample,9,32,0,0.5952577591,0.5951076746,0.0001500844955,0.0002521336232
memorization_02_t_one_oversample,9,33,0,0.5821378231,0.5823532939,-0.0002154707909,-0.0003701370746
memorization_02_t_one_oversample,10,0,0,0.7277191877,0.727715373,3.814697266e-06,5.24199077e-06
memorization_02_t_one_oversample,10,1,0,0.3931538165,0.3930794895,7.432699203e-05,0.0001890532126
memorization_02_t_one_oversample,10,2,0,0.317792803,0.3176163435,0.0001764595509,0.0005552660386
memorization_02_t_one_oversample,10,3,0,0.5058817863,0.5059466958,-6.490945816e-05,-0.0001283095377
memorization_02_t_one_oversample,10,4,0,0.5716806054,0.5716047287,7.58767128e-05,0.0001327257075
memorization_02_t_one_oversample,10,5,0,0.5115814805,0.5115842223,-2.74181366e-06,-5.35948576e-06
memorization_02_t_one_oversample,10,6,0,0.1603555232,0.1602818519,7.367134094e-05,0.0004594250292
memorization_02_t_one_oversample,10,7,0,0.3912025988,0.3912327886,-3.018975258e-05,-7.71716565e-05
memorization_02_t_one_oversample,10,8,0,0.5328586102,0.5314818025,0.00137680769,0.002583814287
memorization_02_t_one_oversample,10,9,0,0.4113689661,0.4108600318,0.0005089342594,0.001237172226
memorization_02_t_one_oversample,10,10,1,0.5338000655,0.5320346951,0.001765370369,0.003307175257
memorization_02_t_one_oversample,10,11,0,0.4267908037,0.4267097712,8.103251457e-05,0.0001898647156
memorization_02_t_one_oversample,10,12,0,0.2510662377,0.2511045337,-3.829598427e-05,-0.0001525333897
memorization_02_t_one_oversample,10,13,0,0.4991305172,0.4995729327,-0.0004424154758,-0.0008863723226
memorization_02_t_one_oversample,10,14,0,0.9079454541,0.9080750346,-0.0001295804977,-0.0001427183727
memorization_02_t_one_oversample,10,15,0,0.531644702,0.5315063,0.0001384019852,0.0002603279684
memorization_02_t_one_oversample,10,16,0,0.5451871753,0.5440721512,0.00111502409,0.002045213351
memorization_02_t_one_oversample,10,17,0,0.3526231349,0.3525732458,4.988908768e-05,0.0001414799052
memorization_02_t_one_oversample,10,18,0,0.4435464442,0.4434390366,0.0001074075699,0.0002421563092
memorization_02_t_one_oversample,10,19,0,0.2949351966,0.2949090302,2.616643906e-05,8.871928259e-05
memorization_02_t_one_oversample,10,20,0,0.04768945277,0.04765165225,3.780052066e-05,0.0007926390106
memorization_02_t_one_oversample,10,21,0,0.5559363365,0.5559712052,-3.486871719e-05,-6.272070182e-05
memorization_02_t_one_oversample,10,22,0,1.225304842,1.22595644,-0.0006515979767,-0.0005317843808
memorization_02_t_one_oversample,10,23,0,0.3738675714,0.3730048537,0.0008627176285,0.002307548701
memorization_02_t_one_oversample,10,24,0,0.3895021975,0.3895318806,-2.96831131e-05,-7.620781934e-05
memorization_02_t_one_oversample,10,25,0,0.5440544486,0.5439265966,0.000127851963,0.00023499847
memorization_02_t_one_oversample,10,26,0,0.8356609344,0.8355318904,0.0001290440559,0.000154421549
memorization_02_t_one_oversample,10,27,0,0.4437530935,0.4437023103,5.078315735e-05,0.0001144401202
memorization_02_t_one_oversample,10,28,0,0.8565793633,0.8562477231,0.0003316402435,0.0003871681454
memorization_02_t_one_oversample,10,29,0,0.1286778897,0.128883481,-0.000205591321,-0.001597720645
memorization_02_t_one_oversample,10,30,0,0.4978980124,0.4980735481,-0.0001755356789,-0.0003525534838
memorization_02_t_one_oversample,10,31,0,0.353372097,0.3532910645,8.103251457e-05,0.0002293121479
memorization_02_t_one_oversample,10,32,0,0.5952577591,0.5952435136,1.42455101e-05,2.393166638e-05
memorization_02_t_one_oversample,10,33,0,0.5821378231,0.5821999311,-6.210803986e-05,-0.00010668958
memorization_02_t_one_oversample,11,0,0,0.7277191877,0.7277320623,-1.287460327e-05,-1.769171885e-05
memorization_02_t_one_oversample,11,1,0,0.3931538165,0.3931583464,-4.529953003e-06,-1.152208834e-05
memorization_02_t_one_oversample,11,2,0,0.317792803,0.3178475201,-5.47170639e-05,-0.0001721784237
memorization_02_t_one_oversample,11,3,0,0.5058817863,0.5059341788,-5.239248276e-05,-0.0001035666517
memorization_02_t_one_oversample,11,4,0,0.5716806054,0.571600914,7.969141006e-05,0.0001393984846
memorization_02_t_one_oversample,11,5,0,0.5115814805,0.5116529465,-7.146596909e-05,-0.0001396961614
memorization_02_t_one_oversample,11,6,0,0.1603555232,0.1602380723,0.0001174509525,0.0007324409547
memorization_02_t_one_oversample,11,7,0,0.3912025988,0.3912485242,-4.59253788e-05,-0.0001173953827
memorization_02_t_one_oversample,11,8,0,0.5328586102,0.5317870975,0.001071512699,0.002010876204
memorization_02_t_one_oversample,11,9,0,0.4113689661,0.4108724296,0.0004965364933,0.0012070344
memorization_02_t_one_oversample,11,10,0,0.5338000655,0.5337618589,3.82065773e-05,7.157469579e-05
memorization_02_t_one_oversample,11,11,1,0.4267908037,0.4263070524,0.000483751297,0.001133462326
memorization_02_t_one_oversample,11,12,0,0.2510662377,0.2511186898,-5.24520874e-05,-0.0002089173275
memorization_02_t_one_oversample,11,13,0,0.4991305172,0.4995056391,-0.0003751218319,-0.0007515505843
memorization_02_t_one_oversample,11,14,0,0.9079454541,0.9080044031,-5.894899368e-05,-6.492569946e-05
memorization_02_t_one_oversample,11,15,0,0.531644702,0.531440258,0.0002044439316,0.0003845499275
memorization_02_t_one_oversample,11,16,0,0.5451871753,0.5441467166,0.001040458679,0.001908443057
memorization_02_t_one_oversample,11,17,0,0.3526231349,0.3526388705,-1.573562622e-05,-4.462448622e-05
memorization_02_t_one_oversample,11,18,0,0.4435464442,0.4434761703,7.027387619e-05,0.0001584363422
memorization_02_t_one_oversample,11,19,0,0.2949351966,0.2949272692,7.927417755e-06,2.687850703e-05
memorization_02_t_one_oversample,11,20,0,0.04768945277,0.04758113623,0.0001083165407,0.002271289236
memorization_02_t_one_oversample,11,21,0,0.5559363365,0.555904448,3.188848495e-05,5.735995807e-05
memorization_02_t_one_oversample,11,22,0,1.225304842,1.225833297,-0.0005284547806,-0.0004312843322
memorization_02_t_one_oversample,11,23,0,0.3738675714,0.3730144799,0.0008530914783,0.002281801214
memorization_02_t_one_oversample,11,24,0,0.3895021975,0.3895051181,-2.920627594e-06,-7.498359734e-06
memorization_02_t_one_oversample,11,25,0,0.5440544486,0.5439293385,0.0001251101494,0.0002299588758
memorization_02_t_one_oversample,11,26,0,0.8356609344,0.8354732394,0.0001876950264,0.000224606678
memorization_02_t_one_oversample,11,27,0,0.4437530935,0.4437008202,5.227327347e-05,0.0001177981049
memorization_02_t_one_oversample,11,28,0,0.8565793633,0.856431067,0.0001482963562,0.0001731262304
memorization_02_t_one_oversample,11,29,0,0.1286778897,0.1287931949,-0.0001153051853,-0.0008960761292
memorization_02_t_one_oversample,11,30,0,0.4978980124,0.4979574978,-5.948543549e-05,-0.0001194731331
memorization_02_t_one_oversample,11,31,0,0.353372097,0.3530156016,0.0003564953804,0.001008838512
memorization_02_t_one_oversample,11,32,0,0.5952577591,0.5951209664,0.0001367926598,0.0002298040768
memorization_02_t_one_oversample,11,33,0,0.5821378231,0.5823830962,-0.0002452731133,-0.0004213316907
memorization_02_t_one_oversample,12,0,0,0.7277191877,0.7277843356,-6.514787674e-05,-8.952337363e-05
memorization_02_t_one_oversample,12,1,0,0.3931538165,0.3932541013,-0.0001002848148,-0.0002550778109
memorization_02_t_one_oversample,12,2,0,0.317792803,0.3177654147,2.738833427e-05,8.618299097e-05
memorization_02_t_one_oversample,12,3,0,0.5058817863,0.5059375167,-5.573034286e-05,-0.0001101647546
memorization_02_t_one_oversample,12,4,0,0.5716806054,0.5715709329,0.0001096725464,0.0001918423423
memorization_02_t_one_oversample,12,5,0,0.5115814805,0.5116503835,-6.890296936e-05,-0.0001346862074
memorization_02_t_one_oversample,12,6,0,0.1603555232,0.16029571,5.981326103e-05,0.0003730040589
memorization_02_t_one_oversample,12,7,0,0.3912025988,0.3912326992,-3.010034561e-05,-7.69431126e-05
memorization_02_t_one_oversample,12,8,0,0.5328586102,0.5320016146,0.0008569955826,0.001608298273
memorization_02_t_one_oversample,12,9,0,0.4113689661,0.4110057056,0.0003632605076,0.0008830527763
memorization_02_t_one_oversample,12,10,0,0.5338000655,0.5337180495,8.201599121e-05,0.0001536455248
memorization_02_t_one_oversample,12,11,0,0.4267908037,0.4266993999,9.140372276e-05,0.0002141651647
memorization_02_t_one_oversample,12,12,1,0.2510662377,0.2477499545,0.003316283226,0.01320879803
memorization_02_t_one_oversample,12,13,0,0.4991305172,0.4995577633,-0.0004272460938,-0.0008559807084
memorization_02_t_one_oversample,12,14,0,0.9079454541,0.907958746,-1.329183578e-05,-1.46394651e-05
memorization_02_t_one_oversample,12,15,0,0.531644702,0.5314842463,0.0001604557037,0.0003018100305
memorization_02_t_one_oversample,12,16,0,0.5451871753,0.5445362926,0.0006508827209,0.001193870198
memorization_02_t_one_oversample,12,17,0,0.3526231349,0.3526173234,5.811452866e-06,1.648063411e-05
memorization_02_t_one_oversample,12,18,0,0.4435464442,0.4434520006,9.444355965e-05,0.0002129282308
memorization_02_t_one_oversample,12,19,0,0.2949351966,0.2949683368,-3.31401825e-05,-0.000112364285
memorization_02_t_one_oversample,12,20,0,0.04768945277,0.04762240499,6.704777479e-05,0.0014059246
memorization_02_t_one_oversample,12,21,0,0.5559363365,0.5557799935,0.0001563429832,0.0002812246169
memorization_02_t_one_oversample,12,22,0,1.225304842,1.225767493,-0.0004626512527,-0.0003775805309
memorization_02_t_one_oversample,12,23,0,0.3738675714,0.3731813133,0.0006862580776,0.001835564596
memorization_02_t_one_oversample,12,24,0,0.3895021975,0.3894529641,4.923343658e-05,0.0001264009212
memorization_02_t_one_oversample,12,25,0,0.5440544486,0.5439064503,0.000147998333,0.000272028532
memorization_02_t_one_oversample,12,26,0,0.8356609344,0.835296452,0.0003644824028,0.0004361606338
memorization_02_t_one_oversample,12,27,0,0.4437530935,0.4433627725,0.0003903210163,0.0008795905247
memorization_02_t_one_oversample,12,28,0,0.8565793633,0.8565137386,6.56247139e-05,7.661253201e-05
memorization_02_t_one_oversample,12,29,0,0.1286778897,0.1287669986,-8.910894394e-05,-0.0006924961557
memorization_02_t_one_oversample,12,30,0,0.4978980124,0.4979892075,-9.119510651e-05,-0.000183160214
memorization_02_t_one_oversample,12,31,0,0.353372097,0.3529659808,0.0004061162472,0.001149259522
memorization_02_t_one_oversample,12,32,0,0.5952577591,0.5951866508,7.110834122e-05,0.0001194580669
memorization_02_t_one_oversample,12,33,0,0.5821378231,0.5821642876,-2.646446228e-05,-4.546081912e-05
memorization_02_t_one_oversample,13,0,0,0.7277191877,0.7277218103,-2.62260437e-06,-3.603868655e-06
memorization_02_t_one_oversample,13,1,0,0.3931538165,0.3931987584,-4.494190216e-05,-0.0001143112448
memorization_02_t_one_oversample,13,2,0,0.317792803,0.3179069161,-0.0001141130924,-0.0003590801658
memorization_02_t_one_oversample,13,3,0,0.5058817863,0.5059243441,-4.255771637e-05,-8.412581263e-05
memorization_02_t_one_oversample,13,4,0,0.5716806054,0.5717217326,-4.11272049e-05,-7.194087836e-05
memorization_02_t_one_oversample,13,5,0,0.5115814805,0.5116718411,-9.036064148e-05,-0.0001766300089
memorization_02_t_one_oversample,13,6,0,0.1603555232,0.1602848321,7.06911087e-05,0.0004408398743
memorization_02_t_one_oversample,13,7,0,0.3912025988,0.3912464082,-4.380941391e-05,-0.0001119865104
memorization_02_t_one_oversample,13,8,0,0.5328586102,0.5322079062,0.000650703907,0.001221156785
memorization_02_t_one_oversample,13,9,0,0.4113689661,0.4110897481,0.0002792179585,0.0006787530938
memorization_02_t_one_oversample,13,10,0,0.5338000655,0.5338259935,-2.592802048e-05,-4.857253146e-05
memorization_02_t_one_oversample,13,11,0,0.4267908037,0.426726371,6.4432621e-05,0.0001509700313
memorization_02_t_one_oversample,13,12,0,0.2510662377,0.2511033416,-3.710389137e-05,-0.0001477852686
memorization_02_t_one_oversample,13,13,1,0.4991305172,0.4981186092,0.001011908054,0.002027341586
memorization_02_t_one_oversample,13,14,0,0.9079454541,0.9079986811,-5.322694778e-05,-5.862350821e-05
memorization_02_t_one_oversample,13,15,0,0.531644702,0.5314882994,0.0001564025879,0.0002941863002
memorization_02_t_one_oversample,13,16,0,0.5451871753,0.5443131924,0.0008739829063,0.001603087794
memorization_02_t_one_oversample,13,17,0,0.3526231349,0.3526235521,-4.172325134e-07,-1.183225013e-06
memorization_02_t_one_oversample,13,18,0,0.4435464442,0.4435236454,2.279877663e-05,5.140110337e-05
memorization_02_t_one_oversample,13,19,0,0.2949351966,0.2949468493,-1.165270805e-05,-3.950938439e-05
memorization_02_t_one_oversample,13,20,0,0.04768945277,0.04758682474,0.0001026280224,0.002152006712
memorization_02_t_one_oversample,13,21,0,0.5559363365,0.5559691191,-3.278255463e-05,-5.89681812e-05
memorization_02_t_one_oversample,13,22,0,1.225304842,1.225474715,-0.0001698732376,-0.0001386375307
memorization_02_t_one_oversample,13,23,0,0.3738675714,0.3733079731,0.0005595982075,0.001496781883
memorization_02_t_one_oversample,13,24,0,0.3895021975,0.3894990087,3.188848495e-06,8.186984607e-06
memorization_02_t_one_oversample,13,25,0,0.5440544486,0.5438623428,0.0001921057701,0.0003531002652
memorization_02_t_one_oversample,13,26,0,0.8356609344,0.835470736,0.0001901984215,0.0002276023847
memorization_02_t_one_oversample,13,27,0,0.4437530935,0.4436711967,8.189678192e-05,0.0001845548417
memorization_02_t_one_oversample,13,28,0,0.8565793633,0.8566468358,-6.747245789e-05,-7.876965144e-05
memorization_02_t_one_oversample,13,29,0,0.1286778897,0.1287391186,-6.122887135e-05,-0.0004758305524
memorization_02_t_one_oversample,13,30,0,0.4978980124,0.4979676008,-6.958842278e-05,-0.0001397644117
memorization_02_t_one_oversample,13,31,0,0.353372097,0.3532280028,0.0001440942287,0.0004077691192
memorization_02_t_one_oversample,13,32,0,0.5952577591,0.5951430202,0.0001147389412,0.0001927550535
memorization_02_t_one_oversample,13,33,0,0.5821378231,0.5822395086,-0.000101685524,-0.0001746760302
memorization_02_t_one_oversample,14,0,0,0.7277191877,0.7277745605,-5.5372715e-05,-7.609077228e-05
memorization_02_t_one_oversample,14,1,0,0.3931538165,0.3931753337,-2.151727676e-05,-5.47299196e-05
memorization_02_t_one_oversample,14,2,0,0.317792803,0.3177193403,7.346272469e-05,0.0002311654763
memorization_02_t_one_oversample,14,3,0,0.5058817863,0.5059186816,-3.689527512e-05,-7.293260226e-05
memorization_02_t_one_oversample,14,4,0,0.5716806054,0.5716530681,2.753734589e-05,4.816910986e-05
memorization_02_t_one_oversample,14,5,0,0.5115814805,0.5116625428,-8.106231689e-05,-0.0001584543616
memorization_02_t_one_oversample,14,6,0,0.1603555232,0.1603120863,4.343688488e-05,0.0002708786327
memorization_02_t_one_oversample,14,7,0,0.3912025988,0.3912584782,-5.587935448e-05,-0.0001428399368
memorization_02_t_one_oversample,14,8,0,0.5328586102,0.5320268273,0.0008317828178,0.001560982223
memorization_02_t_one_oversample,14,9,0,0.4113689661,0.4108994901,0.0004694759846,0.0011412528
memorization_02_t_one_oversample,14,10,0,0.5338000655,0.5338333845,-3.331899643e-05,-6.241849445e-05
memorization_02_t_one_oversample,14,11,0,0.4267908037,0.4267078638,8.29398632e-05,0.0001943337637
memorization_02_t_one_oversample,14,12,0,0.2510662377,0.2510643005,1.937150955e-06,7.715696754e-06
memorization_02_t_one_oversample,14,13,0,0.4991305172,0.4995038211,-0.0003733038902,-0.0007479083673
memorization_02_t_one_oversample,14,14,1,0.9079454541,0.907535553,0.0004099011421,0.0004514600963
memorization_02_t_one_oversample,14,15,0,0.531644702,0.5315182805,0.0001264214516,0.0002377931184
memorization_02_t_one_oversample,14,16,0,0.5451871753,0.5445937514,0.0005934238434,0.001088477261
memorization_02_t_one_oversample,14,17,0,0.3526231349,0.3526060581,1.707673073e-05,4.842770947e-05
memorization_02_t_one_oversample,14,18,0,0.4435464442,0.4434370697,0.0001093745232,0.0002465909142
memorization_02_t_one_oversample,14,19,0,0.2949351966,0.2949597538,-2.455711365e-05,-8.326274357e-05
memorization_02_t_one_oversample,14,20,0,0.04768945277,0.047594551,9.490177035e-05,0.001989994954
memorization_02_t_one_oversample,14,21,0,0.5559363365,0.555811882,0.0001244544983,0.0002238646588
memorization_02_t_one_oversample,14,22,0,1.225304842,1.225679398,-0.0003745555878,-0.0003056835939
memorization_02_t_one_oversample,14,23,0,0.3738675714,0.3731953502,0.0006722211838,0.0017980195
memorization_02_t_one_oversample,14,24,0,0.3895021975,0.3895070553,-4.857778549e-06,-1.24717616e-05
memorization_02_t_one_oversample,14,25,0,0.5440544486,0.5438421369,0.0002123117447,0.0003902398836
memorization_02_t_one_oversample,14,26,0,0.8356609344,0.835542202,0.0001187324524,0.0001420820904
memorization_02_t_one_oversample,14,27,0,0.4437530935,0.4437283576,2.473592758e-05,5.57425468e-05
memorization_02_t_one_oversample,14,28,0,0.8565793633,0.8564604521,0.0001189112663,0.000138821073
memorization_02_t_one_oversample,14,29,0,0.1286778897,0.1287520081,-7.411837578e-05,-0.0005759993107
memorization_02_t_one_oversample,14,30,0,0.4978980124,0.4978971481,8.642673492e-07,1.735832094e-06
memorization_02_t_one_oversample,14,31,0,0.353372097,0.3530608118,0.0003112852573,0.0008808993692
memorization_02_t_one_oversample,14,32,0,0.5952577591,0.5950974822,0.0001602768898,0.0002692562799
memorization_02_t_one_oversample,14,33,0,0.5821378231,0.5823430419,-0.000205218792,-0.0003525261267
memorization_02_t_one_oversample,15,0,0,0.7277191877,0.727704823,1.436471939e-05,1.97393715e-05
memorization_02_t_one_oversample,15,1,0,0.3931538165,0.3929516971,0.0002021193504,0.0005140973888
memorization_02_t_one_oversample,15,2,0,0.317792803,0.3178688884,-7.608532906e-05,-0.0002394180369
memorization_02_t_one_oversample,15,3,0,0.5058817863,0.5059685707,-8.678436279e-05,-0.0001715506767
memorization_02_t_one_oversample,15,4,0,0.5716806054,0.5716351867,4.541873932e-05,7.944775262e-05
memorization_02_t_one_oversample,15,5,0,0.5115814805,0.5116505623,-6.908178329e-05,-0.000135035739
memorization_02_t_one_oversample,15,6,0,0.1603555232,0.1603286117,2.691149712e-05,0.0001678239488
memorization_02_t_one_oversample,15,7,0,0.3912025988,0.3912222385,-1.963973045e-05,-5.020347644e-05
memorization_02_t_one_oversample,15,8,0,0.5328586102,0.531704843,0.001153767109,0.002165240623
memorization_02_t_one_oversample,15,9,0,0.4113689661,0.4108826518,0.0004863142967,0.001182185184
memorization_02_t_one_oversample,15,10,0,0.5338000655,0.5337284207,7.164478302e-05,0.0001342165122
memorization_02_t_one_oversample,15,11,0,0.4267908037,0.4266491532,0.0001416504383,0.0003318966507
memorization_02_t_one_oversample,15,12,0,0.2510662377,0.2510945201,-2.828240395e-05,-0.0001126491726
memorization_02_t_one_oversample,15,13,0,0.4991305172,0.4994516969,-0.0003211796284,-0.0006434782432
memorization_02_t_one_oversample,15,14,0,0.9079454541,0.9080225229,-7.706880569e-05,-8.488263843e-05
memorization_02_t_one_oversample,15,15,1,0.531644702,0.530541718,0.001102983952,0.002074663676
memorization_02_t_one_oversample,15,16,0,0.5451871753,0.5440791249,0.001108050346,0.002032421885
memorization_02_t_one_oversample,15,17,0,0.3526231349,0.3526199162,3.218650818e-06,9.127735817e-06
memorization_02_t_one_oversample,15,18,0,0.4435464442,0.4435070455,3.93986702e-05,8.88264819e-05
memorization_02_t_one_oversample,15,19,0,0.2949351966,0.294898659,3.653764725e-05,0.0001238836452
memorization_02_t_one_oversample,15,20,0,0.04768945277,0.04756406695,0.0001253858209,0.002629214923
memorization_02_t_one_oversample,15,21,0,0.5559363365,0.5558095574,0.0001267790794,0.0002280460389
memorization_02_t_one_oversample,15,22,0,1.225304842,1.225797653,-0.000492811203,-0.0004021947732
memorization_02_t_one_oversample,15,23,0,0.3738675714,0.3729991913,0.0008683800697,0.002322694281
memorization_02_t_one_oversample,15,24,0,0.3895021975,0.3894524872,4.971027374e-05,0.0001276251432
memorization_02_t_one_oversample,15,25,0,0.5440544486,0.543921411,0.0001330375671,0.0002445298765
memorization_02_t_one_oversample,15,26,0,0.8356609344,0.8352871537,0.0003737807274,0.0004472875445
memorization_02_t_one_oversample,15,27,0,0.4437530935,0.4435531497,0.0001999437809,0.0004505743934
memorization_02_t_one_oversample,15,28,0,0.8565793633,0.8564884067,9.095668793e-05,0.0001061859436
memorization_02_t_one_oversample,15,29,0,0.1286778897,0.128777355,-9.946525097e-05,-0.0007729785684
memorization_02_t_one_oversample,15,30,0,0.4978980124,0.4979136288,-1.561641693e-05,-3.136469024e-05
memorization_02_t_one_oversample,15,31,0,0.353372097,0.3529850543,0.0003870427608,0.001095283878
memorization_02_t_one_oversample,15,32,0,0.5952577591,0.5951454043,0.0001123547554,0.0001887497537
memorization_02_t_one_oversample,15,33,0,0.5821378231,0.5822411776,-0.000103354454,-0.0001775429287
memorization_02_t_one_oversample,16,0,0,0.7277191877,0.7277036309,1.555681229e-05,2.137749361e-05
memorization_02_t_one_oversample,16,1,0,0.3931538165,0.3932542503,-0.0001004338264,-0.0002554568269
memorization_02_t_one_oversample,16,2,0,0.317792803,0.3178098798,-1.707673073e-05,-5.373542309e-05
memorization_02_t_one_oversample,16,3,0,0.5058817863,0.5059338212,-5.203485489e-05,-0.0001028597121
memorization_02_t_one_oversample,16,4,0,0.5716806054,0.571624279,5.632638931e-05,9.852772471e-05
memorization_02_t_one_oversample,16,5,0,0.5115814805,0.5116764903,-9.500980377e-05,-0.0001857178326
memorization_02_t_one_oversample,16,6,0,0.1603555232,0.1603096426,4.588067532e-05,0.0002861184597
memorization_02_t_one_oversample,16,7,0,0.3912025988,0.3912169933,-1.439452171e-05,-3.679556771e-05
memorization_02_t_one_oversample,16,8,0,0.5328586102,0.5315762162,0.001282393932,0.00240663078
memorization_02_t_one_oversample,16,9,0,0.4113689661,0.41082111,0.0005478560925,0.001331787611
memorization_02_t_one_oversample,16,10,0,0.5338000655,0.533703208,9.685754776e-05,0.0001814491118
memorization_02_t_one_oversample,16,11,0,0.4267908037,0.4266952872,9.551644325e-05,0.0002238015497
memorization_02_t_one_oversample,16,12,0,0.2510662377,0.2513212264,-0.0002549886703,-0.001015623099
memorization_02_t_one_oversample,16,13,0,0.4991305172,0.49951455,-0.0003840327263,-0.0007694034186
memorization_02_t_one_oversample,16,14,0,0.9079454541,0.9080857038,-0.0001402497292,-0.0001544693335
memorization_02_t_one_oversample,16,15,0,0.531644702,0.5314756036,0.0001690983772,0.0003180665144
memorization_02_t_one_oversample,16,16,1,0.5451871753,0.5418991446,0.003288030624,0.006031012418
memorization_02_t_one_oversample,16,17,0,0.3526231349,0.352622658,4.768371582e-07,1.352257158e-06
memorization_02_t_one_oversample,16,18,0,0.4435464442,0.4434782267,6.821751595e-05,0.0001538001642
memorization_02_t_one_oversample,16,19,0,0.2949351966,0.2949424684,-7.271766663e-06,-2.465547261e-05
memorization_02_t_one_oversample,16,20,0,0.04768945277,0.04759518057,9.427219629e-05,0.001976793417
memorization_02_t_one_oversample,16,21,0,0.5559363365,0.5559219718,1.436471939e-05,2.583878485e-05
memorization_02_t_one_oversample,16,22,0,1.225304842,1.226057887,-0.0007530450821,-0.0006145777412
memorization_02_t_one_oversample,16,23,0,0.3738675714,0.3729935884,0.0008739829063,0.002337680434
memorization_02_t_one_oversample,16,24,0,0.3895021975,0.3894892335,1.296401024e-05,3.328353555e-05
memorization_02_t_one_oversample,16,25,0,0.5440544486,0.5438540578,0.0002003908157,0.0003683286043
memorization_02_t_one_oversample,16,26,0,0.8356609344,0.8359137774,-0.0002528429031,-0.0003025663792
memorization_02_t_one_oversample,16,27,0,0.4437530935,0.4437305331,2.256035805e-05,5.083988907e-05
memorization_02_t_one_oversample,16,28,0,0.8565793633,0.8564441204,0.000135242939,0.0001578872254
memorization_02_t_one_oversample,16,29,0,0.1286778897,0.1287659258,-8.803606033e-05,-0.0006841584093
memorization_02_t_one_oversample,16,30,0,0.4978980124,0.4979984164,-0.0001004040241,-0.0002016558042
memorization_02_t_one_oversample,16,31,0,0.353372097,0.3530441225,0.0003279745579,0.0009281280572
memorization_02_t_one_oversample,16,32,0,0.5952577591,0.5951319933,0.0001257658005,0.0002112795651
memorization_02_t_one_oversample,16,33,0,0.5821378231,0.5823414326,-0.0002036094666,-0.0003497616174
memorization_02_t_one_oversample,17,0,0,0.7277191877,0.727746129,-2.694129944e-05,-3.702155982e-05
memorization_02_t_one_oversample,17,1,0,0.3931538165,0.3931629062,-9.089708328e-06,-2.311997988e-05
memorization_02_t_one_oversample,17,2,0,0.317792803,0.3176556528,0.0001371502876,0.0004315714085
memorization_02_t_one_oversample,17,3,0,0.5058817863,0.5059174895,-3.570318222e-05,-7.057613692e-05
memorization_02_t_one_oversample,17,4,0,0.5716806054,0.5716400743,4.053115845e-05,7.089825694e-05
memorization_02_t_one_oversample,17,5,0,0.5115814805,0.51167202,-9.053945541e-05,-0.0001769795406
memorization_02_t_one_oversample,17,6,0,0.1603555232,0.1603201479,3.537535667e-05,0.0002206057887
memorization_02_t_one_oversample,17,7,0,0.3912025988,0.3912435174,-4.091858864e-05,-0.0001045969244
memorization_02_t_one_oversample,17,8,0,0.5328586102,0.5319053531,0.0009532570839,0.001788949387
memorization_02_t_one_oversample,17,9,0,0.4113689661,0.4109813869,0.0003875792027,0.0009421692801
memorization_02_t_one_oversample,17,10,0,0.5338000655,0.5336759686,0.0001240968704,0.0002324781851
memorization_02_t_one_oversample,17,11,0,0.4267908037,0.4267254174,6.538629532e-05,0.0001532045554
memorization_02_t_one_oversample,17,12,0,0.2510662377,0.251116991,-5.075335503e-05,-0.000202151255
memorization_02_t_one_oversample,17,13,0,0.4991305172,0.4995157123,-0.0003851950169,-0.0007717320491
memorization_02_t_one_oversample,17,14,0,0.9079454541,0.9080045223,-5.906820297e-05,-6.505699511e-05
memorization_02_t_one_oversample,17,15,0,0.531644702,0.5315045714,0.0001401305199,0.0002635792652
memorization_02_t_one_oversample,17,16,0,0.5451871753,0.5442159772,0.000971198082,0.001781403023
memorization_02_t_one_oversample,17,17,1,0.3526231349,0.3519869149,0.0006362199783,0.001804249113
memorization_02_t_one_oversample,17,18,0,0.4435464442,0.4434331656,0.0001132786274,0.0002553929332
memorization_02_t_one_oversample,17,19,0,0.2949351966,0.2949831784,-4.798173904e-05,-0.0001626857004
memorization_02_t_one_oversample,17,20,0,0.04768945277,0.04759704694,9.240582585e-05,0.001937657501
memorization_02_t_one_oversample,17,21,0,0.5559363365,0.5559594035,-2.306699753e-05,-4.149215659e-05
memorization_02_t_one_oversample,17,22,0,1.225304842,1.225831866,-0.0005270242691,-0.0004301168583
memorization_02_t_one_oversample,17,23,0,0.3738675714,0.3731878102,0.0006797611713,0.001818187036
memorization_02_t_one_oversample,17,24,0,0.3895021975,0.3895134926,-1.129508018e-05,-2.899875856e-05
memorization_02_t_one_oversample,17,25,0,0.5440544486,0.5438563824,0.0001980662346,0.0003640559049
memorization_02_t_one_oversample,17,26,0,0.8356609344,0.8354124427,0.0002484917641,0.0002973595556
memorization_02_t_one_oversample,17,27,0,0.4437530935,0.4437125921,4.050135612e-05,9.127002543e-05
memorization_02_t_one_oversample,17,28,0,0.8565793633,0.8564863801,9.298324585e-05,0.0001085518165
memorization_02_t_one_oversample,17,29,0,0.1286778897,0.1287781894,-0.000100299716,-0.0007794634822
memorization_02_t_one_oversample,17,30,0,0.4978980124,0.4979041815,-6.169080734e-06,-1.239024977e-05
memorization_02_t_one_oversample,17,31,0,0.353372097,0.3532767892,9.5307827e-05,0.0002697095436
memorization_02_t_one_oversample,17,32,0,0.5952577591,0.5950975418,0.0001602172852,0.0002691561474
memorization_02_t_one_oversample,17,33,0,0.5821378231,0.5824121237,-0.0002743005753,-0.0004711952468
memorization_02_t_one_oversample,18,0,0,0.7277191877,0.7278609872,-0.0001417994499,-0.0001948546257
memorization_02_t_one_oversample,18,1,0,0.3931538165,0.3932151794,-6.13629818e-05,-0.000156078815
memorization_02_t_one_oversample,18,2,0,0.317792803,0.3176386356,0.0001541674137,0.0004851192734
memorization_02_t_one_oversample,18,3,0,0.5058817863,0.5059354901,-5.370378494e-05,-0.0001061587636
memorization_02_t_one_oversample,18,4,0,0.5716806054,0.5715999603,8.064508438e-05,0.0001410666789
memorization_02_t_one_oversample,18,5,0,0.5115814805,0.5117086172,-0.0001271367073,-0.0002485170245
memorization_02_t_one_oversample,18,6,0,0.1603555232,0.1603306234,2.489984035e-05,0.0001552789692
memorization_02_t_one_oversample,18,7,0,0.3912025988,0.3912085593,-5.960464478e-06,-1.523625992e-05
memorization_02_t_one_oversample,18,8,0,0.5328586102,0.5319005251,0.0009580850601,0.001798009907
memorization_02_t_one_oversample,18,9,0,0.4113689661,0.4110327065,0.0003362596035,0.0008174160698
memorization_02_t_one_oversample,18,10,0,0.5338000655,0.533713758,8.630752563e-05,0.0001616851162
memorization_02_t_one_oversample,18,11,0,0.4267908037,0.4267304838,6.031990051e-05,0.0001413336464
memorization_02_t_one_oversample,18,12,0,0.2510662377,0.2511519492,-8.571147919e-05,-0.0003413899056
memorization_02_t_one_oversample,18,13,0,0.4991305172,0.4995891452,-0.0004586279392,-0.0009188537334
memorization_02_t_one_oversample,18,14,0,0.9079454541,0.9080123305,-6.687641144e-05,-7.365686026e-05
memorization_02_t_one_oversample,18,15,0,0.531644702,0.5315520167,9.268522263e-05,0.0001743367747
memorization_02_t_one_oversample,18,16,0,0.5451871753,0.5442619324,0.0009252429008,0.001697110539
memorization_02_t_one_oversample,18,17,0,0.3526231349,0.3525841832,3.895163536e-05,0.0001104625066
memorization_02_t_one_oversample,18,18,1,0.4435464442,0.4427861869,0.0007602572441,0.001714042022
memorization_02_t_one_oversample,18,19,0,0.2949351966,0.2949663997,-3.120303154e-05,-0.0001057962288
memorization_02_t_one_oversample,18,20,0,0.04768945277,0.04761970043,6.975233555e-05,0.001462636527
memorization_02_t_one_oversample,18,21,0,0.5559363365,0.5558606386,7.569789886e-05,0.0001361628911
memorization_02_t_one_oversample,18,22,0,1.225304842,1.225881934,-0.0005770921707,-0.0004709784463
memorization_02_t_one_oversample,18,23,0,0.3738675714,0.3731832504,0.0006843209267,0.001830383213
memorization_02_t_one_oversample,18,24,0,0.3895021975,0.3895373642,-3.516674042e-05,-9.028637231e-05
memorization_02_t_one_oversample,18,25,0,0.5440544486,0.5438526869,0.0002017617226,0.0003708484014
memorization_02_t_one_oversample,18,26,0,0.8356609344,0.8355383873,0.0001225471497,0.0001466469768
memorization_02_t_one_oversample,18,27,0,0.4437530935,0.4437333941,1.96993351e-05,4.439255836e-05
memorization_02_t_one_oversample,18,28,0,0.8565793633,0.8564991355,8.022785187e-05,9.366073396e-05
memorization_02_t_one_oversample,18,29,0,0.1286778897,0.128804639,-0.0001267492771,-0.0009850120903
memorization_02_t_one_oversample,18,30,0,0.4978980124,0.4980428815,-0.0001448690891,-0.0002909613726
memorization_02_t_one_oversample,18,31,0,0.353372097,0.3529597819,0.0004123151302,0.001166801606
memorization_02_t_one_oversample,18,32,0,0.5952577591,0.5951040983,0.0001536607742,0.0002581415729
memorization_02_t_one_oversample,18,33,0,0.5821378231,0.582475543,-0.0003377199173,-0.00058013739
memorization_02_t_one_oversample,19,0,0,0.7277191877,0.7277309895,-1.180171967e-05,-1.621740895e-05
memorization_02_t_one_oversample,19,1,0,0.3931538165,0.393173933,-2.011656761e-05,-5.11671686e-05
memorization_02_t_one_oversample,19,2,0,0.317792803,0.3177836537,9.149312973e-06,2.879018305e-05
memorization_02_t_one_oversample,19,3,0,0.5058817863,0.5059269071,-4.512071609e-05,-8.919221311e-05
memorization_02_t_one_oversample,19,4,0,0.5716806054,0.5716199279,6.067752838e-05,0.0001061388611
memorization_02_t_one_oversample,19,5,0,0.5115814805,0.5116420388,-6.055831909e-05,-0.000118374729
memorization_02_t_one_oversample,19,6,0,0.1603555232,0.1603104323,4.509091377e-05,0.0002811933937
memorization_02_t_one_oversample,19,7,0,0.3912025988,0.3912323117,-2.971291542e-05,-7.595275571e-05
memorization_02_t_one_oversample,19,8,0,0.5328586102,0.5317311883,0.001127421856,0.002115799265
memorization_02_t_one_oversample,19,9,0,0.4113689661,0.4109210074,0.0004479587078,0.001088946286
memorization_02_t_one_oversample,19,10,0,0.5338000655,0.5336523056,0.0001477599144,0.0002768075988
memorization_02_t_one_oversample,19,11,0,0.4267908037,0.4266911745,9.962916374e-05,0.0002334379347
memorization_02_t_one_oversample,19,12,0,0.2510662377,0.2511440516,-7.781386375e-05,-0.0003099336035
memorization_02_t_one_oversample,19,13,0,0.4991305172,0.4994945228,-0.0003640055656,-0.0007292793229
memorization_02_t_one_oversample,19,14,0,0.9079454541,0.9080022573,-5.680322647e-05,-6.256237774e-05
memorization_02_t_one_oversample,19,15,0,0.531644702,0.5314406157,0.0002040863037,0.0003838772454
memorization_02_t_one_oversample,19,16,0,0.5451871753,0.5441074967,0.001079678535,0.001980381389
memorization_02_t_one_oversample,19,17,0,0.3526231349,0.3526204228,2.712011337e-06,7.690962587e-06
memorization_02_t_one_oversample,19,18,0,0.4435464442,0.4434581995,8.824467659e-05,0.000198952506
memorization_02_t_one_oversample,19,19,1,0.2949351966,0.2941926718,0.0007425248623,0.002517586476
memorization_02_t_one_oversample,19,20,0,0.04768945277,0.04760804772,8.14050436e-05,0.001706982129
memorization_02_t_one_oversample,19,21,0,0.5559363365,0.555918932,1.740455627e-05,3.130674347e-05
memorization_02_t_one_oversample,19,22,0,1.225304842,1.225832582,-0.0005277395248,-0.0004307005953
memorization_02_t_one_oversample,19,23,0,0.3738675714,0.3729796112,0.0008879601955,0.002375066102
memorization_02_t_one_oversample,19,24,0,0.3895021975,0.3894974887,4.708766937e-06,1.208919222e-05
memorization_02_t_one_oversample,19,25,0,0.5440544486,0.5438879132,0.0001665353775,0.0003061005712
memorization_02_t_one_oversample,19,26,0,0.8356609344,0.8354819417,0.0001789927483,0.0002141930308
memorization_02_t_one_oversample,19,27,0,0.4437530935,0.4436590075,9.408593178e-05,0.0002120231569
memorization_02_t_one_oversample,19,28,0,0.8565793633,0.8563781381,0.0002012252808,0.0002349172644
memorization_02_t_one_oversample,19,29,0,0.1286778897,0.1287706941,-9.280443192e-05,-0.0007212150598
memorization_02_t_one_oversample,19,30,0,0.4978980124,0.4979985952,-0.0001005828381,-0.0002020149419
memorization_02_t_one_oversample,19,31,0,0.353372097,0.3531093299,0.0002627670765,0.000743598826
memorization_02_t_one_oversample,19,32,0,0.5952577591,0.5951880813,6.967782974e-05,0.000117054887
memorization_02_t_one_oversample,19,33,0,0.5821378231,0.582301259,-0.000163435936,-0.0002807512748
memorization_02_t_one_oversample,20,0,0,0.7277191877,0.7277310491,-1.186132431e-05,-1.629931505e-05
memorization_02_t_one_oversample,20,1,0,0.3931538165,0.3931660056,-1.218914986e-05,-3.100351401e-05
memorization_02_t_one_oversample,20,2,0,0.317792803,0.3177754581,1.734495163e-05,5.457943498e-05
memorization_02_t_one_oversample,20,3,0,0.5058817863,0.5059269071,-4.512071609e-05,-8.919221311e-05
memorization_02_t_one_oversample,20,4,0,0.5716806054,0.5716564059,2.419948578e-05,4.233042988e-05
memorization_02_t_one_oversample,20,5,0,0.5115814805,0.5116568208,-7.5340271e-05,-0.0001472693478
memorization_02_t_one_oversample,20,6,0,0.1603555232,0.1603188515,3.66717577e-05,0.0002286903311
memorization_02_t_one_oversample,20,7,0,0.3912025988,0.3912221491,-1.955032349e-05,-4.997493254e-05
memorization_02_t_one_oversample,20,8,0,0.5328586102,0.5318499804,0.001008629799,0.001892865724
memorization_02_t_one_oversample,20,9,0,0.4113689661,0.4109244347,0.0004445314407,0.001080614916
memorization_02_t_one_oversample,20,10,0,0.5338000655,0.5338141322,-1.406669617e-05,-2.635199408e-05
memorization_02_t_one_oversample,20,11,0,0.4267908037,0.4266878366,0.0001029670238,0.0002412587688
memorization_02_t_one_oversample,20,12,0,0.2510662377,0.2511668801,-0.0001006424427,-0.0004008601221
memorization_02_t_one_oversample,20,13,0,0.4991305172,0.4994865954,-0.0003560781479,-0.0007133968683
memorization_02_t_one_oversample,20,14,0,0.9079454541,0.9080075026,-6.204843521e-05,-6.833938639e-05
memorization_02_t_one_oversample,20,15,0,0.531644702,0.5314615965,0.0001831054688,0.0003444132295
memorization_02_t_one_oversample,20,16,0,0.5451871753,0.5441687703,0.001018404961,0.001867991411
memorization_02_t_one_oversample,20,17,0,0.3526231349,0.352596879,2.625584602e-05,7.445865977e-05
memorization_02_t_one_oversample,20,18,0,0.4435464442,0.4434755147,7.092952728e-05,0.0001599145438
memorization_02_t_one_oversample,20,19,0,0.2949351966,0.2949706316,-3.543496132e-05,-0.0001201449055
memorization_02_t_one_oversample,20,20,1,0.04768945277,0.04742887244,0.0002605803311,0.005464108224
memorization_02_t_one_oversample,20,21,0,0.5559363365,0.5559371114,-7.748603821e-07,-1.393793374e-06
memorization_02_t_one_oversample,20,22,0,1.225304842,1.225813627,-0.0005087852478,-0.0004152315655
memorization_02_t_one_oversample,20,23,0,0.3738675714,0.3731023967,0.0007651746273,0.002046646155
memorization_02_t_one_oversample,20,24,0,0.3895021975,0.3894929886,9.208917618e-06,2.364278732e-05
memorization_02_t_one_oversample,20,25,0,0.5440544486,0.5437480807,0.0003063678741,0.0005631198769
memorization_02_t_one_oversample,20,26,0,0.8356609344,0.835486114,0.0001748204231,0.0002092001862
memorization_02_t_one_oversample,20,27,0,0.4437530935,0.4437249005,2.819299698e-05,6.353307142e-05
memorization_02_t_one_oversample,20,28,0,0.8565793633,0.8564493656,0.0001299977303,0.0001517637896
memorization_02_t_one_oversample,20,29,0,0.1286778897,0.1287834644,-0.0001055747271,-0.0008204574018
memorization_02_t_one_oversample,20,30,0,0.4978980124,0.4979270697,-2.905726433e-05,-5.835987211e-05
memorization_02_t_one_oversample,20,31,0,0.353372097,0.3530563116,0.000315785408,0.0008936342475
memorization_02_t_one_oversample,20,32,0,0.5952577591,0.5950823426,0.0001754164696,0.0002946899337
memorization_02_t_one_oversample,20,33,0,0.5821378231,0.582410574,-0.0002727508545,-0.0004685331268
memorization_02_t_one_oversample,21,0,0,0.7277191877,0.7278075814,-8.83936882e-05,-0.0001214667549
memorization_02_t_one_oversample,21,1,0,0.3931538165,0.3932309747,-7.715821266e-05,-0.0001962545178
memorization_02_t_one_oversample,21,2,0,0.317792803,0.3175815046,0.0002112984657,0.0006648938041
memorization_02_t_one_oversample,21,3,0,0.5058817863,0.5059129,-3.111362457e-05,-6.150374537e-05
memorization_02_t_one_oversample,21,4,0,0.5716806054,0.5715924501,8.815526962e-05,0.0001542037088
memorization_02_t_one_oversample,21,5,0,0.5115814805,0.5116730332,-9.155273438e-05,-0.0001789602201
memorization_02_t_one_oversample,21,6,0,0.1603555232,0.1603040546,5.146861076e-05,0.0003209656252
memorization_02_t_one_oversample,21,7,0,0.3912025988,0.3912450373,-4.243850708e-05,-0.0001084821706
memorization_02_t_one_oversample,21,8,0,0.5328586102,0.5319034457,0.0009551644325,0.001792528852
memorization_02_t_one_oversample,21,9,0,0.4113689661,0.4109080732,0.0004608929157,0.001120388152
memorization_02_t_one_oversample,21,10,0,0.5338000655,0.5337485671,5.149841309e-05,9.647509697e-05
memorization_02_t_one_oversample,21,11,0,0.4267908037,0.4266797006,0.0001111030579,0.0002603220522
memorization_02_t_one_oversample,21,12,0,0.2510662377,0.250836283,0.0002299547195,0.0009159125562
memorization_02_t_one_oversample,21,13,0,0.4991305172,0.499628067,-0.0004975497723,-0.0009968330027
memorization_02_t_one_oversample,21,14,0,0.9079454541,0.9079359174,9.536743164e-06,1.050365209e-05
memorization_02_t_one_oversample,21,15,0,0.531644702,0.5314179063,0.0002267956734,0.000426592558
memorization_02_t_one_oversample,21,16,0,0.5451871753,0.5443539023,0.000833272934,0.001528416243
memorization_02_t_one_oversample,21,17,0,0.3526231349,0.352633357,-1.022219658e-05,-2.898901283e-05
memorization_02_t_one_oversample,21,18,0,0.4435464442,0.4433684945,0.000177949667,0.0004011973702
memorization_02_t_one_oversample,21,19,0,0.2949351966,0.2949630916,-2.789497375e-05,-9.458000969e-05
memorization_02_t_one_oversample,21,20,0,0.04768945277,0.0476093553,8.009746671e-05,0.001679563553
memorization_02_t_one_oversample,21,21,1,0.5559363365,0.5545983911,0.001337945461,0.002406652297
memorization_02_t_one_oversample,21,22,0,1.225304842,1.22580111,-0.0004962682724,-0.0004050161685
memorization_02_t_one_oversample,21,23,0,0.3738675714,0.3731376827,0.0007298886776,0.001952265277
memorization_02_t_one_oversample,21,24,0,0.3895021975,0.3894713521,3.084540367e-05,7.919186045e-05
memorization_02_t_one_oversample,21,25,0,0.5440544486,0.5438370705,0.0002173781395,0.0003995521773
memorization_02_t_one_oversample,21,26,0,0.8356609344,0.8353638053,0.0002971291542,0.0003555618576
memorization_02_t_one_oversample,21,27,0,0.4437530935,0.4437035322,4.956126213e-05,0.0001116865727
memorization_02_t_one_oversample,21,28,0,0.8565793633,0.8565033674,7.599592209e-05,8.872023462e-05
memorization_02_t_one_oversample,21,29,0,0.1286778897,0.1287578046,-7.991492748e-05,-0.0006210463015
memorization_02_t_one_oversample,21,30,0,0.4978980124,0.4979891777,-9.116530418e-05,-0.0001831003577
memorization_02_t_one_oversample,21,31,0,0.353372097,0.3530237377,0.0003483593464,0.0009858145262
memorization_02_t_one_oversample,21,32,0,0.5952577591,0.5951419473,0.0001158118248,0.0001945574384
memorization_02_t_one_oversample,21,33,0,0.5821378231,0.5822699666,-0.0001321434975,-0.0002269969279
memorization_02_t_one_oversample,22,0,0,0.7277191877,0.7277265787,-7.390975952e-06,-1.015635712e-05
memorization_02_t_one_oversample,22,1,0,0.3931538165,0.3931179047,3.591179848e-05,9.134287135e-05
memorization_02_t_one_oversample,22,2,0,0.317792803,0.3177582622,3.454089165e-05,0.0001086899745
memorization_02_t_one_oversample,22,3,0,0.5058817863,0.5059081912,-2.640485764e-05,-5.219570727e-05
memorization_02_t_one_oversample,22,4,0,0.5716806054,0.5716494918,3.111362457e-05,5.442483841e-05
memorization_02_t_one_oversample,22,5,0,0.5115814805,0.5116429925,-6.151199341e-05,-0.0001202388979
memorization_02_t_one_oversample,22,6,0,0.1603555232,0.1602882445,6.727874279e-05,0.0004195598719
memorization_02_t_one_oversample,22,7,0,0.3912025988,0.3912382722,-3.56733799e-05,-9.118901563e-05
memorization_02_t_one_oversample,22,8,0,0.5328586102,0.5324152112,0.0004433989525,0.0008321137053
memorization_02_t_one_oversample,22,9,0,0.4113689661,0.4112386405,0.0001303255558,0.0003168094011
memorization_02_t_one_oversample,22,10,0,0.5338000655,0.5338217616,-2.16960907e-05,-4.064460104e-05
memorization_02_t_one_oversample,22,11,0,0.4267908037,0.4267091751,8.162856102e-05,0.0001912612932
memorization_02_t_one_oversample,22,12,0,0.2510662377,0.2510551214,1.111626625e-05,4.427622907e-05
memorization_02_t_one_oversample,22,13,0,0.4991305172,0.4992651641,-0.0001346468925,-0.0002697628935
memorization_02_t_one_oversample,22,14,0,0.9079454541,0.9079376459,7.808208466e-06,8.599865146e-06
memorization_02_t_one_oversample,22,15,0,0.531644702,0.5314981937,0.0001465082169,0.0002755754291
memorization_02_t_one_oversample,22,16,0,0.5451871753,0.5447452068,0.000441968441,0.0008106728497
memorization_02_t_one_oversample,22,17,0,0.3526231349,0.3526085317,1.460313797e-05,4.141287547e-05
memorization_02_t_one_oversample,22,18,0,0.4435464442,0.4434781969,6.824731827e-05,0.0001538673552
memorization_02_t_one_oversample,22,19,0,0.2949351966,0.2949709594,-3.576278687e-05,-0.0001212564227
memorization_02_t_one_oversample,22,20,0,0.04768945277,0.04759091884,9.853392839e-05,0.002066157665
memorization_02_t_one_oversample,22,21,0,0.5559363365,0.5559287071,7.629394531e-06,1.372350399e-05
memorization_02_t_one_oversample,22,22,1,1.225304842,1.22427845,0.001026391983,0.0008376625537
memorization_02_t_one_oversample,22,23,0,0.3738675714,0.3734304309,0.0004371404648,0.001169238785
memorization_02_t_one_oversample,22,24,0,0.3895021975,0.3895256817,-2.348423004e-05,-6.029293337e-05
memorization_02_t_one_oversample,22,25,0,0.5440544486,0.5438480377,0.0002064108849,0.0003793938004
memorization_02_t_one_oversample,22,26,0,0.8356609344,0.8354506493,0.0002102851868,0.0002516393648
memorization_02_t_one_oversample,22,27,0,0.4437530935,0.4436905682,6.252527237e-05,0.00014090104
memorization_02_t_one_oversample,22,28,0,0.8565793633,0.8565353155,4.404783249e-05,5.142294383e-05
memorization_02_t_one_oversample,22,29,0,0.1286778897,0.1287578344,-7.99447298e-05,-0.0006212779055
memorization_02_t_one_oversample,22,30,0,0.4978980124,0.497918874,-2.086162567e-05,-4.189939536e-05
memorization_02_t_one_oversample,22,31,0,0.353372097,0.353186518,0.0001855790615,0.0005251661438
memorization_02_t_one_oversample,22,32,0,0.5952577591,0.5951408148,0.000116944313,0.0001964599558
memorization_02_t_one_oversample,22,33,0,0.5821378231,0.5823092461,-0.0001714229584,-0.000294471432
memorization_02_t_one_oversample,23,0,0,0.7277191877,0.7277470827,-2.789497375e-05,-3.833205751e-05
memorization_02_t_one_oversample,23,1,0,0.3931538165,0.3931884468,-3.463029861e-05,-8.80833332e-05
memorization_02_t_one_oversample,23,2,0,0.317792803,0.3177906871,2.11596489e-06,6.658315951e-06
memorization_02_t_one_oversample,23,3,0,0.5058817863,0.5059684515,-8.66651535e-05,-0.0001713150302
memorization_02_t_one_oversample,23,4,0,0.5716806054,0.5716382265,4.237890244e-05,7.413038335e-05
memorization_02_t_one_oversample,23,5,0,0.5115814805,0.5116849542,-0.0001034736633,-0.0002022623321
memorization_02_t_one_oversample,23,6,0,0.1603555232,0.1603218317,3.369152546e-05,0.0002101051762
memorization_02_t_one_oversample,23,7,0,0.3912025988,0.3912309706,-2.837181091e-05,-7.252459723e-05
memorization_02_t_one_oversample,23,8,0,0.5328586102,0.5313978791,0.00146073103,0.002741310737
memorization_02_t_one_oversample,23,9,0,0.4113689661,0.4104755223,0.0008934438229,0.002171879496
memorization_02_t_one_oversample,23,10,0,0.5338000655,0.5336902142,0.0001098513603,0.000205791208
memorization_02_t_one_oversample,23,11,0,0.4267908037,0.4266679585,0.0001228451729,0.0002878346296
memorization_02_t_one_oversample,23,12,0,0.2510662377,0.2511888146,-0.000122576952,-0.00048822555
memorization_02_t_one_oversample,23,13,0,0.4991305172,0.4995598793,-0.0004293620586,-0.0008602200102
memorization_02_t_one_oversample,23,14,0,0.9079454541,0.9080293179,-8.38637352e-05,-9.236649054e-05
memorization_02_t_one_oversample,23,15,0,0.531644702,0.5314568877,0.0001878142357,0.0003532702103
memorization_02_t_one_oversample,23,16,0,0.5451871753,0.5439808369,0.001206338406,0.002212705031
memorization_02_t_one_oversample,23,17,0,0.3526231349,0.3526458442,-2.270936966e-05,-6.440124715e-05
memorization_02_t_one_oversample,23,18,0,0.4435464442,0.4434736669,7.277727127e-05,0.0001640803849
memorization_02_t_one_oversample,23,19,0,0.2949351966,0.2948985994,3.659725189e-05,0.0001240857392
memorization_02_t_one_oversample,23,20,0,0.04768945277,0.04758907482,0.0001003779471,0.002104824888
memorization_02_t_one_oversample,23,21,0,0.5559363365,0.5559193492,1.698732376e-05,3.055623935e-05
memorization_02_t_one_oversample,23,22,0,1.225304842,1.226033449,-0.0007286071777,-0.0005946333947
memorization_02_t_one_oversample,23,23,1,0.3738675714,0.3720185757,0.001848995686,0.004945589902
memorization_02_t_one_oversample,23,24,0,0.3895021975,0.3895086646,-6.467103958e-06,-1.660351084e-05
memorization_02_t_one_oversample,23,25,0,0.5440544486,0.5438845158,0.0001699328423,0.0003123452858
memorization_02_t_one_oversample,23,26,0,0.8356609344,0.8352495432,0.0004113912582,0.0004922944717
memorization_02_t_one_oversample,23,27,0,0.4437530935,0.4437324405,2.065300941e-05,4.654166859e-05
memorization_02_t_one_oversample,23,28,0,0.8565793633,0.8563616276,0.0002177357674,0.0002541921703
memorization_02_t_one_oversample,23,29,0,0.1286778897,0.128792569,-0.0001146793365,-0.0008912124438
memorization_02_t_one_oversample,23,30,0,0.4978980124,0.4979923069,-9.429454803e-05,-0.000189385267
memorization_02_t_one_oversample,23,31,0,0.353372097,0.3528804779,0.0004916191101,0.001391222211
memorization_02_t_one_oversample,23,32,0,0.5952577591,0.5951080918,0.000149667263,0.0002514326957
memorization_02_t_one_oversample,23,33,0,0.5821378231,0.5823821425,-0.0002443194389,-0.000419693463
memorization_02_t_one_oversample,24,0,0,0.7277191877,0.7276960611,2.312660217e-05,3.177956905e-05
memorization_02_t_one_oversample,24,1,0,0.3931538165,0.3931818008,-2.798438072e-05,-7.117921676e-05
memorization_02_t_one_oversample,24,2,0,0.317792803,0.3176850677,0.0001077353954,0.0003390114389
memorization_02_t_one_oversample,24,3,0,0.5058817863,0.505907774,-2.598762512e-05,-5.137094441e-05
memorization_02_t_one_oversample,24,4,0,0.5716806054,0.5716221333,5.847215652e-05,0.0001022811618
memorization_02_t_one_oversample,24,5,0,0.5115814805,0.5116499066,-6.84261322e-05,-0.0001337541229
memorization_02_t_one_oversample,24,6,0,0.1603555232,0.1603440791,1.14440918e-05,7.136699483e-05
memorization_02_t_one_oversample,24,7,0,0.3912025988,0.3912261426,-2.354383469e-05,-6.018322669e-05
memorization_02_t_one_oversample,24,8,0,0.5328586102,0.5318168402,0.001041769981,0.001955058925
memorization_02_t_one_oversample,24,9,0,0.4113689661,0.4109012187,0.0004677474499,0.001137050892
memorization_02_t_one_oversample,24,10,0,0.5338000655,0.5337541699,4.589557648e-05,8.597896374e-05
memorization_02_t_one_oversample,24,11,0,0.4267908037,0.4267010093,8.979439735e-05,0.0002103944054
memorization_02_t_one_oversample,24,12,0,0.2510662377,0.2510153055,5.093216896e-05,0.0002028634731
memorization_02_t_one_oversample,24,13,0,0.4991305172,0.499510169,-0.0003796517849,-0.0007606262726
memorization_02_t_one_oversample,24,14,0,0.9079454541,0.9079990983,-5.36441803e-05,-5.908304299e-05
memorization_02_t_one_oversample,24,15,0,0.531644702,0.5314868093,0.000157892704,0.0002969891422
memorization_02_t_one_oversample,24,16,0,0.5451871753,0.544053793,0.00113338232,0.002078886613
memorization_02_t_one_oversample,24,17,0,0.3526231349,0.3526162803,6.854534149e-06,1.943869665e-05
memorization_02_t_one_oversample,24,18,0,0.4435464442,0.4434666932,7.975101471e-05,0.0001798030753
memorization_02_t_one_oversample,24,19,0,0.2949351966,0.2949471474,-1.195073128e-05,-4.051985458e-05
memorization_02_t_one_oversample,24,20,0,0.04768945277,0.04759003595,9.94168222e-05,0.002084671063
memorization_02_t_one_oversample,24,21,0,0.5559363365,0.5559193492,1.698732376e-05,3.055623935e-05
memorization_02_t_one_oversample,24,22,0,1.225304842,1.225854754,-0.0005499124527,-0.0004487964414
memorization_02_t_one_oversample,24,23,0,0.3738675714,0.3731282353,0.0007393360138,0.001977534481
memorization_02_t_one_oversample,24,24,1,0.3895021975,0.3888181746,0.0006840229034,0.001756146455
memorization_02_t_one_oversample,24,25,0,0.5440544486,0.5438327193,0.0002217292786,0.0004075497942
memorization_02_t_one_oversample,24,26,0,0.8356609344,0.8355609179,0.0001000165939,0.0001196856163
memorization_02_t_one_oversample,24,27,0,0.4437530935,0.4436708391,8.225440979e-05,0.000185360758
memorization_02_t_one_oversample,24,28,0,0.8565793633,0.8564587235,0.000120639801,0.0001408390234
memorization_02_t_one_oversample,24,29,0,0.1286778897,0.1288104951,-0.0001326054335,-0.001030522289
memorization_02_t_one_oversample,24,30,0,0.4978980124,0.4979640841,-6.607174873e-05,-0.0001327013707
memorization_02_t_one_oversample,24,31,0,0.353372097,0.3530677557,0.0003043413162,0.0008612488615
memorization_02_t_one_oversample,24,32,0,0.5952577591,0.5951217413,0.0001360177994,0.0002285023543
memorization_02_t_one_oversample,24,33,0,0.5821378231,0.5823611617,-0.000223338604,-0.0003836524533
memorization_02_t_one_oversample,25,0,0,0.7277191877,0.7277621627,-4.297494888e-05,-5.905430227e-05
memorization_02_t_one_oversample,25,1,0,0.3931538165,0.3931652904,-1.147389412e-05,-2.91842369e-05
memorization_02_t_one_oversample,25,2,0,0.317792803,0.3176871538,0.0001056492329,0.000332446902
memorization_02_t_one_oversample,25,3,0,0.5058817863,0.5059217811,-3.999471664e-05,-7.905941215e-05
memorization_02_t_one_oversample,25,4,0,0.5716806054,0.5716364384,4.416704178e-05,7.725824763e-05
memorization_02_t_one_oversample,25,5,0,0.5115814805,0.5116657019,-8.422136307e-05,-0.0001646294213
memorization_02_t_one_oversample,25,6,0,0.1603555232,0.160319224,3.629922867e-05,0.0002263671867
memorization_02_t_one_oversample,25,7,0,0.3912025988,0.3912265599,-2.39610672e-05,-6.124976489e-05
memorization_02_t_one_oversample,25,8,0,0.5328586102,0.5318736434,0.0009849667549,0.001848457989
memorization_02_t_one_oversample,25,9,0,0.4113689661,0.4109408259,0.0004281401634,0.001040769233
memorization_02_t_one_oversample,25,10,0,0.5338000655,0.5337585807,4.148483276e-05,7.771605034e-05
memorization_02_t_one_oversample,25,11,0,0.4267908037,0.4267464578,4.434585571e-05,0.0001039053685
memorization_02_t_one_oversample,25,12,0,0.2510662377,0.2511889338,-0.0001226961613,-0.0004887003621
memorization_02_t_one_oversample,25,13,0,0.4991305172,0.4995411634,-0.0004106462002,-0.0008227230874
memorization_02_t_one_oversample,25,14,0,0.9079454541,0.9080008268,-5.5372715e-05,-6.098682993e-05
memorization_02_t_one_oversample,25,15,0,0.531644702,0.5315544009,9.030103683e-05,0.0001698522274
memorization_02_t_one_oversample,25,16,0,0.5451871753,0.544157505,0.001029670238,0.001888654549
memorization_02_t_one_oversample,25,17,0,0.3526231349,0.3525880277,3.510713577e-05,9.955993326e-05
memorization_02_t_one_oversample,25,18,0,0.4435464442,0.4434458613,0.0001005828381,0.0002267695737
memorization_02_t_one_oversample,25,19,0,0.2949351966,0.2949770987,-4.190206528e-05,-0.0001420721086
memorization_02_t_one_oversample,25,20,0,0.04768945277,0.04754674435,0.0001427084208,0.002992452471
memorization_02_t_one_oversample,25,21,0,0.5559363365,0.5559119582,2.437829971e-05,4.385088384e-05
memorization_02_t_one_oversample,25,22,0,1.225304842,1.225836635,-0.0005317926407,-0.0004340084381
memorization_02_t_one_oversample,25,23,0,0.3738675714,0.3731775582,0.0006900131702,0.001845608507
memorization_02_t_one_oversample,25,24,0,0.3895021975,0.3894907236,1.147389412e-05,2.945784181e-05
memorization_02_t_one_oversample,25,25,1,0.5440544486,0.5431998372,0.0008546113968,0.00157081961
memorization_02_t_one_oversample,25,26,0,0.8356609344,0.8356100917,5.084276199e-05,6.084137704e-05
memorization_02_t_one_oversample,25,27,0,0.4437530935,0.443726778,2.631545067e-05,5.930201063e-05
memorization_02_t_one_oversample,25,28,0,0.8565793633,0.8564439416,0.0001354217529,0.0001580959789
memorization_02_t_one_oversample,25,29,0,0.1286778897,0.1287789345,-0.0001010447741,-0.0007852535839
memorization_02_t_one_oversample,25,30,0,0.4978980124,0.4979686439,-7.063150406e-05,-0.0001418593814
memorization_02_t_one_oversample,25,31,0,0.353372097,0.3530525863,0.0003195106983,0.0009041763654
memorization_02_t_one_oversample,25,32,0,0.5952577591,0.5950973034,0.0001604557037,0.0002695566774
memorization_02_t_one_oversample,25,33,0,0.5821378231,0.5824680924,-0.0003302693367,-0.0005673387359
memorization_02_t_one_oversample,26,0,0,0.7277191877,0.7277203798,-1.192092896e-06,-1.638122116e-06
memorization_02_t_one_oversample,26,1,0,0.3931538165,0.3931227028,3.111362457e-05,7.91385541e-05
memorization_02_t_one_oversample,26,2,0,0.317792803,0.3177718222,2.098083496e-05,6.602048492e-05
memorization_02_t_one_oversample,26,3,0,0.5058817863,0.5060036778,-0.0001218914986,-0.000240948581
memorization_02_t_one_oversample,26,4,0,0.5716806054,0.5716397762,4.082918167e-05,7.141956765e-05
memorization_02_t_one_oversample,26,5,0,0.5115814805,0.5117259026,-0.0001444220543,-0.0002823050869
memorization_02_t_one_oversample,26,6,0,0.1603555232,0.1603143364,4.118680954e-05,0.0002568468408
memorization_02_t_one_oversample,26,7,0,0.3912025988,0.3912617862,-5.918741226e-05,-0.000151296061
memorization_02_t_one_oversample,26,8,0,0.5328586102,0.5317560434,0.001102566719,0.002069154365
memorization_02_t_one_oversample,26,9,0,0.4113689661,0.410877645,0.0004913210869,0.001194356229
memorization_02_t_one_oversample,26,10,0,0.5338000655,0.5337446332,5.543231964e-05,0.0001038447224
memorization_02_t_one_oversample,26,11,0,0.4267908037,0.4266884625,0.0001023411751,0.0002397923624
memorization_02_t_one_oversample,26,12,0,0.2510662377,0.2509633899,0.0001028478146,0.0004096441461
memorization_02_t_one_oversample,26,13,0,0.4991305172,0.4994599521,-0.0003294348717,-0.000660017491
memorization_02_t_one_oversample,26,14,0,0.9079454541,0.9080402255,-9.477138519e-05,-0.0001043800426
memorization_02_t_one_oversample,26,15,0,0.531644702,0.5313303471,0.0003143548965,0.0005912875561
memorization_02_t_one_oversample,26,16,0,0.5451871753,0.5451071262,8.004903793e-05,0.0001468285418
memorization_02_t_one_oversample,26,17,0,0.3526231349,0.3525675535,5.558133125e-05,0.000157622475
memorization_02_t_one_oversample,26,18,0,0.4435464442,0.4434742332,7.221102715e-05,0.0001628037562
memorization_02_t_one_oversample,26,19,0,0.2949351966,0.2949635088,-2.831220627e-05,-9.599466795e-05
memorization_02_t_one_oversample,26,20,0,0.04768945277,0.04758810624,0.0001013465226,0.002125134945
memorization_02_t_one_oversample,26,21,0,0.5559363365,0.5558479428,8.83936882e-05,0.0001589996595
memorization_02_t_one_oversample,26,22,0,1.225304842,1.225786209,-0.0004813671112,-0.0003928549816
memorization_02_t_one_oversample,26,23,0,0.3738675714,0.3727784157,0.001089155674,0.002913212478
memorization_02_t_one_oversample,26,24,0,0.3895021975,0.3895187676,-1.657009125e-05,-4.254171441e-05
memorization_02_t_one_oversample,26,25,0,0.5440544486,0.5439195037,0.0001349449158,0.0002480356812
memorization_02_t_one_oversample,26,26,1,0.8356609344,0.8333607912,0.002300143242,0.002752483869
memorization_02_t_one_oversample,26,27,0,0.4437530935,0.4437224269,3.066658974e-05,6.91073261e-05
memorization_02_t_one_oversample,26,28,0,0.8565793633,0.8565165997,6.276369095e-05,7.327247612e-05
memorization_02_t_one_oversample,26,29,0,0.1286778897,0.1287662536,-8.836388588e-05,-0.000686706054
memorization_02_t_one_oversample,26,30,0,0.4978980124,0.4979781806,-8.016824722e-05,-0.0001610133907
memorization_02_t_one_oversample,26,31,0,0.353372097,0.3529719114,0.000400185585,0.00113247647
memorization_02_t_one_oversample,26,32,0,0.5952577591,0.5950956941,0.0001620650291,0.0002722602548
memorization_02_t_one_oversample,26,33,0,0.5821378231,0.5822868943,-0.0001490712166,-0.0002560754699
memorization_02_t_one_oversample,27,0,0,0.7277191877,0.7277881503,-6.896257401e-05,-9.47653644e-05
memorization_02_t_one_oversample,27,1,0,0.3931538165,0.3931221366,3.16798687e-05,8.057881514e-05
memorization_02_t_one_oversample,27,2,0,0.317792803,0.3177667558,2.604722977e-05,8.196293156e-05
memorization_02_t_one_oversample,27,3,0,0.5058817863,0.5059502721,-6.848573685e-05,-0.0001353789338
memorization_02_t_one_oversample,27,4,0,0.5716806054,0.5715609789,0.0001196265221,0.0002092541201
memorization_02_t_one_oversample,27,5,0,0.5115814805,0.5116666555,-8.517503738e-05,-0.0001664935902
memorization_02_t_one_oversample,27,6,0,0.1603555232,0.1603028923,5.263090134e-05,0.0003282138356
memorization_02_t_one_oversample,27,7,0,0.3912025988,0.3912168145,-1.421570778e-05,-3.633847991e-05
memorization_02_t_one_oversample,27,8,0,0.5328586102,0.5319242477,0.0009343624115,0.001753490314
memorization_02_t_one_oversample,27,9,0,0.4113689661,0.4109491706,0.0004197955132,0.001020484158
memorization_02_t_one_oversample,27,10,0,0.5338000655,0.5337016582,9.840726852e-05,0.0001843522976
memorization_02_t_one_oversample,27,11,0,0.4267908037,0.426685065,0.0001057386398,0.0002477528544
memorization_02_t_one_oversample,27,12,0,0.2510662377,0.250321418,0.0007448196411,0.00296662605
memorization_02_t_one_oversample,27,13,0,0.4991305172,0.4994691908,-0.0003386735916,-0.0006785271185
memorization_02_t_one_oversample,27,14,0,0.9079454541,0.9080219865,-7.653236389e-05,-8.4291808e-05
memorization_02_t_one_oversample,27,15,0,0.531644702,0.5312954187,0.0003492832184,0.0006569861735
memorization_02_t_one_oversample,27,16,0,0.5451871753,0.5442349911,0.0009521842003,0.001746527144
memorization_02_t_one_oversample,27,17,0,0.3526231349,0.35261181,1.132488251e-05,3.21161075e-05
memorization_02_t_one_oversample,27,18,0,0.4435464442,0.4434656799,8.076429367e-05,0.0001820875688
memorization_02_t_one_oversample,27,19,0,0.2949351966,0.2948967814,3.841519356e-05,0.0001302496074
memorization_02_t_one_oversample,27,20,0,0.04768945277,0.04761530086,7.415190339e-05,0.001554891052
memorization_02_t_one_oversample,27,21,0,0.5559363365,0.5560436249,-0.0001072883606,-0.0001929867748
memorization_02_t_one_oversample,27,22,0,1.225304842,1.225777388,-0.0004725456238,-0.000385655559
memorization_02_t_one_oversample,27,23,0,0.3738675714,0.373160094,0.0007074773312,0.001892320665
memorization_02_t_one_oversample,27,24,0,0.3895021975,0.3894938529,8.344650269e-06,2.142388495e-05
memorization_02_t_one_oversample,27,25,0,0.5440544486,0.5438783765,0.0001760721207,0.0003236295946
memorization_02_t_one_oversample,27,26,0,0.8356609344,0.8354580402,0.0002028942108,0.0002427948974
memorization_02_t_one_oversample,27,27,1,0.4437530935,0.4426601529,0.001092940569,0.002462947493
memorization_02_t_one_oversample,27,28,0,0.8565793633,0.8564032912,0.0001760721207,0.0002055526063
memorization_02_t_one_oversample,27,29,0,0.1286778897,0.128769204,-9.13143158e-05,-0.0007096348565
memorization_02_t_one_oversample,27,30,0,0.4978980124,0.4979762733,-7.826089859e-05,-0.0001571825889
memorization_02_t_one_oversample,27,31,0,0.353372097,0.3530985415,0.0002735555172,0.0007741287994
memorization_02_t_one_oversample,27,32,0,0.5952577591,0.595164001,9.375810623e-05,0.0001575084151
memorization_02_t_one_oversample,27,33,0,0.5821378231,0.5822324157,-9.459257126e-05,-0.0001624917116
memorization_02_t_one_oversample,28,0,0,0.7277191877,0.7276639342,5.525350571e-05,7.592696007e-05
memorization_02_t_one_oversample,28,1,0,0.3931538165,0.3931569457,-3.129243851e-06,-7.959337337e-06
memorization_02_t_one_oversample,28,2,0,0.317792803,0.3177820742,1.072883606e-05,3.376047524e-05
memorization_02_t_one_oversample,28,3,0,0.5058817863,0.5059064031,-2.461671829e-05,-4.866100926e-05
memorization_02_t_one_oversample,28,4,0,0.5716806054,0.5716482401,3.236532211e-05,5.661434341e-05
memorization_02_t_one_oversample,28,5,0,0.5115814805,0.5115360618,4.541873932e-05,8.878104671e-05
memorization_02_t_one_oversample,28,6,0,0.1603555232,0.1602971703,5.835294724e-05,0.000363897333
memorization_02_t_one_oversample,28,7,0,0.3912025988,0.3912255466,-2.294778824e-05,-5.86596007e-05
memorization_02_t_one_oversample,28,8,0,0.5328586102,0.5316003561,0.001258254051,0.002361328178
memorization_02_t_one_oversample,28,9,0,0.4113689661,0.4107248783,0.0006440877914,0.001565717992
memorization_02_t_one_oversample,28,10,0,0.5338000655,0.5335481763,0.0002518892288,0.0004718793516
memorization_02_t_one_oversample,28,11,0,0.4267908037,0.4266759753,0.0001148283482,0.0002690506618
memorization_02_t_one_oversample,28,12,0,0.2510662377,0.2511930466,-0.0001268088818,-0.0005050813798
memorization_02_t_one_oversample,28,13,0,0.4991305172,0.4996320903,-0.0005015730858,-0.001004893647
memorization_02_t_one_oversample,28,14,0,0.9079454541,0.9079952836,-4.982948303e-05,-5.488158215e-05
memorization_02_t_one_oversample,28,15,0,0.531644702,0.5315258503,0.0001188516617,0.0002235546809
memorization_02_t_one_oversample,28,16,0,0.5451871753,0.5441135168,0.001073658466,0.001969339183
memorization_02_t_one_oversample,28,17,0,0.3526231349,0.3526304066,-7.271766663e-06,-2.062192166e-05
memorization_02_t_one_oversample,28,18,0,0.4435464442,0.4434690773,7.736682892e-05,0.0001744277965
memorization_02_t_one_oversample,28,19,0,0.2949351966,0.2948903441,4.485249519e-05,0.0001520757634
memorization_02_t_one_oversample,28,20,0,0.04768945277,0.04758115113,0.0001083016396,0.002270976773
memorization_02_t_one_oversample,28,21,0,0.5559363365,0.5559428334,-6.496906281e-06,-1.168642136e-05
memorization_02_t_one_oversample,28,22,0,1.225304842,1.22588706,-0.0005822181702,-0.0004751618946
memorization_02_t_one_oversample,28,23,0,0.3738675714,0.3728970289,0.0009705424309,0.002595952431
memorization_02_t_one_oversample,28,24,0,0.3895021975,0.389487952,1.42455101e-05,3.657363217e-05
memorization_02_t_one_oversample,28,25,0,0.5440544486,0.5438337922,0.000220656395,0.0004055777791
memorization_02_t_one_oversample,28,26,0,0.8356609344,0.8355639577,9.697675705e-05,0.0001160479724
memorization_02_t_one_oversample,28,27,0,0.4437530935,0.4436568618,9.623169899e-05,0.000216858655
memorization_02_t_one_oversample,28,28,1,0.8565793633,0.8551978469,0.001381516457,0.001612829489
memorization_02_t_one_oversample,28,29,0,0.1286778897,0.1287475228,-6.963312626e-05,-0.0005411428989
memorization_02_t_one_oversample,28,30,0,0.4978980124,0.4979467988,-4.878640175e-05,-9.798472887e-05
memorization_02_t_one_oversample,28,31,0,0.353372097,0.3530360162,0.0003360807896,0.0009510677057
memorization_02_t_one_oversample,28,32,0,0.5952577591,0.5950996876,0.0001580715179,0.0002655513776
memorization_02_t_one_oversample,28,33,0,0.5821378231,0.582311213,-0.0001733899117,-0.0002978502766
memorization_02_t_one_oversample,29,0,0,0.7277191877,0.7277165651,2.62260437e-06,3.603868655e-06
memorization_02_t_one_oversample,29,1,0,0.3931538165,0.3931803107,-2.64942646e-05,-6.738905612e-05
memorization_02_t_one_oversample,29,2,0,0.317792803,0.3177957535,-2.950429916e-06,-9.284130692e-06
memorization_02_t_one_oversample,29,3,0,0.5058817863,0.5059269071,-4.512071609e-05,-8.919221311e-05
memorization_02_t_one_oversample,29,4,0,0.5716806054,0.5716276765,5.292892456e-05,9.258478259e-05
memorization_02_t_one_oversample,29,5,0,0.5115814805,0.5116467476,-6.526708603e-05,-0.0001275790632
memorization_02_t_one_oversample,29,6,0,0.1603555232,0.1602864861,6.903707981e-05,0.0004305251133
memorization_02_t_one_oversample,29,7,0,0.3912025988,0.3911949694,7.629394531e-06,1.95024127e-05
memorization_02_t_one_oversample,29,8,0,0.5328586102,0.5318283439,0.001030266285,0.001933470278
memorization_02_t_one_oversample,29,9,0,0.4113689661,0.4109115601,0.000457406044,0.001111911889
memorization_02_t_one_oversample,29,10,0,0.5338000655,0.5338665247,-6.645917892e-05,-0.0001245020059
memorization_02_t_one_oversample,29,11,0,0.4267908037,0.4267148376,7.596611977e-05,0.0001779938066
memorization_02_t_one_oversample,29,12,0,0.2510662377,0.2511470616,-8.082389832e-05,-0.0003219226092
memorization_02_t_one_oversample,29,13,0,0.4991305172,0.499420166,-0.0002896487713,-0.0005803066759
memorization_02_t_one_oversample,29,14,0,0.9079454541,0.9079840183,-3.856420517e-05,-4.247414313e-05
memorization_02_t_one_oversample,29,15,0,0.531644702,0.5315072536,0.0001374483109,0.0002585341495
memorization_02_t_one_oversample,29,16,0,0.5451871753,0.5440874696,0.001099705696,0.002017115857
memorization_02_t_one_oversample,29,17,0,0.3526231349,0.3526096046,1.353025436e-05,3.837029686e-05
memorization_02_t_one_oversample,29,18,0,0.4435464442,0.4434848726,6.157159805e-05,0.0001388165746
memorization_02_t_one_oversample,29,19,0,0.2949351966,0.2949561477,-2.095103264e-05,-7.103605428e-05
memorization_02_t_one_oversample,29,20,0,0.04768945277,0.04759912938,9.032338858e-05,0.001893990879
memorization_02_t_one_oversample,29,21,0,0.5559363365,0.5558952689,4.106760025e-05,7.387104881e-05
memorization_02_t_one_oversample,29,22,0,1.225304842,1.225777864,-0.0004730224609,-0.000386044717
memorization_02_t_one_oversample,29,23,0,0.3738675714,0.3731475174,0.0007200539112,0.001925959795
memorization_02_t_one_oversample,29,24,0,0.3895021975,0.389529258,-2.706050873e-05,-6.947459835e-05
memorization_02_t_one_oversample,29,25,0,0.5440544486,0.5438618064,0.0001926422119,0.0003540862728
memorization_02_t_one_oversample,29,26,0,0.8356609344,0.8354485035,0.000212430954,0.0002542071135
memorization_02_t_one_oversample,29,27,0,0.4437530935,0.443708986,4.410743713e-05,9.939634851e-05
memorization_02_t_one_oversample,29,28,0,0.8565793633,0.8564272523,0.0001521110535,0.0001775796382
memorization_02_t_one_oversample,29,29,1,0.1286778897,0.1280565113,0.0006213784218,0.004828944764
memorization_02_t_one_oversample,29,30,0,0.4978980124,0.4979735315,-7.551908493e-05,-0.0001516758112
memorization_02_t_one_oversample,29,31,0,0.353372097,0.3530849218,0.0002871751785,0.0008126707823
memorization_02_t_one_oversample,29,32,0,0.5952577591,0.5951538682,0.0001038908958,0.0001745309393
memorization_02_t_one_oversample,29,33,0,0.5821378231,0.5821855664,-4.774332047e-05,-8.201377504e-05
memorization_02_t_one_oversample,30,0,0,0.7277191877,0.7276744843,4.470348358e-05,6.142957934e-05
memorization_02_t_one_oversample,30,1,0,0.3931538165,0.3930983841,5.543231964e-05,0.0001409939757
memorization_02_t_one_oversample,30,2,0,0.317792803,0.3177754879,1.731514931e-05,5.448565588e-05
memorization_02_t_one_oversample,30,3,0,0.5058817863,0.5058865547,-4.768371582e-06,-9.425861359e-06
memorization_02_t_one_oversample,30,4,0,0.5716806054,0.5716186166,6.198883057e-05,0.0001084326283
memorization_02_t_one_oversample,30,5,0,0.5115814805,0.5116623044,-8.082389832e-05,-0.0001579883194
memorization_02_t_one_oversample,30,6,0,0.1603555232,0.1602903903,6.513297558e-05,0.0004061785604
memorization_02_t_one_oversample,30,7,0,0.3912025988,0.3912681639,-6.556510925e-05,-0.0001675988591
memorization_02_t_one_oversample,30,8,0,0.5328586102,0.53191185,0.0009467601776,0.001776756835
memorization_02_t_one_oversample,30,9,0,0.4113689661,0.4109530449,0.0004159212112,0.001011066088
memorization_02_t_one_oversample,30,10,0,0.5338000655,0.5338277221,-2.765655518e-05,-5.181070023e-05
memorization_02_t_one_oversample,30,11,0,0.4267908037,0.4266939461,9.685754776e-05,0.0002269438491
memorization_02_t_one_oversample,30,12,0,0.2510662377,0.2511389852,-7.274746895e-05,-0.0002897540889
memorization_02_t_one_oversample,30,13,0,0.4991305172,0.4994635582,-0.0003330409527,-0.0006672422166
memorization_02_t_one_oversample,30,14,0,0.9079454541,0.9079454541,0,0
memorization_02_t_one_oversample,30,15,0,0.531644702,0.5314563513,0.0001883506775,0.0003542792335
memorization_02_t_one_oversample,30,16,0,0.5451871753,0.544308722,0.0008784532547,0.001611287452
memorization_02_t_one_oversample,30,17,0,0.3526231349,0.3525469899,7.61449337e-05,0.0002159385649
memorization_02_t_one_oversample,30,18,0,0.4435464442,0.4435145259,3.191828728e-05,7.196154472e-05
memorization_02_t_one_oversample,30,19,0,0.2949351966,0.294978857,-4.36604023e-05,-0.0001480338827
memorization_02_t_one_oversample,30,20,0,0.04768945277,0.04756264389,0.0001268088818,0.002659055082
memorization_02_t_one_oversample,30,21,0,0.5559363365,0.555971384,-3.504753113e-05,-6.304234644e-05
memorization_02_t_one_oversample,30,22,0,1.225304842,1.225726962,-0.0004221200943,-0.0003445021025
memorization_02_t_one_oversample,30,23,0,0.3738675714,0.3731726408,0.0006949305534,0.001858761248
memorization_02_t_one_oversample,30,24,0,0.3895021975,0.3895184696,-1.627206802e-05,-4.177657566e-05
memorization_02_t_one_oversample,30,25,0,0.5440544486,0.5438568592,0.0001975893974,0.0003631794537
memorization_02_t_one_oversample,30,26,0,0.8356609344,0.835547924,0.0001130104065,0.0001352347607
memorization_02_t_one_oversample,30,27,0,0.4437530935,0.4437087774,4.431605339e-05,9.986646638e-05
memorization_02_t_one_oversample,30,28,0,0.8565793633,0.8564406037,0.000138759613,0.0001619927107
memorization_02_t_one_oversample,30,29,0,0.1286778897,0.128759414,-8.152425289e-05,-0.000633552921
memorization_02_t_one_oversample,30,30,1,0.4978980124,0.4971943796,0.0007036328316,0.001413206749
memorization_02_t_one_oversample,30,31,0,0.353372097,0.3529994488,0.0003726482391,0.001054549135
memorization_02_t_one_oversample,30,32,0,0.5952577591,0.5949738622,0.0002838969231,0.0004769310752
memorization_02_t_one_oversample,30,33,0,0.5821378231,0.582524538,-0.0003867149353,-0.0006643013389
memorization_02_t_one_oversample,31,0,0,0.7277191877,0.7277774215,-5.823373795e-05,-8.002226536e-05
memorization_02_t_one_oversample,31,1,0,0.3931538165,0.3931714892,-1.767277718e-05,-4.495130515e-05
memorization_02_t_one_oversample,31,2,0,0.317792803,0.3177960813,-3.278255463e-06,-1.031570077e-05
memorization_02_t_one_oversample,31,3,0,0.5058817863,0.5059296489,-4.786252975e-05,-9.461208339e-05
memorization_02_t_one_oversample,31,4,0,0.5716806054,0.5716199279,6.067752838e-05,0.0001061388611
memorization_02_t_one_oversample,31,5,0,0.5115814805,0.51172328,-0.0001417994499,-0.0002771786222
memorization_02_t_one_oversample,31,6,0,0.1603555232,0.1603491157,6.407499313e-06,3.995808304e-05
memorization_02_t_one_oversample,31,7,0,0.3912025988,0.3912381828,-3.558397293e-05,-9.096047173e-05
memorization_02_t_one_oversample,31,8,0,0.5328586102,0.5316351652,0.001223444939,0.002296002946
memorization_02_t_one_oversample,31,9,0,0.4113689661,0.4108018577,0.0005671083927,0.001378588176
memorization_02_t_one_oversample,31,10,0,0.5338000655,0.5339441895,-0.0001441240311,-0.0002699962783
memorization_02_t_one_oversample,31,11,0,0.4267908037,0.4266806543,0.0001101493835,0.0002580875281
memorization_02_t_one_oversample,31,12,0,0.2510662377,0.2510243952,4.184246063e-05,0.0001666590499
memorization_02_t_one_oversample,31,13,0,0.4991305172,0.4996828139,-0.0005522966385,-0.001106517473
memorization_02_t_one_oversample,31,14,0,0.9079454541,0.9080177546,-7.230043411e-05,-7.963081238e-05
memorization_02_t_one_oversample,31,15,0,0.531644702,0.5314534903,0.0001912117004,0.0003596606902
memorization_02_t_one_oversample,31,16,0,0.5451871753,0.5441523194,0.001034855843,0.001898166152
memorization_02_t_one_oversample,31,17,0,0.3526231349,0.3527680039,-0.0001448690891,-0.0004108326278
memorization_02_t_one_oversample,31,18,0,0.4435464442,0.4433782697,0.0001681745052,0.0003791587272
memorization_02_t_one_oversample,31,19,0,0.2949351966,0.2949724793,-3.728270531e-05,-0.0001264098206
memorization_02_t_one_oversample,31,20,0,0.04768945277,0.04759604484,9.340792894e-05,0.001958670597
memorization_02_t_one_oversample,31,21,0,0.5559363365,0.5558747053,6.16312027e-05,0.0001108601807
memorization_02_t_one_oversample,31,22,0,1.225304842,1.225988269,-0.000683426857,-0.000557760676
memorization_02_t_one_oversample,31,23,0,0.3738675714,0.3727945685,0.001073002815,0.002870007718
memorization_02_t_one_oversample,31,24,0,0.3895021975,0.3895047307,-2.533197403e-06,-6.503679361e-06
memorization_02_t_one_oversample,31,25,0,0.5440544486,0.543847084,0.0002073645592,0.0003811467027
memorization_02_t_one_oversample,31,26,0,0.8356609344,0.8353716135,0.0002893209457,0.0003462181057
memorization_02_t_one_oversample,31,27,0,0.4437530935,0.4437555671,-2.473592758e-06,-5.57425468e-06
memorization_02_t_one_oversample,31,28,0,0.8565793633,0.8564544916,0.0001248717308,0.0001457795228
memorization_02_t_one_oversample,31,29,0,0.1286778897,0.1287982464,-0.000120356679,-0.0009353330183
memorization_02_t_one_oversample,31,30,0,0.4978980124,0.4979134202,-1.540780067e-05,-3.094569629e-05
memorization_02_t_one_oversample,31,31,1,0.353372097,0.3514153659,0.001956731081,0.005537310664
memorization_02_t_one_oversample,31,32,0,0.5952577591,0.5949826837,0.0002750754356,0.0004621114659
memorization_02_t_one_oversample,31,33,0,0.5821378231,0.5826071501,-0.000469326973,-0.0008062128148
memorization_02_t_one_oversample,32,0,0,0.7277191877,0.72772789,-8.702278137e-06,-1.195829145e-05
memorization_02_t_one_oversample,32,1,0,0.3931538165,0.3931546211,-8.046627045e-07,-2.046686744e-06
memorization_02_t_one_oversample,32,2,0,0.317792803,0.3177437782,4.902482033e-05,0.000154266616
memorization_02_t_one_oversample,32,3,0,0.5058817863,0.5059136748,-3.188848495e-05,-6.303544784e-05
memorization_02_t_one_oversample,32,4,0,0.5716806054,0.5716496706,3.093481064e-05,5.411205198e-05
memorization_02_t_one_oversample,32,5,0,0.5115814805,0.5116314888,-5.000829697e-05,-9.775235983e-05
memorization_02_t_one_oversample,32,6,0,0.1603555232,0.1603150815,4.044175148e-05,0.000252200552
memorization_02_t_one_oversample,32,7,0,0.3912025988,0.3912340105,-3.14116478e-05,-8.029508979e-05
memorization_02_t_one_oversample,32,8,0,0.5328586102,0.531781733,0.001076877117,0.002020943448
memorization_02_t_one_oversample,32,9,0,0.4113689661,0.4109083712,0.0004605948925,0.001119663685
memorization_02_t_one_oversample,32,10,0,0.5338000655,0.5338358283,-3.576278687e-05,-6.699659512e-05
memorization_02_t_one_oversample,32,11,0,0.4267908037,0.4266970456,9.375810623e-05,0.000219681646
memorization_02_t_one_oversample,32,12,0,0.2510662377,0.2511916757,-0.0001254379749,-0.0004996210406
memorization_02_t_one_oversample,32,13,0,0.4991305172,0.4995014071,-0.0003708899021,-0.0007430719808
memorization_02_t_one_oversample,32,14,0,0.9079454541,0.9079935551,-4.810094833e-05,-5.297779521e-05
memorization_02_t_one_oversample,32,15,0,0.531644702,0.5314993262,0.0001453757286,0.0002734452691
memorization_02_t_one_oversample,32,16,0,0.5451871753,0.5441794395,0.001007735729,0.00184842156
memorization_02_t_one_oversample,32,17,0,0.3526231349,0.3525879383,3.519654274e-05,9.981348148e-05
memorization_02_t_one_oversample,32,18,0,0.4435464442,0.4434311092,0.0001153349876,0.0002600291112
memorization_02_t_one_oversample,32,19,0,0.2949351966,0.29500404,-6.884336472e-05,-0.0002334186136
memorization_02_t_one_oversample,32,20,0,0.04768945277,0.04756450653,0.0001249462366,0.002619997282
memorization_02_t_one_oversample,32,21,0,0.5559363365,0.5559271574,9.179115295e-06,1.651109074e-05
memorization_02_t_one_oversample,32,22,0,1.225304842,1.225836158,-0.0005313158035,-0.0004336192801
memorization_02_t_one_oversample,32,23,0,0.3738675714,0.3730690777,0.0007984936237,0.002135765937
memorization_02_t_one_oversample,32,24,0,0.3895021975,0.3895046711,-2.473592758e-06,-6.350651611e-06
memorization_02_t_one_oversample,32,25,0,0.5440544486,0.5438118577,0.0002425909042,0.0004458945329
memorization_02_t_one_oversample,32,26,0,0.8356609344,0.8354224563,0.0002384781837,0.0002853767287
memorization_02_t_one_oversample,32,27,0,0.4437530935,0.4437386394,1.445412636e-05,3.257245205e-05
memorization_02_t_one_oversample,32,28,0,0.8565793633,0.8564366102,0.0001427531242,0.0001666548721
memorization_02_t_one_oversample,32,29,0,0.1286778897,0.128811866,-0.0001339763403,-0.001041176076
memorization_02_t_one_oversample,32,30,0,0.4978980124,0.4978331029,6.490945816e-05,0.0001303669759
memorization_02_t_one_oversample,32,31,0,0.353372097,0.3529244363,0.0004476606846,0.00126682522
memorization_02_t_one_oversample,32,32,1,0.5952577591,0.5943454504,0.0009123086929,0.001532627973
memorization_02_t_one_oversample,32,33,0,0.5821378231,0.5824713707,-0.0003335475922,-0.0005729701437
memorization_02_t_one_oversample,33,0,0,0.7277191877,0.7277072072,1.19805336e-05,1.646312726e-05
memorization_02_t_one_oversample,33,1,0,0.3931538165,0.3932122588,-5.84423542e-05,-0.0001486501002
memorization_02_t_one_oversample,33,2,0,0.317792803,0.3178197145,-2.691149712e-05,-8.46825254e-05
memorization_02_t_one_oversample,33,3,0,0.5058817863,0.5058959126,-1.412630081e-05,-2.792411428e-05
memorization_02_t_one_oversample,33,4,0,0.5716806054,0.5715585947,0.0001220107079,0.0002134246058
memorization_02_t_one_oversample,33,5,0,0.5115814805,0.5116083622,-2.688169479e-05,-5.254626256e-05
memorization_02_t_one_oversample,33,6,0,0.1603555232,0.1602664441,8.907914162e-05,0.0005555102801
memorization_02_t_one_oversample,33,7,0,0.3912025988,0.3912161887,-1.358985901e-05,-3.473867262e-05
memorization_02_t_one_oversample,33,8,0,0.5328586102,0.5319522619,0.0009063482285,0.001700916925
memorization_02_t_one_oversample,33,9,0,0.4113689661,0.410961628,0.0004073381424,0.0009902014395
memorization_02_t_one_oversample,33,10,0,0.5338000655,0.5335817337,0.0002183318138,0.0004090142132
memorization_02_t_one_oversample,33,11,0,0.4267908037,0.4267212451,6.955862045e-05,0.0001629805981
memorization_02_t_one_oversample,33,12,0,0.2510662377,0.2508375645,0.0002286732197,0.0009108083261
memorization_02_t_one_oversample,33,13,0,0.4991305172,0.4993943274,-0.0002638101578,-0.0005285394274
memorization_02_t_one_oversample,33,14,0,0.9079454541,0.9080052972,-5.984306335e-05,-6.591041685e-05
memorization_02_t_one_oversample,33,15,0,0.531644702,0.531431675,0.0002130270004,0.0004006942976
memorization_02_t_one_oversample,33,16,0,0.5451871753,0.5441499949,0.001037180424,0.001902429974
memorization_02_t_one_oversample,33,17,0,0.3526231349,0.3527306914,-0.0001075565815,-0.0003050185052
memorization_02_t_one_oversample,33,18,0,0.4435464442,0.443557322,-1.087784767e-05,-2.452470945e-05
memorization_02_t_one_oversample,33,19,0,0.2949351966,0.2949222922,1.290440559e-05,4.375335918e-05
memorization_02_t_one_oversample,33,20,0,0.04768945277,0.04763971269,4.974007607e-05,0.001042999514
memorization_02_t_one_oversample,33,21,0,0.5559363365,0.555880487,5.584955215e-05,0.0001004603378
memorization_02_t_one_oversample,33,22,0,1.225304842,1.225741386,-0.0004365444183,-0.0003562741314
memorization_02_t_one_oversample,33,23,0,0.3738675714,0.3731957078,0.0006718635559,0.001797062937
memorization_02_t_one_oversample,33,24,0,0.3895021975,0.3895002007,1.9967556e-06,5.126429614e-06
memorization_02_t_one_oversample,33,25,0,0.5440544486,0.5440683365,-1.388788223e-05,-2.552664034e-05
memorization_02_t_one_oversample,33,26,0,0.8356609344,0.8353833556,0.0002775788307,0.0003321668146
memorization_02_t_one_oversample,33,27,0,0.4437530935,0.4436155856,0.0001375079155,0.0003098748325
memorization_02_t_one_oversample,33,28,0,0.8565793633,0.8564524055,0.0001269578934,0.0001482149802
memorization_02_t_one_oversample,33,29,0,0.1286778897,0.1286837161,-5.826354027e-06,-4.527859479e-05
memorization_02_t_one_oversample,33,30,0,0.4978980124,0.4981830418,-0.0002850294113,-0.0005724654532
memorization_02_t_one_oversample,33,31,0,0.353372097,0.3533519804,2.011656761e-05,5.692743649e-05
memorization_02_t_one_oversample,33,32,0,0.5952577591,0.5953404307,-8.26716423e-05,-0.000138883771
memorization_02_t_one_oversample,33,33,1,0.5821378231,0.5808520913,0.001285731792,0.002208638129
