arm,step_batch,eval_batch,is_self,pre_loss,post_loss,delta_loss,relative_delta
memorization_01_no_regularization,0,0,1,0.08828002214,0.08712937683,0.001150645316,0.01303403973
memorization_01_no_regularization,0,1,0,0.1183338836,0.1184829548,-0.0001490712166,-0.001259750902
memorization_01_no_regularization,0,2,0,0.1129138544,0.113032639,-0.0001187846065,-0.001051993195
memorization_01_no_regularization,0,3,0,0.05232852325,0.05240047723,-7.195398211e-05,-0.001375043239
memorization_01_no_regularization,0,4,0,0.1316577196,0.1315955222,6.219744682e-05,0.000472417774
memorization_01_no_regularization,0,5,0,0.171691224,0.1716992706,-8.046627045e-06,-4.686685119e-05
memorization_01_no_regularization,0,6,0,0.1428161114,0.1427081972,0.0001079142094,0.0007556164936
memorization_01_no_regularization,0,7,0,0.0253787525,0.02541782334,-3.907084465e-05,-0.001539510055
memorization_01_no_regularization,0,8,0,0.02230010368,0.02227919362,2.091005445e-05,0.0009376662434
memorization_01_no_regularization,0,9,0,0.04474551603,0.04480549693,-5.99808991e-05,-0.001340489605
memorization_01_no_regularization,0,10,0,0.4743171334,0.4747708738,-0.0004537403584,-0.0009566181071
memorization_01_no_regularization,0,11,0,0.04759826139,0.04753505439,6.320700049e-05,0.001327926665
memorization_01_no_regularization,0,12,0,0.1839482486,0.184022367,-7.411837578e-05,-0.0004029305869
memorization_01_no_regularization,0,13,0,0.05554549024,0.05556164682,-1.615658402e-05,-0.0002908712113
memorization_01_no_regularization,0,14,0,0.1345883161,0.1345577389,3.057718277e-05,0.0002271904699
memorization_01_no_regularization,0,15,0,0.1666728854,0.1667076051,-3.471970558e-05,-0.0002083104609
memorization_01_no_regularization,0,16,0,0.1797369272,0.179794997,-5.806982517e-05,-0.0003230823298
memorization_01_no_regularization,0,17,0,0.1596544981,0.1594315022,0.0002229958773,0.001396740336
memorization_01_no_regularization,0,18,0,0.09984084964,0.09994148463,-0.0001006349921,-0.001007954084
memorization_01_no_regularization,0,19,0,0.05647678673,0.05644184351,3.4943223e-05,0.000618718327
memorization_01_no_regularization,0,20,0,0.02577907406,0.0259430483,-0.0001639742404,-0.00636074981
memorization_01_no_regularization,0,21,0,0.1375363171,0.137694329,-0.0001580119133,-0.001148874106
memorization_01_no_regularization,0,22,0,0.3221611381,0.321739167,0.0004219710827,0.001309813732
memorization_01_no_regularization,0,23,0,0.01879909076,0.01885521226,-5.612149835e-05,-0.002985330465
memorization_01_no_regularization,0,24,0,0.1293136775,0.1291755438,0.0001381337643,0.001068206913
memorization_01_no_regularization,0,25,0,0.05961255357,0.05966992304,-5.73694706e-05,-0.0009623723052
memorization_01_no_regularization,0,26,0,0.09429898858,0.09440375865,-0.0001047700644,-0.001111041231
memorization_01_no_regularization,0,27,0,0.1768957973,0.1769215018,-2.570450306e-05,-0.0001453087267
memorization_01_no_regularization,0,28,0,0.2324780822,0.2323272973,0.0001507848501,0.0006485981332
memorization_01_no_regularization,0,29,0,0.08017254621,0.08022119105,-4.864484072e-05,-0.0006067518498
memorization_01_no_regularization,0,30,0,0.1128678471,0.1128405184,2.732872963e-05,0.000242130335
memorization_01_no_regularization,0,31,0,0.08819700778,0.08800983429,0.0001871734858,0.002122220362
memorization_01_no_regularization,0,32,0,0.1153667197,0.1151713207,0.0001953989267,0.001693720055
memorization_01_no_regularization,0,33,0,0.06348849833,0.06345830113,3.019720316e-05,0.0004756326572
memorization_01_no_regularization,1,0,0,0.08828002214,0.08818431199,9.571015835e-05,0.001084165545
memorization_01_no_regularization,1,1,1,0.1183338836,0.1179251075,0.0004087761045,0.00345442989
memorization_01_no_regularization,1,2,0,0.1129138544,0.1130934954,-0.0001796409488,-0.001590955775
memorization_01_no_regularization,1,3,0,0.05232852325,0.05240530148,-7.677823305e-05,-0.001467234852
memorization_01_no_regularization,1,4,0,0.1316577196,0.1315968633,6.085634232e-05,0.0004622314779
memorization_01_no_regularization,1,5,0,0.171691224,0.1716868728,4.351139069e-06,2.534281583e-05
memorization_01_no_regularization,1,6,0,0.1428161114,0.1427234113,9.270012379e-05,0.0006490872973
memorization_01_no_regularization,1,7,0,0.0253787525,0.02537639439,2.358108759e-06,9.291665376e-05
memorization_01_no_regularization,1,8,0,0.02230010368,0.02229961939,4.842877388e-07,2.171683799e-05
memorization_01_no_regularization,1,9,0,0.04474551603,0.04477293417,-2.74181366e-05,-0.0006127571884
memorization_01_no_regularization,1,10,0,0.4743171334,0.4749163389,-0.0005992054939,-0.00126330139
memorization_01_no_regularization,1,11,0,0.04759826139,0.04755332321,4.493817687e-05,0.0009441138302
memorization_01_no_regularization,1,12,0,0.1839482486,0.1841489524,-0.0002007037401,-0.001091088073
memorization_01_no_regularization,1,13,0,0.05554549024,0.05553081259,1.467764378e-05,0.0002642454628
memorization_01_no_regularization,1,14,0,0.1345883161,0.1345276982,6.061792374e-05,0.000450395142
memorization_01_no_regularization,1,15,0,0.1666728854,0.1666946113,-2.172589302e-05,-0.0001303504944
memorization_01_no_regularization,1,16,0,0.1797369272,0.1797845066,-4.757940769e-05,-0.0002647169307
memorization_01_no_regularization,1,17,0,0.1596544981,0.1595267802,0.0001277178526,0.0007999640105
memorization_01_no_regularization,1,18,0,0.09984084964,0.09980954975,3.129988909e-05,0.0003134978238
memorization_01_no_regularization,1,19,0,0.05647678673,0.05645141751,2.536922693e-05,0.0004491974207
memorization_01_no_regularization,1,20,0,0.02577907406,0.02586904541,-8.997134864e-05,-0.00349009233
memorization_01_no_regularization,1,21,0,0.1375363171,0.1376078427,-7.152557373e-05,-0.0005200486332
memorization_01_no_regularization,1,22,0,0.3221611381,0.3219605684,0.0002005696297,0.000622575494
memorization_01_no_regularization,1,23,0,0.01879909076,0.01885068417,-5.159340799e-05,-0.002744462945
memorization_01_no_regularization,1,24,0,0.1293136775,0.1293104291,3.24845314e-06,2.512072351e-05
memorization_01_no_regularization,1,25,0,0.05961255357,0.05966013297,-4.757940769e-05,-0.0007981440963
memorization_01_no_regularization,1,26,0,0.09429898858,0.09445791692,-0.0001589283347,-0.001685366271
memorization_01_no_regularization,1,27,0,0.1768957973,0.1769158691,-2.007186413e-05,-0.0001134671622
memorization_01_no_regularization,1,28,0,0.2324780822,0.2322778851,0.0002001971006,0.0008611439787
memorization_01_no_regularization,1,29,0,0.08017254621,0.08022408187,-5.153566599e-05,-0.0006428093958
memorization_01_no_regularization,1,30,0,0.1128678471,0.1128750741,-7.227063179e-06,-6.403119547e-05
memorization_01_no_regularization,1,31,0,0.08819700778,0.08811687678,8.013099432e-05,0.0009085454976
memorization_01_no_regularization,1,32,0,0.1153667197,0.1152535602,0.0001131594181,0.0009808670857
memorization_01_no_regularization,1,33,0,0.06348849833,0.063456662,3.183633089e-05,0.0005014503686
memorization_01_no_regularization,2,0,0,0.08828002214,0.08815469593,0.0001253262162,0.001419644141
memorization_01_no_regularization,2,1,0,0.1183338836,0.1184825003,-0.0001486167312,-0.001255910198
memorization_01_no_regularization,2,2,1,0.1129138544,0.1119766757,0.000937178731,0.008299944553
memorization_01_no_regularization,2,3,0,0.05232852325,0.05251413584,-0.0001856125891,-0.003547063391
memorization_01_no_regularization,2,4,0,0.1316577196,0.1315769255,8.079409599e-05,0.0006136677457
memorization_01_no_regularization,2,5,0,0.171691224,0.1716902703,9.536743164e-07,5.554589771e-06
memorization_01_no_regularization,2,6,0,0.1428161114,0.1427791268,3.698468208e-05,0.0002589671551
memorization_01_no_regularization,2,7,0,0.0253787525,0.02540996298,-3.121048212e-05,-0.001229787876
memorization_01_no_regularization,2,8,0,0.02230010368,0.02231581882,-1.571513712e-05,-0.0007047113928
memorization_01_no_regularization,2,9,0,0.04474551603,0.04478520527,-3.968924284e-05,-0.0008869993322
memorization_01_no_regularization,2,10,0,0.4743171334,0.4745862484,-0.0002691149712,-0.000567373498
memorization_01_no_regularization,2,11,0,0.04759826139,0.04758762196,1.063942909e-05,0.0002235255823
memorization_01_no_regularization,2,12,0,0.1839482486,0.1841160804,-0.0001678317785,-0.0009123858465
memorization_01_no_regularization,2,13,0,0.05554549024,0.05556150526,-1.601502299e-05,-0.000288322651
memorization_01_no_regularization,2,14,0,0.1345883161,0.1345812231,7.092952728e-06,5.270110315e-05
memorization_01_no_regularization,2,15,0,0.1666728854,0.1667477787,-7.489323616e-05,-0.0004493426509
memorization_01_no_regularization,2,16,0,0.1797369272,0.1798191667,-8.223950863e-05,-0.0004575548828
memorization_01_no_regularization,2,17,0,0.1596544981,0.1593857855,0.0002687126398,0.001683088438
memorization_01_no_regularization,2,18,0,0.09984084964,0.09983222932,8.620321751e-06,8.634062893e-05
memorization_01_no_regularization,2,19,0,0.05647678673,0.0564645566,1.223012805e-05,0.0002165514144
memorization_01_no_regularization,2,20,0,0.02577907406,0.02588548884,-0.00010641478,-0.004127951989
memorization_01_no_regularization,2,21,0,0.1375363171,0.1376790255,-0.0001427084208,-0.001037605367
memorization_01_no_regularization,2,22,0,0.3221611381,0.3220324218,0.0001287162304,0.0003995399047
memorization_01_no_regularization,2,23,0,0.01879909076,0.01885180362,-5.271285772e-05,-0.002804011024
memorization_01_no_regularization,2,24,0,0.1293136775,0.1292313933,8.228421211e-05,0.0006363148406
memorization_01_no_regularization,2,25,0,0.05961255357,0.05968552083,-7.296726108e-05,-0.001224025087
memorization_01_no_regularization,2,26,0,0.09429898858,0.09446568042,-0.0001666918397,-0.001767694884
memorization_01_no_regularization,2,27,0,0.1768957973,0.1769324541,-3.665685654e-05,-0.0002072228798
memorization_01_no_regularization,2,28,0,0.2324780822,0.2322598249,0.000218257308,0.0009388296134
memorization_01_no_regularization,2,29,0,0.08017254621,0.0802443698,-7.182359695e-05,-0.0008958627404
memorization_01_no_regularization,2,30,0,0.1128678471,0.112875849,-8.001923561e-06,-7.089639581e-05
memorization_01_no_regularization,2,31,0,0.08819700778,0.0881857425,1.126527786e-05,0.0001277285721
memorization_01_no_regularization,2,32,0,0.1153667197,0.1153214797,4.523992538e-05,0.0003921401728
memorization_01_no_regularization,2,33,0,0.06348849833,0.06350714713,-1.864880323e-05,-0.0002937351445
memorization_01_no_regularization,3,0,0,0.08828002214,0.08816498518,0.0001150369644,0.001303091703
memorization_01_no_regularization,3,1,0,0.1183338836,0.1184746772,-0.0001407936215,-0.00118979972
memorization_01_no_regularization,3,2,0,0.1129138544,0.1131862402,-0.000272385776,-0.002412332636
memorization_01_no_regularization,3,3,1,0.05232852325,0.05210772902,0.0002207942307,0.004219385853
memorization_01_no_regularization,3,4,0,0.1316577196,0.1316382587,1.946091652e-05,0.0001478144736
memorization_01_no_regularization,3,5,0,0.171691224,0.1717043221,-1.309812069e-05,-7.628881888e-05
memorization_01_no_regularization,3,6,0,0.1428161114,0.1427095681,0.0001065433025,0.0007460173888
memorization_01_no_regularization,3,7,0,0.0253787525,0.0254240483,-4.529580474e-05,-0.001784792406
memorization_01_no_regularization,3,8,0,0.02230010368,0.02228356712,1.653656363e-05,0.0007415464911
memorization_01_no_regularization,3,9,0,0.04474551603,0.04474924877,-3.732740879e-06,-8.342156288e-05
memorization_01_no_regularization,3,10,0,0.4743171334,0.4747653306,-0.0004481971264,-0.000944931344
memorization_01_no_regularization,3,11,0,0.04759826139,0.04753058031,6.768107414e-05,0.001421923242
memorization_01_no_regularization,3,12,0,0.1839482486,0.1841088533,-0.0001606047153,-0.000873097279
memorization_01_no_regularization,3,13,0,0.05554549024,0.05554679036,-1.300126314e-06,-2.340651435e-05
memorization_01_no_regularization,3,14,0,0.1345883161,0.1345544755,3.384053707e-05,0.000251437406
memorization_01_no_regularization,3,15,0,0.1666728854,0.1666872799,-1.439452171e-05,-8.636390783e-05
memorization_01_no_regularization,3,16,0,0.1797369272,0.1797435135,-6.586313248e-06,-3.664418521e-05
memorization_01_no_regularization,3,17,0,0.1596544981,0.1595149338,0.0001395642757,0.0008741643825
memorization_01_no_regularization,3,18,0,0.09984084964,0.09978334606,5.750358105e-05,0.0005759524409
memorization_01_no_regularization,3,19,0,0.05647678673,0.05646175519,1.503154635e-05,0.0002661544189
memorization_01_no_regularization,3,20,0,0.02577907406,0.02589686401,-0.0001177899539,-0.004569208098
memorization_01_no_regularization,3,21,0,0.1375363171,0.1376158446,-7.952749729e-05,-0.0005782290741
memorization_01_no_regularization,3,22,0,0.3221611381,0.3219824433,0.000178694725,0.0005546749869
memorization_01_no_regularization,3,23,0,0.01879909076,0.01885584556,-5.67547977e-05,-0.00301901823
memorization_01_no_regularization,3,24,0,0.1293136775,0.1291558295,0.0001578480005,0.001220659744
memorization_01_no_regularization,3,25,0,0.05961255357,0.05966859311,-5.603954196e-05,-0.0009400627654
memorization_01_no_regularization,3,26,0,0.09429898858,0.0944525674,-0.0001535788178,-0.001628636957
memorization_01_no_regularization,3,27,0,0.1768957973,0.1769139022,-1.810491085e-05,-0.0001023478858
memorization_01_no_regularization,3,28,0,0.2324780822,0.2323601842,0.0001178979874,0.0005071359255
memorization_01_no_regularization,3,29,0,0.08017254621,0.08021106571,-3.851950169e-05,-0.0004804575071
memorization_01_no_regularization,3,30,0,0.1128678471,0.1128507853,1.706182957e-05,0.0001511664305
memorization_01_no_regularization,3,31,0,0.08819700778,0.08812665194,7.035583258e-05,0.0007977122394
memorization_01_no_regularization,3,32,0,0.1153667197,0.1152238101,0.0001429095864,0.001238741873
memorization_01_no_regularization,3,33,0,0.06348849833,0.06341455877,7.393956184e-05,0.001164613494
memorization_01_no_regularization,4,0,0,0.08828002214,0.08812639862,0.0001536235213,0.001740184445
memorization_01_no_regularization,4,1,0,0.1183338836,0.1184441298,-0.0001102462411,-0.0009316540432
memorization_01_no_regularization,4,2,0,0.1129138544,0.1130114868,-9.763240814e-05,-0.0008646627878
memorization_01_no_regularization,4,3,0,0.05232852325,0.05243682861,-0.0001083053648,-0.002069719498
memorization_01_no_regularization,4,4,1,0.1316577196,0.1307847202,0.0008729994297,0.006630825995
memorization_01_no_regularization,4,5,0,0.171691224,0.1717191786,-2.79545784e-05,-0.0001628189126
memorization_01_no_regularization,4,6,0,0.1428161114,0.1427204311,9.568035603e-05,0.0006699549166
memorization_01_no_regularization,4,7,0,0.0253787525,0.02537222579,6.526708603e-06,0.0002571721602
memorization_01_no_regularization,4,8,0,0.02230010368,0.02230019867,-9.499490261e-08,-4.259841298e-06
memorization_01_no_regularization,4,9,0,0.04474551603,0.04480262473,-5.710870028e-05,-0.001276299959
memorization_01_no_regularization,4,10,0,0.4743171334,0.4748046398,-0.0004875063896,-0.001027806831
memorization_01_no_regularization,4,11,0,0.04759826139,0.04753748327,6.077811122e-05,0.001276897715
memorization_01_no_regularization,4,12,0,0.1839482486,0.1841213852,-0.0001731365919,-0.0009412244651
memorization_01_no_regularization,4,13,0,0.05554549024,0.0555139184,3.157183528e-05,0.0005683960146
memorization_01_no_regularization,4,14,0,0.1345883161,0.1345101446,7.817149162e-05,0.0005808193006
memorization_01_no_regularization,4,15,0,0.1666728854,0.1667180359,-4.515051842e-05,-0.0002708930028
memorization_01_no_regularization,4,16,0,0.1797369272,0.1797873676,-5.044043064e-05,-0.0002806347668
memorization_01_no_regularization,4,17,0,0.1596544981,0.1595334262,0.0001210719347,0.0007583371351
memorization_01_no_regularization,4,18,0,0.09984084964,0.09985464811,-1.379847527e-05,-0.0001382047059
memorization_01_no_regularization,4,19,0,0.05647678673,0.05644174665,3.504008055e-05,0.0006204333245
memorization_01_no_regularization,4,20,0,0.02577907406,0.02588338032,-0.0001043062657,-0.004046160288
memorization_01_no_regularization,4,21,0,0.1375363171,0.1376632899,-0.0001269727945,-0.0009231946674
memorization_01_no_regularization,4,22,0,0.3221611381,0.322035104,0.0001260340214,0.0003912142294
memorization_01_no_regularization,4,23,0,0.01879909076,0.01886713132,-6.804056466e-05,-0.003619354017
memorization_01_no_regularization,4,24,0,0.1293136775,0.1292190403,9.463727474e-05,0.0007318427295
memorization_01_no_regularization,4,25,0,0.05961255357,0.05965839326,-4.583969712e-05,-0.0007689604686
memorization_01_no_regularization,4,26,0,0.09429898858,0.09445545077,-0.0001564621925,-0.001659213899
memorization_01_no_regularization,4,27,0,0.1768957973,0.1769436002,-4.780292511e-05,-0.0002702321132
memorization_01_no_regularization,4,28,0,0.2324780822,0.2323319912,0.0001460909843,0.0006284075599
memorization_01_no_regularization,4,29,0,0.08017254621,0.08022478968,-5.224347115e-05,-0.0006516379187
memorization_01_no_regularization,4,30,0,0.1128678471,0.1128622666,5.580484867e-06,4.944264475e-05
memorization_01_no_regularization,4,31,0,0.08819700778,0.08804960549,0.0001474022865,0.001671284438
memorization_01_no_regularization,4,32,0,0.1153667197,0.1152358875,0.0001308321953,0.001134054913
memorization_01_no_regularization,4,33,0,0.06348849833,0.06341560185,7.289648056e-05,0.001148184041
memorization_01_no_regularization,5,0,0,0.08828002214,0.08817578107,0.0001042410731,0.00118080026
memorization_01_no_regularization,5,1,0,0.1183338836,0.1184715554,-0.0001376718283,-0.001163418491
memorization_01_no_regularization,5,2,0,0.1129138544,0.1131036058,-0.0001897513866,-0.001680496938
memorization_01_no_regularization,5,3,0,0.05232852325,0.05242989212,-0.0001013688743,-0.001937162909
memorization_01_no_regularization,5,4,0,0.1316577196,0.1316609979,-3.278255463e-06,-2.489983476e-05
memorization_01_no_regularization,5,5,1,0.171691224,0.1713261604,0.0003650635481,0.002126279606
memorization_01_no_regularization,5,6,0,0.1428161114,0.1427252889,9.082257748e-05,0.0006359406971
memorization_01_no_regularization,5,7,0,0.0253787525,0.02543460391,-5.58514148e-05,-0.002200715532
memorization_01_no_regularization,5,8,0,0.02230010368,0.02229800634,2.097338438e-06,9.405061376e-05
memorization_01_no_regularization,5,9,0,0.04474551603,0.04477488995,-2.9373914e-05,-0.0006564660911
memorization_01_no_regularization,5,10,0,0.4743171334,0.4747594595,-0.0004423260689,-0.0009325534283
memorization_01_no_regularization,5,11,0,0.04759826139,0.04754634947,5.191192031e-05,0.001090626397
memorization_01_no_regularization,5,12,0,0.1839482486,0.1841343492,-0.0001861006021,-0.001011700864
memorization_01_no_regularization,5,13,0,0.05554549024,0.05553980544,5.684792995e-06,0.0001023448163
memorization_01_no_regularization,5,14,0,0.1345883161,0.1345522553,3.606081009e-05,0.0002679341799
memorization_01_no_regularization,5,15,0,0.1666728854,0.1666559428,1.694262028e-05,0.0001016519288
memorization_01_no_regularization,5,16,0,0.1797369272,0.179690361,4.656612873e-05,0.0002590793638
memorization_01_no_regularization,5,17,0,0.1596544981,0.159512952,0.0001415461302,0.000886577778
memorization_01_no_regularization,5,18,0,0.09984084964,0.0997858569,5.499273539e-05,0.0005508039604
memorization_01_no_regularization,5,19,0,0.05647678673,0.05645027384,2.651289105e-05,0.0004694475835
memorization_01_no_regularization,5,20,0,0.02577907406,0.0258807186,-0.0001016445458,-0.003942909104
memorization_01_no_regularization,5,21,0,0.1375363171,0.1375308782,5.438923836e-06,3.954536482e-05
memorization_01_no_regularization,5,22,0,0.3221611381,0.3219420612,0.0002190768719,0.0006800226532
memorization_01_no_regularization,5,23,0,0.01879909076,0.01885373145,-5.464069545e-05,-0.002906560544
memorization_01_no_regularization,5,24,0,0.1293136775,0.1292255521,8.81254673e-05,0.0006814860498
memorization_01_no_regularization,5,25,0,0.05961255357,0.0596643202,-5.176663399e-05,-0.0008683847762
memorization_01_no_regularization,5,26,0,0.09429898858,0.09447211772,-0.0001731291413,-0.001835959685
memorization_01_no_regularization,5,27,0,0.1768957973,0.1768623292,3.346800804e-05,0.000189196174
memorization_01_no_regularization,5,28,0,0.2324780822,0.2322733104,0.0002047717571,0.0008808217756
memorization_01_no_regularization,5,29,0,0.08017254621,0.08021788299,-4.533678293e-05,-0.000565490122
memorization_01_no_regularization,5,30,0,0.1128678471,0.1128861383,-1.829117537e-05,-0.0001620583349
memorization_01_no_regularization,5,31,0,0.08819700778,0.08812583238,7.117539644e-05,0.0008070046619
memorization_01_no_regularization,5,32,0,0.1153667197,0.1152203679,0.0001463517547,0.001268578626
memorization_01_no_regularization,5,33,0,0.06348849833,0.0634753406,1.315772533e-05,0.0002072458111
memorization_01_no_regularization,6,0,0,0.08828002214,0.08816363662,0.0001163855195,0.001318367584
memorization_01_no_regularization,6,1,0,0.1183338836,0.1184873655,-0.0001534819603,-0.001297024619
memorization_01_no_regularization,6,2,0,0.1129138544,0.1131541505,-0.0002402961254,-0.00212813677
memorization_01_no_regularization,6,3,0,0.05232852325,0.05240277201,-7.424876094e-05,-0.001418896547
memorization_01_no_regularization,6,4,0,0.1316577196,0.131619975,3.77446413e-05,0.0002866876429
memorization_01_no_regularization,6,5,0,0.171691224,0.1717017442,-1.05202198e-05,-6.127406841e-05
memorization_01_no_regularization,6,6,1,0.1428161114,0.1422367394,0.0005793720484,0.004056769524
memorization_01_no_regularization,6,7,0,0.0253787525,0.02543932199,-6.056949496e-05,-0.002386622233
memorization_01_no_regularization,6,8,0,0.02230010368,0.02228572778,1.437589526e-05,0.0006446559832
memorization_01_no_regularization,6,9,0,0.04474551603,0.04476917163,-2.36555934e-05,-0.0005286695851
memorization_01_no_regularization,6,10,0,0.4743171334,0.4747761786,-0.0004590451717,-0.0009678022137
memorization_01_no_regularization,6,11,0,0.04759826139,0.04754377529,5.448609591e-05,0.001144707691
memorization_01_no_regularization,6,12,0,0.1839482486,0.1841463894,-0.0001981407404,-0.001077154808
memorization_01_no_regularization,6,13,0,0.05554549024,0.05553678796,8.702278137e-06,0.0001566693912
memorization_01_no_regularization,6,14,0,0.1345883161,0.1345196813,6.863474846e-05,0.0005099606746
memorization_01_no_regularization,6,15,0,0.1666728854,0.166893959,-0.0002210736275,-0.001326392274
memorization_01_no_regularization,6,16,0,0.1797369272,0.1797776222,-4.069507122e-05,-0.0002264146376
memorization_01_no_regularization,6,17,0,0.1596544981,0.1595228612,0.000131636858,0.0008245108002
memorization_01_no_regularization,6,18,0,0.09984084964,0.09980590641,3.4943223e-05,0.0003499892391
memorization_01_no_regularization,6,19,0,0.05647678673,0.05646706,9.726732969e-06,0.0001722253253
memorization_01_no_regularization,6,20,0,0.02577907406,0.02591203712,-0.0001329630613,-0.005157790425
memorization_01_no_regularization,6,21,0,0.1375363171,0.1375986785,-6.23613596e-05,-0.0004534174021
memorization_01_no_regularization,6,22,0,0.3221611381,0.321918726,0.0002424120903,0.0007524560279
memorization_01_no_regularization,6,23,0,0.01879909076,0.01887379214,-7.470138371e-05,-0.003973670039
memorization_01_no_regularization,6,24,0,0.1293136775,0.1291700602,0.0001436173916,0.001110612538
memorization_01_no_regularization,6,25,0,0.05961255357,0.05966394022,-5.138665438e-05,-0.000862010622
memorization_01_no_regularization,6,26,0,0.09429898858,0.09446371347,-0.0001647248864,-0.001746836195
memorization_01_no_regularization,6,27,0,0.1768957973,0.1769275814,-3.178417683e-05,-0.0001796773995
memorization_01_no_regularization,6,28,0,0.2324780822,0.2323199958,0.0001580864191,0.0006800056918
memorization_01_no_regularization,6,29,0,0.08017254621,0.08018898219,-1.64359808e-05,-0.0002050075939
memorization_01_no_regularization,6,30,0,0.1128678471,0.1128390431,2.880394459e-05,0.0002552006203
memorization_01_no_regularization,6,31,0,0.08819700778,0.08808080852,0.000116199255,0.001317496567
memorization_01_no_regularization,6,32,0,0.1153667197,0.1152312234,0.0001354962587,0.001174483067
memorization_01_no_regularization,6,33,0,0.06348849833,0.06343147904,5.701929331e-05,0.0008981042993
memorization_01_no_regularization,7,0,0,0.08828002214,0.08816500008,0.0001150220633,0.001302922909
memorization_01_no_regularization,7,1,0,0.1183338836,0.1184365973,-0.0001027137041,-0.0008679990971
memorization_01_no_regularization,7,2,0,0.1129138544,0.1130794063,-0.0001655519009,-0.001466178811
memorization_01_no_regularization,7,3,0,0.05232852325,0.05240570009,-7.717683911e-05,-0.001474852228
memorization_01_no_regularization,7,4,0,0.1316577196,0.1315755546,8.216500282e-05,0.0006240804038
memorization_01_no_regularization,7,5,0,0.171691224,0.1716945618,-3.337860107e-06,-1.94410642e-05
memorization_01_no_regularization,7,6,0,0.1428161114,0.1427304447,8.56667757e-05,0.0005998397158
memorization_01_no_regularization,7,7,1,0.0253787525,0.02522859722,0.0001501552761,0.005916574349
memorization_01_no_regularization,7,8,0,0.02230010368,0.0222957693,4.334375262e-06,0.0001943657
memorization_01_no_regularization,7,9,0,0.04474551603,0.04475468397,-9.167939425e-06,-0.0002048906849
memorization_01_no_regularization,7,10,0,0.4743171334,0.4747638106,-0.0004466772079,-0.000941726909
memorization_01_no_regularization,7,11,0,0.04759826139,0.04755648971,4.177168012e-05,0.0008775883593
memorization_01_no_regularization,7,12,0,0.1839482486,0.1841407269,-0.0001924782991,-0.001046372013
memorization_01_no_regularization,7,13,0,0.05554549024,0.05554140359,4.086643457e-06,7.357291186e-05
memorization_01_no_regularization,7,14,0,0.1345883161,0.134541288,4.702806473e-05,0.0003494215999
memorization_01_no_regularization,7,15,0,0.1666728854,0.1667379886,-6.510317326e-05,-0.0003906044651
memorization_01_no_regularization,7,16,0,0.1797369272,0.1797806025,-4.367530346e-05,-0.0002429957169
memorization_01_no_regularization,7,17,0,0.1596544981,0.1595094353,0.0001450628042,0.0009086045551
memorization_01_no_regularization,7,18,0,0.09984084964,0.09981830418,2.254545689e-05,0.0002258139526
memorization_01_no_regularization,7,19,0,0.05647678673,0.05644829199,2.849474549e-05,0.0005045390707
memorization_01_no_regularization,7,20,0,0.02577907406,0.02587478608,-9.571202099e-05,-0.003712779628
memorization_01_no_regularization,7,21,0,0.1375363171,0.1375946552,-5.833804607e-05,-0.0004241646665
memorization_01_no_regularization,7,22,0,0.3221611381,0.321908921,0.0002522170544,0.0007828909964
memorization_01_no_regularization,7,23,0,0.01879909076,0.01884954795,-5.045719445e-05,-0.002684023132
memorization_01_no_regularization,7,24,0,0.1293136775,0.1292467266,6.695091724e-05,0.0005177404163
memorization_01_no_regularization,7,25,0,0.05961255357,0.05965152755,-3.89739871e-05,-0.0006537882505
memorization_01_no_regularization,7,26,0,0.09429898858,0.09444513917,-0.000146150589,-0.001549863802
memorization_01_no_regularization,7,27,0,0.1768957973,0.1769108176,-1.502037048e-05,-8.491083857e-05
memorization_01_no_regularization,7,28,0,0.2324780822,0.2322829813,0.0001951009035,0.0008392227847
memorization_01_no_regularization,7,29,0,0.08017254621,0.08022449911,-5.19528985e-05,-0.0006480135777
memorization_01_no_regularization,7,30,0,0.1128678471,0.1128576919,1.015514135e-05,8.997373137e-05
memorization_01_no_regularization,7,31,0,0.08819700778,0.08810631186,9.069591761e-05,0.001028333272
memorization_01_no_regularization,7,32,0,0.1153667197,0.1152536944,0.0001130253077,0.0009797046149
memorization_01_no_regularization,7,33,0,0.06348849833,0.06347940862,9.089708328e-06,0.0001431709454
memorization_01_no_regularization,8,0,0,0.08828002214,0.0881485194,0.0001315027475,0.001489609363
memorization_01_no_regularization,8,1,0,0.1183338836,0.1184866279,-0.0001527443528,-0.001290791346
memorization_01_no_regularization,8,2,0,0.1129138544,0.1131006628,-0.0001868084073,-0.001654433004
memorization_01_no_regularization,8,3,0,0.05232852325,0.05239978433,-7.126107812e-05,-0.001361801819
memorization_01_no_regularization,8,4,0,0.1316577196,0.1316193789,3.834068775e-05,0.0002912148856
memorization_01_no_regularization,8,5,0,0.171691224,0.1716957986,-4.574656487e-06,-2.664467281e-05
memorization_01_no_regularization,8,6,0,0.1428161114,0.1427022964,0.0001138150692,0.0007969343798
memorization_01_no_regularization,8,7,0,0.0253787525,0.02542427927,-4.552677274e-05,-0.001793893247
memorization_01_no_regularization,8,8,1,0.02230010368,0.02219798975,0.0001021139324,0.004579078817
memorization_01_no_regularization,8,9,0,0.04474551603,0.04477009177,-2.45757401e-05,-0.0005492335831
memorization_01_no_regularization,8,10,0,0.4743171334,0.4747548401,-0.0004377067089,-0.0009228144591
memorization_01_no_regularization,8,11,0,0.04759826139,0.04754098877,5.727261305e-05,0.001203250106
memorization_01_no_regularization,8,12,0,0.1839482486,0.1841336042,-0.0001853555441,-0.001007650497
memorization_01_no_regularization,8,13,0,0.05554549024,0.0555482395,-2.74926424e-06,-4.949572375e-05
memorization_01_no_regularization,8,14,0,0.1345883161,0.1345460713,4.224479198e-05,0.0003138815702
memorization_01_no_regularization,8,15,0,0.1666728854,0.1666883379,-1.545250416e-05,-9.271156565e-05
memorization_01_no_regularization,8,16,0,0.1797369272,0.1797716171,-3.468990326e-05,-0.0001930037628
memorization_01_no_regularization,8,17,0,0.1596544981,0.1595006585,0.0001538395882,0.0009635781641
memorization_01_no_regularization,8,18,0,0.09984084964,0.09979911894,4.173070192e-05,0.0004179722235
memorization_01_no_regularization,8,19,0,0.05647678673,0.05645164847,2.513825893e-05,0.0004451078113
memorization_01_no_regularization,8,20,0,0.02577907406,0.02589479461,-0.0001157205552,-0.004488933735
memorization_01_no_regularization,8,21,0,0.1375363171,0.1376326233,-9.63062048e-05,-0.0007002238159
memorization_01_no_regularization,8,22,0,0.3221611381,0.3219807446,0.0001803934574,0.0005599479146
memorization_01_no_regularization,8,23,0,0.01879909076,0.01886138879,-6.229802966e-05,-0.003313885255
memorization_01_no_regularization,8,24,0,0.1293136775,0.1291780472,0.0001356303692,0.001048847823
memorization_01_no_regularization,8,25,0,0.05961255357,0.05967479944,-6.22458756e-05,-0.001044173951
memorization_01_no_regularization,8,26,0,0.09429898858,0.09445104003,-0.0001520514488,-0.001612439869
memorization_01_no_regularization,8,27,0,0.1768957973,0.1769139618,-1.81645155e-05,-0.0001026848335
memorization_01_no_regularization,8,28,0,0.2324780822,0.2323291004,0.0001489818096,0.0006408423892
memorization_01_no_regularization,8,29,0,0.08017254621,0.08020793647,-3.539025784e-05,-0.0004414261429
memorization_01_no_regularization,8,30,0,0.1128678471,0.1128379703,2.987682819e-05,0.0002647062823
memorization_01_no_regularization,8,31,0,0.08819700778,0.08809428662,0.0001027211547,0.001164678454
memorization_01_no_regularization,8,32,0,0.1153667197,0.115244329,0.0001223906875,0.00106088383
memorization_01_no_regularization,8,33,0,0.06348849833,0.0634501949,3.830343485e-05,0.0006033129757
memorization_01_no_regularization,9,0,0,0.08828002214,0.0881863609,9.366124868e-05,0.001060956334
memorization_01_no_regularization,9,1,0,0.1183338836,0.1184710786,-0.0001371949911,-0.0011593889
memorization_01_no_regularization,9,2,0,0.1129138544,0.1131009609,-0.0001871064305,-0.001657072389
memorization_01_no_regularization,9,3,0,0.05232852325,0.05237085372,-4.233047366e-05,-0.0008089369054
memorization_01_no_regularization,9,4,0,0.1316577196,0.1316232681,3.445148468e-05,0.0002616746271
memorization_01_no_regularization,9,5,0,0.171691224,0.1716920137,-7.897615433e-07,-4.599894654e-06
memorization_01_no_regularization,9,6,0,0.1428161114,0.142705515,0.0001105964184,0.000774397351
memorization_01_no_regularization,9,7,0,0.0253787525,0.02539903112,-2.027861774e-05,-0.000799039186
memorization_01_no_regularization,9,8,0,0.02230010368,0.02228182741,1.82762742e-05,0.0008195600553
memorization_01_no_regularization,9,9,1,0.04474551603,0.04454801604,0.0001974999905,0.004413849878
memorization_01_no_regularization,9,10,0,0.4743171334,0.4747726917,-0.0004555583,-0.0009604508628
memorization_01_no_regularization,9,11,0,0.04759826139,0.04753667861,6.158277392e-05,0.001293803012
memorization_01_no_regularization,9,12,0,0.1839482486,0.1841191947,-0.0001709461212,-0.0009293163838
memorization_01_no_regularization,9,13,0,0.05554549024,0.05553930253,6.187707186e-06,0.0001113989121
memorization_01_no_regularization,9,14,0,0.1345883161,0.1345402896,4.802644253e-05,0.0003568396123
memorization_01_no_regularization,9,15,0,0.1666728854,0.1666992903,-2.640485764e-05,-0.0001584232346
memorization_01_no_regularization,9,16,0,0.1797369272,0.1797564477,-1.952052116e-05,-0.0001086060693
memorization_01_no_regularization,9,17,0,0.1596544981,0.1594968587,0.0001576393843,0.0009873782834
memorization_01_no_regularization,9,18,0,0.09984084964,0.09975709766,8.375197649e-05,0.0008388548054
memorization_01_no_regularization,9,19,0,0.05647678673,0.05645223334,2.455338836e-05,0.0004347518649
memorization_01_no_regularization,9,20,0,0.02577907406,0.02591140382,-0.000132329762,-0.005133224013
memorization_01_no_regularization,9,21,0,0.1375363171,0.1375257224,1.059472561e-05,7.703220379e-05
memorization_01_no_regularization,9,22,0,0.3221611381,0.3219435811,0.0002175569534,0.0006753047706
memorization_01_no_regularization,9,23,0,0.01879909076,0.01885179803,-5.270726979e-05,-0.002803713779
memorization_01_no_regularization,9,24,0,0.1293136775,0.1291906834,0.0001229941845,0.0009511305132
memorization_01_no_regularization,9,25,0,0.05961255357,0.05966941267,-5.685910583e-05,-0.0009538109412
memorization_01_no_regularization,9,26,0,0.09429898858,0.09444150329,-0.0001425147057,-0.001511306832
memorization_01_no_regularization,9,27,0,0.1768957973,0.176906094,-1.029670238e-05,-5.820772763e-05
memorization_01_no_regularization,9,28,0,0.2324780822,0.2323011607,0.0001769214869,0.0007610243735
memorization_01_no_regularization,9,29,0,0.08017254621,0.08020233363,-2.978742123e-05,-0.0003715414146
memorization_01_no_regularization,9,30,0,0.1128678471,0.1128259227,4.192441702e-05,0.0003714469453
memorization_01_no_regularization,9,31,0,0.08819700778,0.08809234947,0.0001046583056,0.001186642362
memorization_01_no_regularization,9,32,0,0.1153667197,0.1152584106,0.0001083090901,0.0009388243893
memorization_01_no_regularization,9,33,0,0.06348849833,0.06340780854,8.068978786e-05,0.001270935524
memorization_01_no_regularization,10,0,0,0.08828002214,0.08817573637,0.0001042857766,0.001181306643
memorization_01_no_regularization,10,1,0,0.1183338836,0.1185905412,-0.0002566576004,-0.002168927383
memorization_01_no_regularization,10,2,0,0.1129138544,0.1129966751,-8.282065392e-05,-0.0007334853136
memorization_01_no_regularization,10,3,0,0.05232852325,0.05240752548,-7.900223136e-05,-0.001509735541
memorization_01_no_regularization,10,4,0,0.1316577196,0.1316497177,8.001923561e-06,6.077823302e-05
memorization_01_no_regularization,10,5,0,0.171691224,0.1717045307,-1.330673695e-05,-7.750388539e-05
memorization_01_no_regularization,10,6,0,0.1428161114,0.1427194923,9.661912918e-05,0.0006765282166
memorization_01_no_regularization,10,7,0,0.0253787525,0.02543034032,-5.158782005e-05,-0.002032716937
memorization_01_no_regularization,10,8,0,0.02230010368,0.02229634672,3.756955266e-06,0.000168472547
memorization_01_no_regularization,10,9,0,0.04474551603,0.04478990659,-4.43905592e-05,-0.0009920672088
memorization_01_no_regularization,10,10,1,0.4743171334,0.4725900888,0.001727044582,0.003641117853
memorization_01_no_regularization,10,11,0,0.04759826139,0.04754679278,5.146861076e-05,0.001081312831
memorization_01_no_regularization,10,12,0,0.1839482486,0.1840281487,-7.990002632e-05,-0.0004343614409
memorization_01_no_regularization,10,13,0,0.05554549024,0.05556416512,-1.867488027e-05,-0.0003362087577
memorization_01_no_regularization,10,14,0,0.1345883161,0.1346284598,-4.014372826e-05,-0.0002982705292
memorization_01_no_regularization,10,15,0,0.1666728854,0.1668167561,-0.0001438707113,-0.0008631920601
memorization_01_no_regularization,10,16,0,0.1797369272,0.179761216,-2.428889275e-05,-0.0001351357961
memorization_01_no_regularization,10,17,0,0.1596544981,0.1594795734,0.0001749247313,0.001095645493
memorization_01_no_regularization,10,18,0,0.09984084964,0.0998025462,3.830343485e-05,0.0003836449208
memorization_01_no_regularization,10,19,0,0.05647678673,0.05643313378,4.365295172e-05,0.0007729361786
memorization_01_no_regularization,10,20,0,0.02577907406,0.02584055997,-6.148591638e-05,-0.002385109575
memorization_01_no_regularization,10,21,0,0.1375363171,0.1376088113,-7.249414921e-05,-0.0005270909585
memorization_01_no_regularization,10,22,0,0.3221611381,0.3211010993,0.001060038805,0.003290399368
memorization_01_no_regularization,10,23,0,0.01879909076,0.01884805784,-4.896707833e-05,-0.002604757802
memorization_01_no_regularization,10,24,0,0.1293136775,0.1291570067,0.0001566708088,0.001211556362
memorization_01_no_regularization,10,25,0,0.05961255357,0.05964494497,-3.239139915e-05,-0.0005433654022
memorization_01_no_regularization,10,26,0,0.09429898858,0.0944269523,-0.0001279637218,-0.001356999939
memorization_01_no_regularization,10,27,0,0.1768957973,0.1768809557,1.484155655e-05,8.389999525e-05
memorization_01_no_regularization,10,28,0,0.2324780822,0.2324282676,4.981458187e-05,0.000214276466
memorization_01_no_regularization,10,29,0,0.08017254621,0.08010513335,6.741285324e-05,0.0008408471033
memorization_01_no_regularization,10,30,0,0.1128678471,0.1129060313,-3.818422556e-05,-0.0003383091513
memorization_01_no_regularization,10,31,0,0.08819700778,0.08818600327,1.100450754e-05,0.0001247718921
memorization_01_no_regularization,10,32,0,0.1153667197,0.1153795943,-1.287460327e-05,-0.0001115972033
memorization_01_no_regularization,10,33,0,0.06348849833,0.06353028119,-4.178285599e-05,-0.0006581169359
memorization_01_no_regularization,11,0,0,0.08828002214,0.08815319836,0.0001268237829,0.001436607965
memorization_01_no_regularization,11,1,0,0.1183338836,0.1184891313,-0.0001552477479,-0.001311946699
memorization_01_no_regularization,11,2,0,0.1129138544,0.1131184399,-0.0002045854926,-0.001811872366
memorization_01_no_regularization,11,3,0,0.05232852325,0.05239987373,-7.135048509e-05,-0.001363510389
memorization_01_no_regularization,11,4,0,0.1316577196,0.1316001564,5.756318569e-05,0.0004372184621
memorization_01_no_regularization,11,5,0,0.171691224,0.1716957241,-4.500150681e-06,-2.621072048e-05
memorization_01_no_regularization,11,6,0,0.1428161114,0.1427125186,0.0001035928726,0.0007253584457
memorization_01_no_regularization,11,7,0,0.0253787525,0.02543460019,-5.584768951e-05,-0.002200568744
memorization_01_no_regularization,11,8,0,0.02230010368,0.02228998765,1.011602581e-05,0.0004536313351
memorization_01_no_regularization,11,9,0,0.04474551603,0.044771377,-2.586096525e-05,-0.0005779565763
memorization_01_no_regularization,11,10,0,0.4743171334,0.4747657776,-0.0004486441612,-0.0009458738249
memorization_01_no_regularization,11,11,1,0.04759826139,0.04736067727,0.0002375841141,0.004991445216
memorization_01_no_regularization,11,12,0,0.1839482486,0.1841313839,-0.0001831352711,-0.0009955804007
memorization_01_no_regularization,11,13,0,0.05554549024,0.05555988476,-1.439452171e-05,-0.0002591483422
memorization_01_no_regularization,11,14,0,0.1345883161,0.1345058829,8.243322372e-05,0.0006124842492
memorization_01_no_regularization,11,15,0,0.1666728854,0.1666970998,-2.421438694e-05,-0.0001452809008
memorization_01_no_regularization,11,16,0,0.1797369272,0.1797581315,-2.120435238e-05,-0.0001179743791
memorization_01_no_regularization,11,17,0,0.1596544981,0.1594848037,0.0001696944237,0.001062885329
memorization_01_no_regularization,11,18,0,0.09984084964,0.09979671985,4.412978888e-05,0.0004420013355
memorization_01_no_regularization,11,19,0,0.05647678673,0.0564517267,2.506002784e-05,0.0004437226211
memorization_01_no_regularization,11,20,0,0.02577907406,0.02590923198,-0.0001301579177,-0.005048975671
memorization_01_no_regularization,11,21,0,0.1375363171,0.137593627,-5.730986595e-05,-0.0004166889674
memorization_01_no_regularization,11,22,0,0.3221611381,0.3219891489,0.0001719892025,0.0005338607988
memorization_01_no_regularization,11,23,0,0.01879909076,0.0188578628,-5.877204239e-05,-0.003126323669
memorization_01_no_regularization,11,24,0,0.1293136775,0.1291662306,0.00014744699,0.001140227336
memorization_01_no_regularization,11,25,0,0.05961255357,0.05967938527,-6.683170795e-05,-0.001121101244
memorization_01_no_regularization,11,26,0,0.09429898858,0.09446850419,-0.0001695156097,-0.001797639745
memorization_01_no_regularization,11,27,0,0.1768957973,0.1769293696,-3.357231617e-05,-0.0001897858326
memorization_01_no_regularization,11,28,0,0.2324780822,0.2323129922,0.0001650899649,0.0007101313092
memorization_01_no_regularization,11,29,0,0.08017254621,0.08019575477,-2.320855856e-05,-0.0002894826179
memorization_01_no_regularization,11,30,0,0.1128678471,0.1128444299,2.341717482e-05,0.0002074742756
memorization_01_no_regularization,11,31,0,0.08819700778,0.08810607344,9.093433619e-05,0.001031036522
memorization_01_no_regularization,11,32,0,0.1153667197,0.1152332276,0.0001334920526,0.001157110586
memorization_01_no_regularization,11,33,0,0.06348849833,0.06341673434,7.176399231e-05,0.001130346349
memorization_01_no_regularization,12,0,0,0.08828002214,0.08804777265,0.0002322494984,0.002630827369
memorization_01_no_regularization,12,1,0,0.1183338836,0.1184959263,-0.0001620426774,-0.001369368371
memorization_01_no_regularization,12,2,0,0.1129138544,0.1130013242,-8.746981621e-05,-0.000774659732
memorization_01_no_regularization,12,3,0,0.05232852325,0.05236740783,-3.888458014e-05,-0.0007430857536
memorization_01_no_regularization,12,4,0,0.1316577196,0.13158454,7.317960262e-05,0.0005558322204
memorization_01_no_regularization,12,5,0,0.171691224,0.1717003733,-9.149312973e-06,-5.328934561e-05
memorization_01_no_regularization,12,6,0,0.1428161114,0.1427274346,8.867681026e-05,0.0006209160113
memorization_01_no_regularization,12,7,0,0.0253787525,0.02543096989,-5.221739411e-05,-0.002057524069
memorization_01_no_regularization,12,8,0,0.02230010368,0.02229516767,4.936009645e-06,0.0002213446949
memorization_01_no_regularization,12,9,0,0.04474551603,0.04477402568,-2.850964665e-05,-0.0006371509188
memorization_01_no_regularization,12,10,0,0.4743171334,0.474637121,-0.0003199875355,-0.0006746278237
memorization_01_no_regularization,12,11,0,0.04759826139,0.04753637314,6.188824773e-05,0.001300220763
memorization_01_no_regularization,12,12,1,0.1839482486,0.1829474121,0.001000836492,0.005440859041
memorization_01_no_regularization,12,13,0,0.05554549024,0.05560633913,-6.084889174e-05,-0.001095478525
memorization_01_no_regularization,12,14,0,0.1345883161,0.1346074492,-1.913309097e-05,-0.0001421601186
memorization_01_no_regularization,12,15,0,0.1666728854,0.1667071581,-3.427267075e-05,-0.000205628352
memorization_01_no_regularization,12,16,0,0.1797369272,0.1797201037,1.682341099e-05,9.360019254e-05
memorization_01_no_regularization,12,17,0,0.1596544981,0.1594988704,0.0001556277275,0.0009747782202
memorization_01_no_regularization,12,18,0,0.09984084964,0.09996981174,-0.0001289620996,-0.001291676704
memorization_01_no_regularization,12,19,0,0.05647678673,0.05645995587,1.683086157e-05,0.0002980137954
memorization_01_no_regularization,12,20,0,0.02577907406,0.02590510808,-0.0001260340214,-0.004889004977
memorization_01_no_regularization,12,21,0,0.1375363171,0.1375526339,-1.631677151e-05,-0.0001186360945
memorization_01_no_regularization,12,22,0,0.3221611381,0.3221151531,4.598498344e-05,0.0001427390769
memorization_01_no_regularization,12,23,0,0.01879909076,0.01885145903,-5.236826837e-05,-0.002785680916
memorization_01_no_regularization,12,24,0,0.1293136775,0.1291457713,0.0001679062843,0.001298441801
memorization_01_no_regularization,12,25,0,0.05961255357,0.0596553348,-4.278123379e-05,-0.0007176547762
memorization_01_no_regularization,12,26,0,0.09429898858,0.09444110841,-0.0001421198249,-0.001507119292
memorization_01_no_regularization,12,27,0,0.1768957973,0.1768699735,2.582371235e-05,0.0001459826223
memorization_01_no_regularization,12,28,0,0.2324780822,0.2322955281,0.0001825541258,0.0007852530616
memorization_01_no_regularization,12,29,0,0.08017254621,0.08020010591,-2.755969763e-05,-0.0003437548005
memorization_01_no_regularization,12,30,0,0.1128678471,0.1128816828,-1.383572817e-05,-0.000122583433
memorization_01_no_regularization,12,31,0,0.08819700778,0.08816121519,3.579258919e-05,0.0004058254366
memorization_01_no_regularization,12,32,0,0.1153667197,0.1153492406,1.747906208e-05,0.0001515087031
memorization_01_no_regularization,12,33,0,0.06348849833,0.06342061609,6.788223982e-05,0.001069205314
memorization_01_no_regularization,13,0,0,0.08828002214,0.08818855137,9.147077799e-05,0.001036143578
memorization_01_no_regularization,13,1,0,0.1183338836,0.11845956,-0.0001256763935,-0.001062049091
memorization_01_no_regularization,13,2,0,0.1129138544,0.1131345779,-0.0002207234502,-0.001954795107
memorization_01_no_regularization,13,3,0,0.05232852325,0.05241090059,-8.237734437e-05,-0.001574234075
memorization_01_no_regularization,13,4,0,0.1316577196,0.1315901875,6.753206253e-05,0.000512936596
memorization_01_no_regularization,13,5,0,0.171691224,0.1716842353,6.9886446e-06,4.070472816e-05
memorization_01_no_regularization,13,6,0,0.1428161114,0.1427036375,0.0001124739647,0.0007875439511
memorization_01_no_regularization,13,7,0,0.0253787525,0.02541365847,-3.49059701e-05,-0.001375401336
memorization_01_no_regularization,13,8,0,0.02230010368,0.02229762822,2.475455403e-06,0.0001110064527
memorization_01_no_regularization,13,9,0,0.04474551603,0.04476568475,-2.016872168e-05,-0.0004507428557
memorization_01_no_regularization,13,10,0,0.4743171334,0.4747722149,-0.0004550814629,-0.0009594455498
memorization_01_no_regularization,13,11,0,0.04759826139,0.04755574837,4.251301289e-05,0.000893163146
memorization_01_no_regularization,13,12,0,0.1839482486,0.1842076778,-0.0002594292164,-0.001410338062
memorization_01_no_regularization,13,13,1,0.05554549024,0.05521242321,0.0003330670297,0.005996292918
memorization_01_no_regularization,13,14,0,0.1345883161,0.1345054209,8.289515972e-05,0.0006159164639
memorization_01_no_regularization,13,15,0,0.1666728854,0.1666904986,-1.761317253e-05,-0.0001056750922
memorization_01_no_regularization,13,16,0,0.1797369272,0.1797736734,-3.67462635e-05,-0.0002044447075
memorization_01_no_regularization,13,17,0,0.1596544981,0.1595456898,0.000108808279,0.0006815234167
memorization_01_no_regularization,13,18,0,0.09984084964,0.09981366247,2.71871686e-05,0.0002723050605
memorization_01_no_regularization,13,19,0,0.05647678673,0.05646459386,1.219287515e-05,0.0002158918
memorization_01_no_regularization,13,20,0,0.02577907406,0.02586644888,-8.737482131e-05,-0.003389370041
memorization_01_no_regularization,13,21,0,0.1375363171,0.1375586241,-2.230703831e-05,-0.0001621901675
memorization_01_no_regularization,13,22,0,0.3221611381,0.3218755424,0.0002855956554,0.0008864993995
memorization_01_no_regularization,13,23,0,0.01879909076,0.01885185018,-5.275942385e-05,-0.002806488065
memorization_01_no_regularization,13,24,0,0.1293136775,0.1292060912,0.0001075863838,0.0008319799255
memorization_01_no_regularization,13,25,0,0.05961255357,0.0596550256,-4.247203469e-05,-0.0007124679644
memorization_01_no_regularization,13,26,0,0.09429898858,0.0944487825,-0.0001497939229,-0.001588499783
memorization_01_no_regularization,13,27,0,0.1768957973,0.176965788,-6.999075413e-05,-0.0003956609214
memorization_01_no_regularization,13,28,0,0.2324780822,0.2323364466,0.0001416355371,0.0006092425394
memorization_01_no_regularization,13,29,0,0.08017254621,0.08022860438,-5.605816841e-05,-0.0006992190103
memorization_01_no_regularization,13,30,0,0.1128678471,0.1128548309,1.30161643e-05,0.0001153221634
memorization_01_no_regularization,13,31,0,0.08819700778,0.08808525652,0.0001117512584,0.001267064056
memorization_01_no_regularization,13,32,0,0.1153667197,0.1151944324,0.0001722872257,0.001493387575
memorization_01_no_regularization,13,33,0,0.06348849833,0.06348305941,5.438923836e-06,8.566786077e-05
memorization_01_no_regularization,14,0,0,0.08828002214,0.08814584464,0.000134177506,0.001519907933
memorization_01_no_regularization,14,1,0,0.1183338836,0.1184509173,-0.00011703372,-0.0009890127533
memorization_01_no_regularization,14,2,0,0.1129138544,0.1131095737,-0.0001957193017,-0.001733350639
memorization_01_no_regularization,14,3,0,0.05232852325,0.05240540951,-7.688626647e-05,-0.001469299374
memorization_01_no_regularization,14,4,0,0.1316577196,0.1315861344,7.158517838e-05,0.0005437218462
memorization_01_no_regularization,14,5,0,0.171691224,0.1716988385,-7.61449337e-06,-4.43499277e-05
memorization_01_no_regularization,14,6,0,0.1428161114,0.1426881999,0.0001279115677,0.0008956382189
memorization_01_no_regularization,14,7,0,0.0253787525,0.0254101567,-3.140419722e-05,-0.001237420839
memorization_01_no_regularization,14,8,0,0.02230010368,0.02229361981,6.483867764e-06,0.0002907550502
memorization_01_no_regularization,14,9,0,0.04474551603,0.04476988316,-2.436712384e-05,-0.0005445713002
memorization_01_no_regularization,14,10,0,0.4743171334,0.4749058485,-0.0005887150764,-0.001241184505
memorization_01_no_regularization,14,11,0,0.04759826139,0.04750467464,9.358674288e-05,0.001966179859
memorization_01_no_regularization,14,12,0,0.1839482486,0.1842036992,-0.0002554506063,-0.001388709098
memorization_01_no_regularization,14,13,0,0.05554549024,0.05551522225,3.026798368e-05,0.0005449224329
memorization_01_no_regularization,14,14,1,0.1345883161,0.1338135749,0.0007747411728,0.005756377636
memorization_01_no_regularization,14,15,0,0.1666728854,0.1666561961,1.668930054e-05,0.000100132067
memorization_01_no_regularization,14,16,0,0.1797369272,0.1797741354,-3.72081995e-05,-0.0002070147748
memorization_01_no_regularization,14,17,0,0.1596544981,0.1594392806,0.0002152174711,0.001348020091
memorization_01_no_regularization,14,18,0,0.09984084964,0.09982136637,1.948326826e-05,0.0001951432538
memorization_01_no_regularization,14,19,0,0.05647678673,0.05645522848,2.155825496e-05,0.0003817188655
memorization_01_no_regularization,14,20,0,0.02577907406,0.02593065798,-0.0001515839249,-0.005880115188
memorization_01_no_regularization,14,21,0,0.1375363171,0.1376017332,-6.541609764e-05,-0.0004756278125
memorization_01_no_regularization,14,22,0,0.3221611381,0.3219829798,0.0001781582832,0.0005530098519
memorization_01_no_regularization,14,23,0,0.01879909076,0.0188633129,-6.42221421e-05,-0.003416236611
memorization_01_no_regularization,14,24,0,0.1293136775,0.1291883141,0.0001253634691,0.0009694525088
memorization_01_no_regularization,14,25,0,0.05961255357,0.05966616794,-5.361437798e-05,-0.0008993806634
memorization_01_no_regularization,14,26,0,0.09429898858,0.09449555725,-0.0001965686679,-0.002084525729
memorization_01_no_regularization,14,27,0,0.1768957973,0.1769765615,-8.076429367e-05,-0.0004565642312
memorization_01_no_regularization,14,28,0,0.2324780822,0.2322764993,0.0002015829086,0.0008671050051
memorization_01_no_regularization,14,29,0,0.08017254621,0.08019845933,-2.591311932e-05,-0.0003232168684
memorization_01_no_regularization,14,30,0,0.1128678471,0.1128105894,5.725771189e-05,0.0005072986981
memorization_01_no_regularization,14,31,0,0.08819700778,0.08806712925,0.000129878521,0.001472595548
memorization_01_no_regularization,14,32,0,0.1153667197,0.115116246,0.0002504736185,0.002171108091
memorization_01_no_regularization,14,33,0,0.06348849833,0.06338644028,0.000102058053,0.001607504598
memorization_01_no_regularization,15,0,0,0.08828002214,0.08817814291,0.0001018792391,0.00115404637
memorization_01_no_regularization,15,1,0,0.1183338836,0.1184616089,-0.0001277253032,-0.00107936374
memorization_01_no_regularization,15,2,0,0.1129138544,0.1131127179,-0.0001988634467,-0.001761196159
memorization_01_no_regularization,15,3,0,0.05232852325,0.05239345878,-6.493553519e-05,-0.001240920461
memorization_01_no_regularization,15,4,0,0.1316577196,0.131630823,2.689659595e-05,0.0002042918261
memorization_01_no_regularization,15,5,0,0.171691224,0.1716575027,3.372132778e-05,0.0001964068227
memorization_01_no_regularization,15,6,0,0.1428161114,0.1428654641,-4.935264587e-05,-0.0003455677751
memorization_01_no_regularization,15,7,0,0.0253787525,0.02545246482,-7.371231914e-05,-0.00290448946
memorization_01_no_regularization,15,8,0,0.02230010368,0.02228219062,1.79130584e-05,0.0008032724268
memorization_01_no_regularization,15,9,0,0.04474551603,0.04477295652,-2.744048834e-05,-0.0006132567187
memorization_01_no_regularization,15,10,0,0.4743171334,0.4748573899,-0.0005402565002,-0.001139019576
memorization_01_no_regularization,15,11,0,0.04759826139,0.04754116386,5.70975244e-05,0.001199571639
memorization_01_no_regularization,15,12,0,0.1839482486,0.1841248572,-0.0001766085625,-0.0009600991789
memorization_01_no_regularization,15,13,0,0.05554549024,0.05553715676,8.333474398e-06,0.0001500297209
memorization_01_no_regularization,15,14,0,0.1345883161,0.1345087588,7.955729961e-05,0.0005911159448
memorization_01_no_regularization,15,15,1,0.1666728854,0.1655001789,0.001172706485,0.007035976379
memorization_01_no_regularization,15,16,0,0.1797369272,0.1797492802,-1.235306263e-05,-6.872857362e-05
memorization_01_no_regularization,15,17,0,0.1596544981,0.1595185846,0.0001359134912,0.0008512976012
memorization_01_no_regularization,15,18,0,0.09984084964,0.09980340302,3.744661808e-05,0.0003750630951
memorization_01_no_regularization,15,19,0,0.05647678673,0.05645224452,2.454221249e-05,0.0004345539806
memorization_01_no_regularization,15,20,0,0.02577907406,0.02589084767,-0.0001117736101,-0.004335827185
memorization_01_no_regularization,15,21,0,0.1375363171,0.1376144737,-7.815659046e-05,-0.0005682614753
memorization_01_no_regularization,15,22,0,0.3221611381,0.322111249,4.988908768e-05,0.0001548575597
memorization_01_no_regularization,15,23,0,0.01879909076,0.01886419579,-6.51050359e-05,-0.003463201319
memorization_01_no_regularization,15,24,0,0.1293136775,0.1292092055,0.0001044720411,0.0008078962961
memorization_01_no_regularization,15,25,0,0.05961255357,0.05967129394,-5.874037743e-05,-0.0009853692538
memorization_01_no_regularization,15,26,0,0.09429898858,0.09447553754,-0.0001765489578,-0.00187222536
memorization_01_no_regularization,15,27,0,0.1768957973,0.1768796146,1.618266106e-05,9.148132012e-05
memorization_01_no_regularization,15,28,0,0.2324780822,0.232304424,0.0001736581326,0.0007469871178
memorization_01_no_regularization,15,29,0,0.08017254621,0.08020179719,-2.925097942e-05,-0.0003648503235
memorization_01_no_regularization,15,30,0,0.1128678471,0.1128660887,1.758337021e-06,1.557872385e-05
memorization_01_no_regularization,15,31,0,0.08819700778,0.08813803643,5.897134542e-05,0.0006686320422
memorization_01_no_regularization,15,32,0,0.1153667197,0.1152399927,0.0001267269254,0.001098470389
memorization_01_no_regularization,15,33,0,0.06348849833,0.06346397102,2.452731133e-05,0.0003863268461
memorization_01_no_regularization,16,0,0,0.08828002214,0.08818389475,9.612739086e-05,0.001088891785
memorization_01_no_regularization,16,1,0,0.1183338836,0.1184930876,-0.0001592040062,-0.001345379712
memorization_01_no_regularization,16,2,0,0.1129138544,0.1131484434,-0.0002345889807,-0.002077592532
memorization_01_no_regularization,16,3,0,0.05232852325,0.05236980319,-4.12799418e-05,-0.0007888612029
memorization_01_no_regularization,16,4,0,0.1316577196,0.1316218972,3.582239151e-05,0.0002720872852
memorization_01_no_regularization,16,5,0,0.171691224,0.1716113836,7.984042168e-05,0.0004650233124
memorization_01_no_regularization,16,6,0,0.1428161114,0.1427211463,9.496510029e-05,0.0006649466879
memorization_01_no_regularization,16,7,0,0.0253787525,0.02543185838,-5.310587585e-05,-0.002092532951
memorization_01_no_regularization,16,8,0,0.02230010368,0.02229655907,3.544613719e-06,0.0001589505488
memorization_01_no_regularization,16,9,0,0.04474551603,0.04476426542,-1.874938607e-05,-0.0004190226806
memorization_01_no_regularization,16,10,0,0.4743171334,0.4747411907,-0.0004240572453,-0.0008940373758
memorization_01_no_regularization,16,11,0,0.04759826139,0.04753022268,6.803870201e-05,0.001429436707
memorization_01_no_regularization,16,12,0,0.1839482486,0.1840752214,-0.0001269727945,-0.0006902636773
memorization_01_no_regularization,16,13,0,0.05554549024,0.0555507578,-5.267560482e-06,-9.483327017e-05
memorization_01_no_regularization,16,14,0,0.1345883161,0.1345548183,3.349781036e-05,0.0002488909241
memorization_01_no_regularization,16,15,0,0.1666728854,0.1666798592,-6.973743439e-06,-4.184089944e-05
memorization_01_no_regularization,16,16,1,0.1797369272,0.1793437302,0.0003931969404,0.002187624695
memorization_01_no_regularization,16,17,0,0.1596544981,0.1594991684,0.0001553297043,0.0009729115442
memorization_01_no_regularization,16,18,0,0.09984084964,0.09973863512,0.0001022145152,0.001023774493
memorization_01_no_regularization,16,19,0,0.05647678673,0.05645497143,2.181529999e-05,0.000386270205
memorization_01_no_regularization,16,20,0,0.02577907406,0.02590565383,-0.0001265797764,-0.004910175444
memorization_01_no_regularization,16,21,0,0.1375363171,0.1374676973,6.86198473e-05,0.0004989216575
memorization_01_no_regularization,16,22,0,0.3221611381,0.3220059574,0.0001551806927,0.0004816865672
memorization_01_no_regularization,16,23,0,0.01879909076,0.01885238476,-5.329400301e-05,-0.002834924502
memorization_01_no_regularization,16,24,0,0.1293136775,0.1291704476,0.0001432299614,0.001107616488
memorization_01_no_regularization,16,25,0,0.05961255357,0.0596754849,-6.293132901e-05,-0.001055672425
memorization_01_no_regularization,16,26,0,0.09429898858,0.09446506202,-0.0001660734415,-0.001761137039
memorization_01_no_regularization,16,27,0,0.1768957973,0.1768572778,3.851950169e-05,0.0002177524977
memorization_01_no_regularization,16,28,0,0.2324780822,0.2323258221,0.0001522600651,0.000654943742
memorization_01_no_regularization,16,29,0,0.08017254621,0.08019468933,-2.214312553e-05,-0.0002761933677
memorization_01_no_regularization,16,30,0,0.1128678471,0.1128515899,1.625716686e-05,0.000144037184
memorization_01_no_regularization,16,31,0,0.08819700778,0.08809366077,0.0001033470035,0.001171774486
memorization_01_no_regularization,16,32,0,0.1153667197,0.1152607948,0.0001059249043,0.0009181582406
memorization_01_no_regularization,16,33,0,0.06348849833,0.06340865046,7.984787226e-05,0.001257674608
memorization_01_no_regularization,17,0,0,0.08828002214,0.08802912384,0.0002508983016,0.002842073388
memorization_01_no_regularization,17,1,0,0.1183338836,0.1184966415,-0.0001627579331,-0.001375412758
memorization_01_no_regularization,17,2,0,0.1129138544,0.1129527688,-3.891438246e-05,-0.0003446378007
memorization_01_no_regularization,17,3,0,0.05232852325,0.05241606385,-8.754059672e-05,-0.001672904017
memorization_01_no_regularization,17,4,0,0.1316577196,0.131635353,2.236664295e-05,0.0001698847817
memorization_01_no_regularization,17,5,0,0.171691224,0.1716996133,-8.389353752e-06,-4.886303189e-05
memorization_01_no_regularization,17,6,0,0.1428161114,0.1427343786,8.173286915e-05,0.0005722944584
memorization_01_no_regularization,17,7,0,0.0253787525,0.02542178705,-4.303455353e-05,-0.001695692234
memorization_01_no_regularization,17,8,0,0.02230010368,0.02228925005,1.085363328e-05,0.0004867077499
memorization_01_no_regularization,17,9,0,0.04474551603,0.0447707139,-2.519786358e-05,-0.0005631371769
memorization_01_no_regularization,17,10,0,0.4743171334,0.4747201204,-0.0004029870033,-0.0008496151097
memorization_01_no_regularization,17,11,0,0.04759826139,0.04752301797,7.524341345e-05,0.00158080172
memorization_01_no_regularization,17,12,0,0.1839482486,0.1841363609,-0.0001881122589,-0.001022636857
memorization_01_no_regularization,17,13,0,0.05554549024,0.05559369922,-4.820898175e-05,-0.0008679189174
memorization_01_no_regularization,17,14,0,0.1345883161,0.134479478,0.0001088380814,0.0008086740701
memorization_01_no_regularization,17,15,0,0.1666728854,0.1667149365,-4.205107689e-05,-0.0002522970475
memorization_01_no_regularization,17,16,0,0.1797369272,0.1797613502,-2.44230032e-05,-0.0001358819447
memorization_01_no_regularization,17,17,1,0.1596544981,0.1588924527,0.0007620453835,0.004773090596
memorization_01_no_regularization,17,18,0,0.09984084964,0.09981720895,2.364069223e-05,0.0002367837646
memorization_01_no_regularization,17,19,0,0.05647678673,0.05643495172,4.183501005e-05,0.0007407469949
memorization_01_no_regularization,17,20,0,0.02577907406,0.02595894225,-0.0001798681915,-0.006977294494
memorization_01_no_regularization,17,21,0,0.1375363171,0.1376370788,-0.000100761652,-0.000732618512
memorization_01_no_regularization,17,22,0,0.3221611381,0.3219273388,0.0002337992191,0.0007257213596
memorization_01_no_regularization,17,23,0,0.01879909076,0.01887086965,-7.177889347e-05,-0.003818210912
memorization_01_no_regularization,17,24,0,0.1293136775,0.1292089671,0.0001047104597,0.0008097400189
memorization_01_no_regularization,17,25,0,0.05961255357,0.05971490219,-0.0001023486257,-0.001716897189
memorization_01_no_regularization,17,26,0,0.09429898858,0.0944839865,-0.0001849979162,-0.00196182291
memorization_01_no_regularization,17,27,0,0.1768957973,0.176895842,-4.470348358e-08,-2.527108291e-07
memorization_01_no_regularization,17,28,0,0.2324780822,0.2322716415,0.0002064406872,0.0008880006461
memorization_01_no_regularization,17,29,0,0.08017254621,0.08022032678,-4.778057337e-05,-0.0005959717588
memorization_01_no_regularization,17,30,0,0.1128678471,0.1128351763,3.267079592e-05,0.0002894606105
memorization_01_no_regularization,17,31,0,0.08819700778,0.08809942007,9.758770466e-05,0.001106474098
memorization_01_no_regularization,17,32,0,0.1153667197,0.1152732968,9.34228301e-05,0.000809790123
memorization_01_no_regularization,17,33,0,0.06348849833,0.06343112141,5.737692118e-05,0.0009037372546
memorization_01_no_regularization,18,0,0,0.08828002214,0.08831317723,-3.315508366e-05,-0.0003755672331
memorization_01_no_regularization,18,1,0,0.1183338836,0.1184757128,-0.0001418292522,-0.001198551488
memorization_01_no_regularization,18,2,0,0.1129138544,0.1131772473,-0.0002633929253,-0.002332689169
memorization_01_no_regularization,18,3,0,0.05232852325,0.05238768458,-5.916133523e-05,-0.001130575288
memorization_01_no_regularization,18,4,0,0.1316577196,0.1316606104,-2.890825272e-06,-2.195712701e-05
memorization_01_no_regularization,18,5,0,0.171691224,0.1716761291,1.509487629e-05,8.791874121e-05
memorization_01_no_regularization,18,6,0,0.1428161114,0.1427233964,9.271502495e-05,0.0006491916354
memorization_01_no_regularization,18,7,0,0.0253787525,0.02542972378,-5.097128451e-05,-0.002008423563
memorization_01_no_regularization,18,8,0,0.02230010368,0.02228785492,1.22487545e-05,0.0005492689486
memorization_01_no_regularization,18,9,0,0.04474551603,0.04473280907,1.270696521e-05,0.000283982985
memorization_01_no_regularization,18,10,0,0.4743171334,0.4747166932,-0.0003995597363,-0.0008423894228
memorization_01_no_regularization,18,11,0,0.04759826139,0.04753279686,6.546452641e-05,0.001375355412
memorization_01_no_regularization,18,12,0,0.1839482486,0.1842839569,-0.0003357082605,-0.001825014715
memorization_01_no_regularization,18,13,0,0.05554549024,0.0555511862,-5.695968866e-06,-0.0001025460184
memorization_01_no_regularization,18,14,0,0.1345883161,0.1345516443,3.66717577e-05,0.0002724735606
memorization_01_no_regularization,18,15,0,0.1666728854,0.1666858345,-1.294910908e-05,-7.769175559e-05
memorization_01_no_regularization,18,16,0,0.1797369272,0.1797089279,2.799928188e-05,0.0001557792398
memorization_01_no_regularization,18,17,0,0.1596544981,0.1595178992,0.0001365989447,0.000855590956
memorization_01_no_regularization,18,18,1,0.09984084964,0.09903051704,0.0008103325963,0.008116242993
memorization_01_no_regularization,18,19,0,0.05647678673,0.05644864962,2.813711762e-05,0.0004982067722
memorization_01_no_regularization,18,20,0,0.02577907406,0.02589405887,-0.0001149848104,-0.004460393344
memorization_01_no_regularization,18,21,0,0.1375363171,0.1374915838,4.47332859e-05,0.0003252470827
memorization_01_no_regularization,18,22,0,0.3221611381,0.3219743371,0.0001868009567,0.0005798370277
memorization_01_no_regularization,18,23,0,0.01879909076,0.01885241643,-5.332566798e-05,-0.00283660889
memorization_01_no_regularization,18,24,0,0.1293136775,0.1292542815,5.939602852e-05,0.0004593174492
memorization_01_no_regularization,18,25,0,0.05961255357,0.05968713015,-7.457658648e-05,-0.001251021505
memorization_01_no_regularization,18,26,0,0.09429898858,0.09444982558,-0.0001508370042,-0.001599561209
memorization_01_no_regularization,18,27,0,0.1768957973,0.176904574,-8.776783943e-06,-4.961555944e-05
memorization_01_no_regularization,18,28,0,0.2324780822,0.2323087901,0.0001692920923,0.0007282066797
memorization_01_no_regularization,18,29,0,0.08017254621,0.08019512147,-2.257525921e-05,-0.0002815834132
memorization_01_no_regularization,18,30,0,0.1128678471,0.1128604561,7.390975952e-06,6.548344939e-05
memorization_01_no_regularization,18,31,0,0.08819700778,0.0881017223,9.528547525e-05,0.001080370839
memorization_01_no_regularization,18,32,0,0.1153667197,0.1152858883,8.08313489e-05,0.0007006470248
memorization_01_no_regularization,18,33,0,0.06348849833,0.06337248534,0.0001160129905,0.001827307206
memorization_01_no_regularization,19,0,0,0.08828002214,0.08812802285,0.0001519992948,0.00172178587
memorization_01_no_regularization,19,1,0,0.1183338836,0.1184666157,-0.0001327320933,-0.001121674446
memorization_01_no_regularization,19,2,0,0.1129138544,0.1130888462,-0.0001749917865,-0.001549781357
memorization_01_no_regularization,19,3,0,0.05232852325,0.05241102353,-8.250027895e-05,-0.001576583359
memorization_01_no_regularization,19,4,0,0.1316577196,0.1315868795,7.084012032e-05,0.0005380627929
memorization_01_no_regularization,19,5,0,0.171691224,0.1716857255,5.498528481e-06,3.202568165e-05
memorization_01_no_regularization,19,6,0,0.1428161114,0.1427179128,9.819865227e-05,0.0006875880548
memorization_01_no_regularization,19,7,0,0.0253787525,0.02540673502,-2.798251808e-05,-0.001102596279
memorization_01_no_regularization,19,8,0,0.02230010368,0.02228738926,1.271441579e-05,0.0005701505236
memorization_01_no_regularization,19,9,0,0.04474551603,0.04477342218,-2.790614963e-05,-0.0006236636003
memorization_01_no_regularization,19,10,0,0.4743171334,0.474719882,-0.0004027485847,-0.0008491124532
memorization_01_no_regularization,19,11,0,0.04759826139,0.04753282666,6.543472409e-05,0.00137472929
memorization_01_no_regularization,19,12,0,0.1839482486,0.1841348112,-0.0001865625381,-0.001014212092
memorization_01_no_regularization,19,13,0,0.05554549024,0.05555129424,-5.804002285e-06,-0.0001044909724
memorization_01_no_regularization,19,14,0,0.1345883161,0.1345445961,4.372000694e-05,0.0003248425139
memorization_01_no_regularization,19,15,0,0.1666728854,0.1666983664,-2.548098564e-05,-0.0001528802095
memorization_01_no_regularization,19,16,0,0.1797369272,0.1797659993,-2.907216549e-05,-0.0001617484284
memorization_01_no_regularization,19,17,0,0.1596544981,0.1594836563,0.0001708418131,0.001070072031
memorization_01_no_regularization,19,18,0,0.09984084964,0.09979767352,4.317611456e-05,0.0004324493904
memorization_01_no_regularization,19,19,1,0.05647678673,0.05621481687,0.0002619698644,0.004638540532
memorization_01_no_regularization,19,20,0,0.02577907406,0.02587359957,-9.452551603e-05,-0.003666753733
memorization_01_no_regularization,19,21,0,0.1375363171,0.1376222968,-8.597970009e-05,-0.0006251417945
memorization_01_no_regularization,19,22,0,0.3221611381,0.3219252825,0.0002358555794,0.0007321043773
memorization_01_no_regularization,19,23,0,0.01879909076,0.01885611005,-5.701929331e-05,-0.003033087825
memorization_01_no_regularization,19,24,0,0.1293136775,0.1291754395,0.0001382380724,0.001069013541
memorization_01_no_regularization,19,25,0,0.05961255357,0.05967062712,-5.807355046e-05,-0.0009741832381
memorization_01_no_regularization,19,26,0,0.09429898858,0.0944454819,-0.0001464933157,-0.001553498271
memorization_01_no_regularization,19,27,0,0.1768957973,0.1768708527,2.494454384e-05,0.0001410126426
memorization_01_no_regularization,19,28,0,0.2324780822,0.2322610468,0.0002170354128,0.0009335736546
memorization_01_no_regularization,19,29,0,0.08017254621,0.080200091,-2.754479647e-05,-0.0003435689369
memorization_01_no_regularization,19,30,0,0.1128678471,0.112858668,9.179115295e-06,8.13262194e-05
memorization_01_no_regularization,19,31,0,0.08819700778,0.08803869039,0.0001583173871,0.001795042611
memorization_01_no_regularization,19,32,0,0.1153667197,0.1152520701,0.0001146495342,0.0009937834287
memorization_01_no_regularization,19,33,0,0.06348849833,0.06342838705,6.011128426e-05,0.0009468058914
memorization_01_no_regularization,20,0,0,0.08828002214,0.08822447062,5.555152893e-05,0.000629265009
memorization_01_no_regularization,20,1,0,0.1183338836,0.1184511408,-0.0001172572374,-0.0009909016241
memorization_01_no_regularization,20,2,0,0.1129138544,0.1130789742,-0.0001651197672,-0.001462351702
memorization_01_no_regularization,20,3,0,0.05232852325,0.05240933225,-8.080899715e-05,-0.001544262902
memorization_01_no_regularization,20,4,0,0.1316577196,0.131603539,5.41806221e-05,0.0004115263599
memorization_01_no_regularization,20,5,0,0.171691224,0.1716792583,1.196563244e-05,6.969274353e-05
memorization_01_no_regularization,20,6,0,0.1428161114,0.1427292228,8.688867092e-05,0.0006083954397
memorization_01_no_regularization,20,7,0,0.0253787525,0.02540487982,-2.612732351e-05,-0.001029495973
memorization_01_no_regularization,20,8,0,0.02230010368,0.02229347639,6.627291441e-06,0.0002971865753
memorization_01_no_regularization,20,9,0,0.04474551603,0.0447880961,-4.258006811e-05,-0.0009516052532
memorization_01_no_regularization,20,10,0,0.4743171334,0.4746620655,-0.0003449320793,-0.0007272182576
memorization_01_no_regularization,20,11,0,0.04759826139,0.04755333066,4.493072629e-05,0.0009439572997
memorization_01_no_regularization,20,12,0,0.1839482486,0.1841238141,-0.0001755654812,-0.000954428664
memorization_01_no_regularization,20,13,0,0.05554549024,0.05552091822,2.457201481e-05,0.0004423764144
memorization_01_no_regularization,20,14,0,0.1345883161,0.1345727444,1.557171345e-05,0.0001156988504
memorization_01_no_regularization,20,15,0,0.1666728854,0.1667005718,-2.76863575e-05,-0.0001661119469
memorization_01_no_regularization,20,16,0,0.1797369272,0.1797780246,-4.109740257e-05,-0.0002286530833
memorization_01_no_regularization,20,17,0,0.1596544981,0.1595512629,0.0001032352448,0.000646616575
memorization_01_no_regularization,20,18,0,0.09984084964,0.09980995208,3.089755774e-05,0.000309468097
memorization_01_no_regularization,20,19,0,0.05647678673,0.05643099174,4.579499364e-05,0.0008108640078
memorization_01_no_regularization,20,20,1,0.02577907406,0.02562362514,0.0001554489136,0.006030042554
memorization_01_no_regularization,20,21,0,0.1375363171,0.1376337558,-9.743869305e-05,-0.0007084579193
memorization_01_no_regularization,20,22,0,0.3221611381,0.3219910264,0.0001701116562,0.0005280328261
memorization_01_no_regularization,20,23,0,0.01879909076,0.01884415746,-4.506669939e-05,-0.002397280803
memorization_01_no_regularization,20,24,0,0.1293136775,0.1291943789,0.0001192986965,0.0009225528094
memorization_01_no_regularization,20,25,0,0.05961255357,0.05963426083,-2.170726657e-05,-0.0003641391833
memorization_01_no_regularization,20,26,0,0.09429898858,0.09440474212,-0.000105753541,-0.001121470576
memorization_01_no_regularization,20,27,0,0.1768957973,0.1769001931,-4.395842552e-06,-2.484989819e-05
memorization_01_no_regularization,20,28,0,0.2324780822,0.232319206,0.0001588761806,0.0006834028359
memorization_01_no_regularization,20,29,0,0.08017254621,0.08019513637,-2.259016037e-05,-0.0002817692769
memorization_01_no_regularization,20,30,0,0.1128678471,0.1128917336,-2.388656139e-05,-0.0002116330028
memorization_01_no_regularization,20,31,0,0.08819700778,0.08817214519,2.486258745e-05,0.0002818983101
memorization_01_no_regularization,20,32,0,0.1153667197,0.1153067499,5.996972322e-05,0.0005198182231
memorization_01_no_regularization,20,33,0,0.06348849833,0.06351400167,-2.550333738e-05,-0.0004017001198
memorization_01_no_regularization,21,0,0,0.08828002214,0.08823321015,4.681199789e-05,0.0005302671743
memorization_01_no_regularization,21,1,0,0.1183338836,0.1184738427,-0.0001399591565,-0.001182747936
memorization_01_no_regularization,21,2,0,0.1129138544,0.1131937429,-0.0002798885107,-0.002478779173
memorization_01_no_regularization,21,3,0,0.05232852325,0.05243612453,-0.000107601285,-0.002056264505
memorization_01_no_regularization,21,4,0,0.1316577196,0.1316867471,-2.902746201e-05,-0.0002204767187
memorization_01_no_regularization,21,5,0,0.171691224,0.171646744,4.447996616e-05,0.0002590695385
memorization_01_no_regularization,21,6,0,0.1428161114,0.1427167505,9.936094284e-05,0.0006957264263
memorization_01_no_regularization,21,7,0,0.0253787525,0.02540728822,-2.853572369e-05,-0.001124394262
memorization_01_no_regularization,21,8,0,0.02230010368,0.02231222019,-1.21165067e-05,-0.0005433385813
memorization_01_no_regularization,21,9,0,0.04474551603,0.04472518712,2.032890916e-05,0.000454322823
memorization_01_no_regularization,21,10,0,0.4743171334,0.4747582674,-0.000441133976,-0.0009300401459
memorization_01_no_regularization,21,11,0,0.04759826139,0.04752872512,6.953626871e-05,0.001460899341
memorization_01_no_regularization,21,12,0,0.1839482486,0.1840559095,-0.0001076608896,-0.0005852781444
memorization_01_no_regularization,21,13,0,0.05554549024,0.05552720651,1.828372478e-05,0.0003291666832
memorization_01_no_regularization,21,14,0,0.1345883161,0.1345470101,4.130601883e-05,0.0003069064242
memorization_01_no_regularization,21,15,0,0.1666728854,0.1666643023,8.583068848e-06,5.149649162e-05
memorization_01_no_regularization,21,16,0,0.1797369272,0.1797031462,3.378093243e-05,0.0001879465336
memorization_01_no_regularization,21,17,0,0.1596544981,0.1595169157,0.0001375824213,0.0008617509869
memorization_01_no_regularization,21,18,0,0.09984084964,0.09974883497,9.201467037e-05,0.0009216134549
memorization_01_no_regularization,21,19,0,0.05647678673,0.05645848811,1.829862595e-05,0.0003240026036
memorization_01_no_regularization,21,20,0,0.02577907406,0.02590473369,-0.0001256596297,-0.004874481893
memorization_01_no_regularization,21,21,1,0.1375363171,0.1361689419,0.001367375255,0.009941921402
memorization_01_no_regularization,21,22,0,0.3221611381,0.3219176829,0.0002434551716,0.0007556937905
memorization_01_no_regularization,21,23,0,0.01879909076,0.01886382699,-6.473623216e-05,-0.00344358315
memorization_01_no_regularization,21,24,0,0.1293136775,0.1292358935,7.778406143e-05,0.0006015145722
memorization_01_no_regularization,21,25,0,0.05961255357,0.05964732915,-3.477558494e-05,-0.0005833600954
memorization_01_no_regularization,21,26,0,0.09429898858,0.09449552745,-0.0001965388656,-0.002084209688
memorization_01_no_regularization,21,27,0,0.1768957973,0.1769120395,-1.62422657e-05,-9.181826789e-05
memorization_01_no_regularization,21,28,0,0.2324780822,0.2323381454,0.0001399368048,0.0006019354748
memorization_01_no_regularization,21,29,0,0.08017254621,0.08022655547,-5.400925875e-05,-0.0006736627599
memorization_01_no_regularization,21,30,0,0.1128678471,0.1128193215,4.852563143e-05,0.0004299331712
memorization_01_no_regularization,21,31,0,0.08819700778,0.08808926493,0.000107742846,0.001221615662
memorization_01_no_regularization,21,32,0,0.1153667197,0.1152550876,0.0001116320491,0.0009676278342
memorization_01_no_regularization,21,33,0,0.06348849833,0.06347258389,1.591444016e-05,0.0002506665077
memorization_01_no_regularization,22,0,0,0.08828002214,0.08793606609,0.0003439560533,0.003896193554
memorization_01_no_regularization,22,1,0,0.1183338836,0.1184683442,-0.000134460628,-0.001136281714
memorization_01_no_regularization,22,2,0,0.1129138544,0.1131792665,-0.0002654120326,-0.002350571008
memorization_01_no_regularization,22,3,0,0.05232852325,0.0524128899,-8.436664939e-05,-0.001612249767
memorization_01_no_regularization,22,4,0,0.1316577196,0.1316487044,9.015202522e-06,6.847454558e-05
memorization_01_no_regularization,22,5,0,0.171691224,0.1716730297,1.819431782e-05,0.000105971158
memorization_01_no_regularization,22,6,0,0.1428161114,0.142691046,0.0001250654459,0.0008757096425
memorization_01_no_regularization,22,7,0,0.0253787525,0.02538880333,-1.005083323e-05,-0.0003960333836
memorization_01_no_regularization,22,8,0,0.02230010368,0.02229506709,5.036592484e-06,0.0002258551151
memorization_01_no_regularization,22,9,0,0.04474551603,0.04476024583,-1.472979784e-05,-0.0003291904787
memorization_01_no_regularization,22,10,0,0.4743171334,0.4742588997,5.823373795e-05,0.0001227738444
memorization_01_no_regularization,22,11,0,0.04759826139,0.04754533991,5.292147398e-05,0.001111836282
memorization_01_no_regularization,22,12,0,0.1839482486,0.1842112094,-0.0002629607916,-0.001429536805
memorization_01_no_regularization,22,13,0,0.05554549024,0.05549683049,4.865974188e-05,0.00087603407
memorization_01_no_regularization,22,14,0,0.1345883161,0.1345449388,4.337728024e-05,0.0003222960321
memorization_01_no_regularization,22,15,0,0.1666728854,0.166771099,-9.821355343e-05,-0.0005892593338
memorization_01_no_regularization,22,16,0,0.1797369272,0.1797780693,-4.114210606e-05,-0.0002289017995
memorization_01_no_regularization,22,17,0,0.1596544981,0.1594836265,0.0001708716154,0.001070258699
memorization_01_no_regularization,22,18,0,0.09984084964,0.09980005771,4.079192877e-05,0.0004085695276
memorization_01_no_regularization,22,19,0,0.05647678673,0.05642885715,4.792958498e-05,0.0008486599141
memorization_01_no_regularization,22,20,0,0.02577907406,0.02590707876,-0.0001280046999,-0.004965449871
memorization_01_no_regularization,22,21,0,0.1375363171,0.1375273764,8.940696716e-06,6.500607915e-05
memorization_01_no_regularization,22,22,1,0.3221611381,0.3187181354,0.003443002701,0.01068720679
memorization_01_no_regularization,22,23,0,0.01879909076,0.0188519787,-5.288794637e-05,-0.0028133247
memorization_01_no_regularization,22,24,0,0.1293136775,0.1292124242,0.0001012533903,0.000783006038
memorization_01_no_regularization,22,25,0,0.05961255357,0.05965539068,-4.283711314e-05,-0.0007185921518
memorization_01_no_regularization,22,26,0,0.09429898858,0.09443961829,-0.0001406297088,-0.001491317255
memorization_01_no_regularization,22,27,0,0.1768957973,0.1768734455,2.235174179e-05,0.0001263554145
memorization_01_no_regularization,22,28,0,0.2324780822,0.2321761698,0.0003019124269,0.001298670499
memorization_01_no_regularization,22,29,0,0.08017254621,0.08020689338,-3.434717655e-05,-0.0004284156881
memorization_01_no_regularization,22,30,0,0.1128678471,0.1128605306,7.316470146e-06,6.482333397e-05
memorization_01_no_regularization,22,31,0,0.08819700778,0.08801911771,0.0001778900623,0.002016962557
memorization_01_no_regularization,22,32,0,0.1153667197,0.1152242124,0.0001425072551,0.001235254461
memorization_01_no_regularization,22,33,0,0.06348849833,0.06350129098,-1.279264688e-05,-0.0002014955027
memorization_01_no_regularization,23,0,0,0.08828002214,0.0881646201,0.0001154020429,0.001307227163
memorization_01_no_regularization,23,1,0,0.1183338836,0.1184706837,-0.0001368001103,-0.001156051895
memorization_01_no_regularization,23,2,0,0.1129138544,0.1130810007,-0.0001671463251,-0.001480299525
memorization_01_no_regularization,23,3,0,0.05232852325,0.05240700766,-7.848441601e-05,-0.001499840071
memorization_01_no_regularization,23,4,0,0.1316577196,0.1316296607,2.805888653e-05,0.0002131199493
memorization_01_no_regularization,23,5,0,0.171691224,0.1716917753,-5.513429642e-07,-3.211247211e-06
memorization_01_no_regularization,23,6,0,0.1428161114,0.142736733,7.937848568e-05,0.0005558090392
memorization_01_no_regularization,23,7,0,0.0253787525,0.02541453205,-3.577955067e-05,-0.001409823066
memorization_01_no_regularization,23,8,0,0.02230010368,0.02229912393,9.797513485e-07,4.393483378e-05
memorization_01_no_regularization,23,9,0,0.04474551603,0.04477406666,-2.855062485e-05,-0.0006380667244
memorization_01_no_regularization,23,10,0,0.4743171334,0.4747459292,-0.0004287958145,-0.0009040276732
memorization_01_no_regularization,23,11,0,0.04759826139,0.04753592983,6.233155727e-05,0.001309534329
memorization_01_no_regularization,23,12,0,0.1839482486,0.1841223389,-0.0001740902662,-0.0009464089358
memorization_01_no_regularization,23,13,0,0.05554549024,0.05554089695,4.593282938e-06,8.269407505e-05
memorization_01_no_regularization,23,14,0,0.1345883161,0.134557128,3.118813038e-05,0.0002317298506
memorization_01_no_regularization,23,15,0,0.1666728854,0.1667146534,-4.176795483e-05,-0.0002505983785
memorization_01_no_regularization,23,16,0,0.1797369272,0.1797658205,-2.889335155e-05,-0.0001607535636
memorization_01_no_regularization,23,17,0,0.1596544981,0.159528777,0.000125721097,0.0007874572811
memorization_01_no_regularization,23,18,0,0.09984084964,0.09980595112,3.489851952e-05,0.0003495414917
memorization_01_no_regularization,23,19,0,0.05647678673,0.05645710602,1.968070865e-05,0.0003484742987
memorization_01_no_regularization,23,20,0,0.02577907406,0.02588260546,-0.0001035314053,-0.00401610256
memorization_01_no_regularization,23,21,0,0.1375363171,0.1376237273,-8.741021156e-05,-0.0006355427672
memorization_01_no_regularization,23,22,0,0.3221611381,0.3219665289,0.0001946091652,0.0006040739934
memorization_01_no_regularization,23,23,1,0.01879909076,0.01877621375,2.287700772e-05,0.001216920968
memorization_01_no_regularization,23,24,0,0.1293136775,0.1291826665,0.0001310110092,0.001013125693
memorization_01_no_regularization,23,25,0,0.05961255357,0.05966542289,-5.286931992e-05,-0.0008868823218
memorization_01_no_regularization,23,26,0,0.09429898858,0.09443672746,-0.0001377388835,-0.001460661303
memorization_01_no_regularization,23,27,0,0.1768957973,0.176917851,-2.205371857e-05,-0.0001246706757
memorization_01_no_regularization,23,28,0,0.2324780822,0.2323056161,0.0001724660397,0.0007418593531
memorization_01_no_regularization,23,29,0,0.08017254621,0.08022711426,-5.456805229e-05,-0.0006806326464
memorization_01_no_regularization,23,30,0,0.1128678471,0.1128815189,-1.36718154e-05,-0.0001211311791
memorization_01_no_regularization,23,31,0,0.08819700778,0.08811813593,7.88718462e-05,0.0008942689575
memorization_01_no_regularization,23,32,0,0.1153667197,0.1152688339,9.788572788e-05,0.0008484745702
memorization_01_no_regularization,23,33,0,0.06348849833,0.06346095353,2.754479647e-05,0.0004338549059
memorization_01_no_regularization,24,0,0,0.08828002214,0.08816265315,0.0001173689961,0.001329508005
memorization_01_no_regularization,24,1,0,0.1183338836,0.1185883954,-0.0002545118332,-0.002150794223
memorization_01_no_regularization,24,2,0,0.1129138544,0.1131130606,-0.0001992061734,-0.001764231453
memorization_01_no_regularization,24,3,0,0.05232852325,0.05237583071,-4.73074615e-05,-0.0009040473257
memorization_01_no_regularization,24,4,0,0.1316577196,0.1316504776,7.24196434e-06,5.50059986e-05
memorization_01_no_regularization,24,5,0,0.171691224,0.1717268527,-3.562867641e-05,-0.0002075160022
memorization_01_no_regularization,24,6,0,0.1428161114,0.1427047998,0.0001113116741,0.0007794055796
memorization_01_no_regularization,24,7,0,0.0253787525,0.02548792399,-0.0001091714948,-0.004301688779
memorization_01_no_regularization,24,8,0,0.02230010368,0.02229658142,3.522261977e-06,0.0001579482332
memorization_01_no_regularization,24,9,0,0.04474551603,0.04478637502,-4.085898399e-05,-0.0009131414188
memorization_01_no_regularization,24,10,0,0.4743171334,0.4747031927,-0.0003860592842,-0.0008139264998
memorization_01_no_regularization,24,11,0,0.04759826139,0.04752536118,7.290020585e-05,0.001531572871
memorization_01_no_regularization,24,12,0,0.1839482486,0.184081465,-0.0001332163811,-0.0007242057593
memorization_01_no_regularization,24,13,0,0.05554549024,0.05556925759,-2.37673521e-05,-0.0004278898611
memorization_01_no_regularization,24,14,0,0.1345883161,0.1345531344,3.518164158e-05,0.0002614019003
memorization_01_no_regularization,24,15,0,0.1666728854,0.1666953564,-2.247095108e-05,-0.000134820676
memorization_01_no_regularization,24,16,0,0.1797369272,0.1797593087,-2.238154411e-05,-0.0001245239054
memorization_01_no_regularization,24,17,0,0.1596544981,0.1595239937,0.0001305043697,0.0008174174313
memorization_01_no_regularization,24,18,0,0.09984084964,0.09987977892,-3.892928362e-05,-0.0003899133848
memorization_01_no_regularization,24,19,0,0.05647678673,0.05646582693,1.095980406e-05,0.0001940585627
memorization_01_no_regularization,24,20,0,0.02577907406,0.02591663413,-0.0001375600696,-0.005336113673
memorization_01_no_regularization,24,21,0,0.1375363171,0.1376936734,-0.0001573562622,-0.001144106993
memorization_01_no_regularization,24,22,0,0.3221611381,0.3219991922,0.0001619458199,0.0005026857703
memorization_01_no_regularization,24,23,0,0.01879909076,0.01885686815,-5.777738988e-05,-0.003073414062
memorization_01_no_regularization,24,24,1,0.1293136775,0.1284506917,0.0008629858494,0.006673585237
memorization_01_no_regularization,24,25,0,0.05961255357,0.0596598126,-4.725903273e-05,-0.0007927698094
memorization_01_no_regularization,24,26,0,0.09429898858,0.09448351711,-0.0001845285296,-0.001956845269
memorization_01_no_regularization,24,27,0,0.1768957973,0.1769678295,-7.203221321e-05,-0.0004072013826
memorization_01_no_regularization,24,28,0,0.2324780822,0.232347995,0.0001300871372,0.0005595673192
memorization_01_no_regularization,24,29,0,0.08017254621,0.08021803945,-4.549324512e-05,-0.0005674416902
memorization_01_no_regularization,24,30,0,0.1128678471,0.1129184067,-5.055963993e-05,-0.0004479543221
memorization_01_no_regularization,24,31,0,0.08819700778,0.08813428879,6.271898746e-05,0.0007111237563
memorization_01_no_regularization,24,32,0,0.1153667197,0.1153324693,3.4250319e-05,0.0002968821433
memorization_01_no_regularization,24,33,0,0.06348849833,0.06345248967,3.600865602e-05,0.0005671681796
memorization_01_no_regularization,25,0,0,0.08828002214,0.0881626606,0.0001173615456,0.001329423608
memorization_01_no_regularization,25,1,0,0.1183338836,0.1184705198,-0.0001366361976,-0.001154666723
memorization_01_no_regularization,25,2,0,0.1129138544,0.1131048277,-0.0001909732819,-0.00169131842
memorization_01_no_regularization,25,3,0,0.05232852325,0.05240032822,-7.18049705e-05,-0.001372195622
memorization_01_no_regularization,25,4,0,0.1316577196,0.1315985769,5.914270878e-05,0.0004492156552
memorization_01_no_regularization,25,5,0,0.171691224,0.1716932803,-2.056360245e-06,-1.197708419e-05
memorization_01_no_regularization,25,6,0,0.1428161114,0.14271079,0.0001053214073,0.0007374616649
memorization_01_no_regularization,25,7,0,0.0253787525,0.02540793829,-2.918578684e-05,-0.001150008727
memorization_01_no_regularization,25,8,0,0.02230010368,0.02230453305,-4.429370165e-06,-0.0001986255413
memorization_01_no_regularization,25,9,0,0.04474551603,0.0447771661,-3.165006638e-05,-0.0007073349283
memorization_01_no_regularization,25,10,0,0.4743171334,0.474724561,-0.0004074275494,-0.0008589770865
memorization_01_no_regularization,25,11,0,0.04759826139,0.04755715653,4.110485315e-05,0.0008635788778
memorization_01_no_regularization,25,12,0,0.1839482486,0.1841179132,-0.0001696646214,-0.0009223497512
memorization_01_no_regularization,25,13,0,0.05554549024,0.05553727597,8.214265108e-06,0.0001478835649
memorization_01_no_regularization,25,14,0,0.1345883161,0.1345458031,4.251301289e-05,0.0003158744691
memorization_01_no_regularization,25,15,0,0.1666728854,0.1667086929,-3.580749035e-05,-0.000214836926
memorization_01_no_regularization,25,16,0,0.1797369272,0.1797791421,-4.221498966e-05,-0.000234870988
memorization_01_no_regularization,25,17,0,0.1596544981,0.1595490128,0.0001054853201,0.000660709979
memorization_01_no_regularization,25,18,0,0.09984084964,0.09984370321,-2.853572369e-06,-2.858121079e-05
memorization_01_no_regularization,25,19,0,0.05647678673,0.05646428466,1.250207424e-05,0.0002213665997
memorization_01_no_regularization,25,20,0,0.02577907406,0.02585802414,-7.89500773e-05,-0.003062564509
memorization_01_no_regularization,25,21,0,0.1375363171,0.137582019,-4.570186138e-05,-0.0003322894079
memorization_01_no_regularization,25,22,0,0.3221611381,0.3219524622,0.0002086758614,0.0006477375348
memorization_01_no_regularization,25,23,0,0.01879909076,0.01886017621,-6.108544767e-05,-0.003249383093
memorization_01_no_regularization,25,24,0,0.1293136775,0.1291788071,0.00013487041,0.001042970957
memorization_01_no_regularization,25,25,1,0.05961255357,0.05940847099,0.0002040825784,0.003423483247
memorization_01_no_regularization,25,26,0,0.09429898858,0.09445459396,-0.0001556053758,-0.001650127728
memorization_01_no_regularization,25,27,0,0.1768957973,0.1769327819,-3.698468208e-05,-0.0002090760926
memorization_01_no_regularization,25,28,0,0.2324780822,0.2323321849,0.0001458972692,0.0006275742981
memorization_01_no_regularization,25,29,0,0.08017254621,0.08022660017,-5.405396223e-05,-0.0006742203508
memorization_01_no_regularization,25,30,0,0.1128678471,0.1128733084,-5.461275578e-06,-4.838646008e-05
memorization_01_no_regularization,25,31,0,0.08819700778,0.08810336143,9.364634752e-05,0.001061785993
memorization_01_no_regularization,25,32,0,0.1153667197,0.1152795628,8.715689182e-05,0.0007554769008
memorization_01_no_regularization,25,33,0,0.06348849833,0.06347757578,1.092255116e-05,0.000172039841
memorization_01_no_regularization,26,0,0,0.08828002214,0.08803052455,0.0002494975924,0.002826206727
memorization_01_no_regularization,26,1,0,0.1183338836,0.1184703633,-0.0001364797354,-0.001153344513
memorization_01_no_regularization,26,2,0,0.1129138544,0.113090232,-0.0001763775945,-0.001562054501
memorization_01_no_regularization,26,3,0,0.05232852325,0.0523930788,-6.455555558e-05,-0.001233659037
memorization_01_no_regularization,26,4,0,0.1316577196,0.1315933466,6.437301636e-05,0.0004889422097
memorization_01_no_regularization,26,5,0,0.171691224,0.1717058271,-1.460313797e-05,-8.505465586e-05
memorization_01_no_regularization,26,6,0,0.1428161114,0.142717734,9.83774662e-05,0.000688840112
memorization_01_no_regularization,26,7,0,0.0253787525,0.02540225163,-2.34991312e-05,-0.0009259372068
memorization_01_no_regularization,26,8,0,0.02230010368,0.02227810025,2.200342715e-05,0.0009866961815
memorization_01_no_regularization,26,9,0,0.04474551603,0.04475500435,-9.48831439e-06,-0.0002120506194
memorization_01_no_regularization,26,10,0,0.4743171334,0.4747035205,-0.0003863871098,-0.0008146176525
memorization_01_no_regularization,26,11,0,0.04759826139,0.04753468558,6.357580423e-05,0.001335674926
memorization_01_no_regularization,26,12,0,0.1839482486,0.184109658,-0.0001614093781,-0.0008774716762
memorization_01_no_regularization,26,13,0,0.05554549024,0.05553782359,7.666647434e-06,0.0001380246605
memorization_01_no_regularization,26,14,0,0.1345883161,0.1345767975,1.15185976e-05,8.558393431e-05
memorization_01_no_regularization,26,15,0,0.1666728854,0.1667138785,-4.099309444e-05,-0.0002459493897
memorization_01_no_regularization,26,16,0,0.1797369272,0.1797729284,-3.600120544e-05,-0.0002002994377
memorization_01_no_regularization,26,17,0,0.1596544981,0.1595117748,0.0001427233219,0.0008939511483
memorization_01_no_regularization,26,18,0,0.09984084964,0.09979054332,5.030632019e-05,0.000503865105
memorization_01_no_regularization,26,19,0,0.05647678673,0.05644909292,2.769380808e-05,0.0004903573606
memorization_01_no_regularization,26,20,0,0.02577907406,0.02584447339,-6.539933383e-05,-0.00253691555
memorization_01_no_regularization,26,21,0,0.1375363171,0.1376711577,-0.0001348406076,-0.0009804000171
memorization_01_no_regularization,26,22,0,0.3221611381,0.321936667,0.0002244710922,0.0006967665112
memorization_01_no_regularization,26,23,0,0.01879909076,0.01883798838,-3.889761865e-05,-0.00206912234
memorization_01_no_regularization,26,24,0,0.1293136775,0.1292063743,0.0001073032618,0.0008297905047
memorization_01_no_regularization,26,25,0,0.05961255357,0.05965683237,-4.427880049e-05,-0.0007427764429
memorization_01_no_regularization,26,26,1,0.09429898858,0.09396804869,0.000330939889,0.003509474427
memorization_01_no_regularization,26,27,0,0.1768957973,0.176856786,3.901124001e-05,0.0002205323168
memorization_01_no_regularization,26,28,0,0.2324780822,0.232336387,0.0001416951418,0.0006094989277
memorization_01_no_regularization,26,29,0,0.08017254621,0.0801955238,-2.297759056e-05,-0.0002866017315
memorization_01_no_regularization,26,30,0,0.1128678471,0.112849392,1.845508814e-05,0.0001635105888
memorization_01_no_regularization,26,31,0,0.08819700778,0.08807863295,0.0001183748245,0.001342163725
memorization_01_no_regularization,26,32,0,0.1153667197,0.1152625158,0.0001042038202,0.0009032398644
memorization_01_no_regularization,26,33,0,0.06348849833,0.06344954669,3.895163536e-05,0.000613522707
memorization_01_no_regularization,27,0,0,0.08828002214,0.08815389127,0.0001261308789,0.001428759031
memorization_01_no_regularization,27,1,0,0.1183338836,0.1184528694,-0.0001189857721,-0.001005508892
memorization_01_no_regularization,27,2,0,0.1129138544,0.1130388826,-0.000125028193,-0.001107288327
memorization_01_no_regularization,27,3,0,0.05232852325,0.05237757787,-4.905462265e-05,-0.0009374356394
memorization_01_no_regularization,27,4,0,0.1316577196,0.1315729618,8.475780487e-05,0.0006437739095
memorization_01_no_regularization,27,5,0,0.171691224,0.1717109829,-1.975893974e-05,-0.0001150841568
memorization_01_no_regularization,27,6,0,0.1428161114,0.1427139789,0.0001021325588,0.0007151333123
memorization_01_no_regularization,27,7,0,0.0253787525,0.02540707961,-2.832710743e-05,-0.001116174147
memorization_01_no_regularization,27,8,0,0.02230010368,0.02228615247,1.395121217e-05,0.0006256119868
memorization_01_no_regularization,27,9,0,0.04474551603,0.04476160184,-1.608580351e-05,-0.0003594953179
memorization_01_no_regularization,27,10,0,0.4743171334,0.4747311473,-0.0004140138626,-0.0008728629717
memorization_01_no_regularization,27,11,0,0.04759826139,0.04754120111,5.70602715e-05,0.001198788986
memorization_01_no_regularization,27,12,0,0.1839482486,0.1841583401,-0.0002100914717,-0.001142122707
memorization_01_no_regularization,27,13,0,0.05554549024,0.05553425848,1.123175025e-05,0.0002022081397
memorization_01_no_regularization,27,14,0,0.1345883161,0.1345420927,4.622340202e-05,0.0003434429033
memorization_01_no_regularization,27,15,0,0.1666728854,0.1666779369,-5.051493645e-06,-3.030783101e-05
memorization_01_no_regularization,27,16,0,0.1797369272,0.1797861159,-4.91887331e-05,-0.0002736707135
memorization_01_no_regularization,27,17,0,0.1596544981,0.1595065147,0.0001479834318,0.0009268979802
memorization_01_no_regularization,27,18,0,0.09984084964,0.09983043373,1.041591167e-05,0.0001043251506
memorization_01_no_regularization,27,19,0,0.05647678673,0.05640958995,6.71967864e-05,0.001189812493
memorization_01_no_regularization,27,20,0,0.02577907406,0.02587379701,-9.472295642e-05,-0.003674412673
memorization_01_no_regularization,27,21,0,0.1375363171,0.1377085894,-0.0001722723246,-0.001252558802
memorization_01_no_regularization,27,22,0,0.3221611381,0.3219326735,0.0002284646034,0.0007091625166
memorization_01_no_regularization,27,23,0,0.01879909076,0.01886004768,-6.095692515e-05,-0.003242546458
memorization_01_no_regularization,27,24,0,0.1293136775,0.1292059571,0.0001077204943,0.0008330170196
memorization_01_no_regularization,27,25,0,0.05961255357,0.05965860933,-4.605576396e-05,-0.0007725849876
memorization_01_no_regularization,27,26,0,0.09429898858,0.09438984096,-9.08523798e-05,-0.0009634502041
memorization_01_no_regularization,27,27,1,0.1768957973,0.1765164733,0.0003793239594,0.002144335622
memorization_01_no_regularization,27,28,0,0.2324780822,0.2323025614,0.0001755207777,0.0007549992501
memorization_01_no_regularization,27,29,0,0.08017254621,0.08019321412,-2.066791058e-05,-0.0002577928674
memorization_01_no_regularization,27,30,0,0.1128678471,0.112884067,-1.621991396e-05,-0.0001437071263
memorization_01_no_regularization,27,31,0,0.08819700778,0.08811401576,8.299201727e-05,0.0009409845001
memorization_01_no_regularization,27,32,0,0.1153667197,0.1152147502,0.0001519694924,0.001317273239
memorization_01_no_regularization,27,33,0,0.06348849833,0.06344429404,4.420429468e-05,0.000696256737
memorization_01_no_regularization,28,0,0,0.08828002214,0.08812945336,0.0001505687833,0.001705581621
memorization_01_no_regularization,28,1,0,0.1183338836,0.1184183732,-8.448958397e-05,-0.0007139931642
memorization_01_no_regularization,28,2,0,0.1129138544,0.1130159125,-0.000102058053,-0.0009038576669
memorization_01_no_regularization,28,3,0,0.05232852325,0.05244215578,-0.00011363253,-0.002171521819
memorization_01_no_regularization,28,4,0,0.1316577196,0.1316144317,4.328787327e-05,0.0003287909998
memorization_01_no_regularization,28,5,0,0.171691224,0.1716692597,2.19643116e-05,0.0001279291457
memorization_01_no_regularization,28,6,0,0.1428161114,0.1427129656,0.0001031458378,0.0007222283028
memorization_01_no_regularization,28,7,0,0.0253787525,0.02538410574,-5.353242159e-06,-0.0002109340149
memorization_01_no_regularization,28,8,0,0.02230010368,0.02230401523,-3.911554813e-06,-0.0001754052299
memorization_01_no_regularization,28,9,0,0.04474551603,0.04476874694,-2.32309103e-05,-0.0005191785091
memorization_01_no_regularization,28,10,0,0.4743171334,0.4748545289,-0.0005373954773,-0.001132987698
memorization_01_no_regularization,28,11,0,0.04759826139,0.0475335829,6.467849016e-05,0.001358841442
memorization_01_no_regularization,28,12,0,0.1839482486,0.1841155142,-0.0001672655344,-0.0009093075669
memorization_01_no_regularization,28,13,0,0.05554549024,0.05555771291,-1.222267747e-05,-0.0002200480618
memorization_01_no_regularization,28,14,0,0.1345883161,0.1345023066,8.600950241e-05,0.000639056234
memorization_01_no_regularization,28,15,0,0.1666728854,0.1666982174,-2.533197403e-05,-0.0001519861732
memorization_01_no_regularization,28,16,0,0.1797369272,0.1797776222,-4.069507122e-05,-0.0002264146376
memorization_01_no_regularization,28,17,0,0.1596544981,0.1594704539,0.0001840442419,0.001152765779
memorization_01_no_regularization,28,18,0,0.09984084964,0.09981697053,2.387911081e-05,0.0002391717508
memorization_01_no_regularization,28,19,0,0.05647678673,0.05641978234,5.700439215e-05,0.001009341987
memorization_01_no_regularization,28,20,0,0.02577907406,0.02590682358,-0.0001277495176,-0.004955551052
memorization_01_no_regularization,28,21,0,0.1375363171,0.1376749873,-0.0001386702061,-0.001008244288
memorization_01_no_regularization,28,22,0,0.3221611381,0.321827054,0.000334084034,0.001037009107
memorization_01_no_regularization,28,23,0,0.01879909076,0.01885081269,-5.17219305e-05,-0.00275129958
memorization_01_no_regularization,28,24,0,0.1293136775,0.1292294264,8.425116539e-05,0.0006515255539
memorization_01_no_regularization,28,25,0,0.05961255357,0.05967754498,-6.499141455e-05,-0.00109023034
memorization_01_no_regularization,28,26,0,0.09429898858,0.09445696324,-0.0001579746604,-0.001675252967
memorization_01_no_regularization,28,27,0,0.1768957973,0.1768599749,3.582239151e-05,0.000202505611
memorization_01_no_regularization,28,28,1,0.2324780822,0.2310061604,0.001471921802,0.006331443325
memorization_01_no_regularization,28,29,0,0.08017254621,0.08018334955,-1.080334187e-05,-0.0001347511383
memorization_01_no_regularization,28,30,0,0.1128678471,0.1128366366,3.121048212e-05,0.0002765223483
memorization_01_no_regularization,28,31,0,0.08819700778,0.08809558302,0.0001014247537,0.001149979531
memorization_01_no_regularization,28,32,0,0.1153667197,0.115217559,0.0001491606236,0.001292925932
memorization_01_no_regularization,28,33,0,0.06348849833,0.06346556544,2.293288708e-05,0.0003612132541
memorization_01_no_regularization,29,0,0,0.08828002214,0.08815719187,0.0001228302717,0.001391371102
memorization_01_no_regularization,29,1,0,0.1183338836,0.1184815466,-0.0001476630569,-0.001247851016
memorization_01_no_regularization,29,2,0,0.1129138544,0.1131045893,-0.0001907348633,-0.001689206911
memorization_01_no_regularization,29,3,0,0.05232852325,0.05239351839,-6.499513984e-05,-0.001242059508
memorization_01_no_regularization,29,4,0,0.1316577196,0.1316082925,4.942715168e-05,0.0003754215995
memorization_01_no_regularization,29,5,0,0.171691224,0.1716940254,-2.801418304e-06,-1.631660745e-05
memorization_01_no_regularization,29,6,0,0.1428161114,0.1426843405,0.0001317709684,0.0009226617859
memorization_01_no_regularization,29,7,0,0.0253787525,0.02542916872,-5.041621625e-05,-0.001986552186
memorization_01_no_regularization,29,8,0,0.02230010368,0.02228039503,1.970864832e-05,0.00088379178
memorization_01_no_regularization,29,9,0,0.04474551603,0.04476704821,-2.153217793e-05,-0.000481214205
memorization_01_no_regularization,29,10,0,0.4743171334,0.4746193886,-0.0003022551537,-0.0006372427483
memorization_01_no_regularization,29,11,0,0.04759826139,0.04752319306,7.50683248e-05,0.001577123252
memorization_01_no_regularization,29,12,0,0.1839482486,0.1841100752,-0.0001618266106,-0.0008797398821
memorization_01_no_regularization,29,13,0,0.05554549024,0.05555736274,-1.187250018e-05,-0.0002137437284
memorization_01_no_regularization,29,14,0,0.1345883161,0.1345318705,5.64455986e-05,0.0004193944931
memorization_01_no_regularization,29,15,0,0.1666728854,0.1666885167,-1.563131809e-05,-9.378440922e-05
memorization_01_no_regularization,29,16,0,0.1797369272,0.1797496527,-1.272559166e-05,-7.080120853e-05
memorization_01_no_regularization,29,17,0,0.1596544981,0.1595071107,0.0001473873854,0.0009231646281
memorization_01_no_regularization,29,18,0,0.09984084964,0.09978490323,5.59464097e-05,0.0005603559055
memorization_01_no_regularization,29,19,0,0.05647678673,0.05643947423,3.731250763e-05,0.0006606698041
memorization_01_no_regularization,29,20,0,0.02577907406,0.02587533742,-9.626336396e-05,-0.003734166857
memorization_01_no_regularization,29,21,0,0.1375363171,0.1376155019,-7.918477058e-05,-0.0005757371744
memorization_01_no_regularization,29,22,0,0.3221611381,0.3219669461,0.0001941919327,0.0006027788884
memorization_01_no_regularization,29,23,0,0.01879909076,0.01886239462,-6.330385804e-05,-0.003367389352
memorization_01_no_regularization,29,24,0,0.1293136775,0.1291725039,0.0001411736012,0.001091714379
memorization_01_no_regularization,29,25,0,0.05961255357,0.05967694893,-6.43953681e-05,-0.001080231667
memorization_01_no_regularization,29,26,0,0.09429898858,0.09444176406,-0.000142775476,-0.001514072188
memorization_01_no_regularization,29,27,0,0.1768957973,0.1768988967,-3.099441528e-06,-1.752128415e-05
memorization_01_no_regularization,29,28,0,0.2324780822,0.2322887033,0.0001893788576,0.0008146095143
memorization_01_no_regularization,29,29,1,0.08017254621,0.07989302278,0.0002795234323,0.003486523074
memorization_01_no_regularization,29,30,0,0.1128678471,0.1128350124,3.283470869e-05,0.0002909128644
memorization_01_no_regularization,29,31,0,0.08819700778,0.08810541034,9.159743786e-05,0.001038554937
memorization_01_no_regularization,29,32,0,0.1153667197,0.1152670681,9.965151548e-05,0.0008637804366
memorization_01_no_regularization,29,33,0,0.06348849833,0.06338722259,0.0001012757421,0.001595182509
memorization_01_no_regularization,30,0,0,0.08828002214,0.08811547607,0.0001645460725,0.001863910639
memorization_01_no_regularization,30,1,0,0.1183338836,0.1184843332,-0.000150449574,-0.001271398939
memorization_01_no_regularization,30,2,0,0.1129138544,0.1131050885,-0.0001912340522,-0.001693627883
memorization_01_no_regularization,30,3,0,0.05232852325,0.05239124224,-6.271898746e-05,-0.001198562153
memorization_01_no_regularization,30,4,0,0.1316577196,0.1316006631,5.705654621e-05,0.0004333703058
memorization_01_no_regularization,30,5,0,0.171691224,0.1717109978,-1.97738409e-05,-0.0001151709473
memorization_01_no_regularization,30,6,0,0.1428161114,0.1426774263,0.0001386851072,0.0009710746626
memorization_01_no_regularization,30,7,0,0.0253787525,0.02540712804,-2.83755362e-05,-0.001118082388
memorization_01_no_regularization,30,8,0,0.02230010368,0.02226915956,3.094412386e-05,0.001387622421
memorization_01_no_regularization,30,9,0,0.04474551603,0.04473779351,7.722526789e-06,0.0001725877244
memorization_01_no_regularization,30,10,0,0.4743171334,0.474807173,-0.000490039587,-0.001033147556
memorization_01_no_regularization,30,11,0,0.04759826139,0.04752262682,7.563456893e-05,0.001589019572
memorization_01_no_regularization,30,12,0,0.1839482486,0.18416287,-0.0002146214247,-0.001166748943
memorization_01_no_regularization,30,13,0,0.05554549024,0.0555389747,6.515532732e-06,0.0001173008412
memorization_01_no_regularization,30,14,0,0.1345883161,0.1344917864,9.652972221e-05,0.0007172221559
memorization_01_no_regularization,30,15,0,0.1666728854,0.1667028219,-2.993643284e-05,-0.0001796118953
memorization_01_no_regularization,30,16,0,0.1797369272,0.1797534078,-1.648068428e-05,-9.169336842e-05
memorization_01_no_regularization,30,17,0,0.1596544981,0.1594795436,0.0001749545336,0.00109583216
memorization_01_no_regularization,30,18,0,0.09984084964,0.09979262203,4.82276082e-05,0.0004830448497
memorization_01_no_regularization,30,19,0,0.05647678673,0.05645671114,2.007558942e-05,0.0003554662115
memorization_01_no_regularization,30,20,0,0.02577907406,0.02592689916,-0.000147825107,-0.005734306308
memorization_01_no_regularization,30,21,0,0.1375363171,0.1375149935,2.132356167e-05,0.0001550394988
memorization_01_no_regularization,30,22,0,0.3221611381,0.3219693303,0.0001918077469,0.0005953782882
memorization_01_no_regularization,30,23,0,0.01879909076,0.01887192391,-7.283315063e-05,-0.003874291133
memorization_01_no_regularization,30,24,0,0.1293136775,0.1292331815,8.049607277e-05,0.0006224869194
memorization_01_no_regularization,30,25,0,0.05961255357,0.05968187749,-6.932392716e-05,-0.001162908197
memorization_01_no_regularization,30,26,0,0.09429898858,0.09445058554,-0.0001515969634,-0.001607620248
memorization_01_no_regularization,30,27,0,0.1768957973,0.176944524,-4.87267971e-05,-0.0002754548037
memorization_01_no_regularization,30,28,0,0.2324780822,0.232304588,0.0001734942198,0.0007462820501
memorization_01_no_regularization,30,29,0,0.08017254621,0.08018480986,-1.226365566e-05,-0.000152965775
memorization_01_no_regularization,30,30,1,0.1128678471,0.1122745648,0.0005932822824,0.005256433056
memorization_01_no_regularization,30,31,0,0.08819700778,0.08793216944,0.0002648383379,0.003002804115
memorization_01_no_regularization,30,32,0,0.1153667197,0.11508663,0.0002800896764,0.002427820408
memorization_01_no_regularization,30,33,0,0.06348849833,0.06336787343,0.0001206248999,0.001899948857
memorization_01_no_regularization,31,0,0,0.08828002214,0.08804987371,0.0002301484346,0.002607027378
memorization_01_no_regularization,31,1,0,0.1183338836,0.1184746996,-0.0001408159733,-0.001189988607
memorization_01_no_regularization,31,2,0,0.1129138544,0.1132269725,-0.0003131181002,-0.00277307069
memorization_01_no_regularization,31,3,0,0.05232852325,0.05242815986,-9.963661432e-05,-0.001904059357
memorization_01_no_regularization,31,4,0,0.1316577196,0.1315537542,0.0001039654016,0.000789664305
memorization_01_no_regularization,31,5,0,0.171691224,0.1717026383,-1.141428947e-05,-6.648149632e-05
memorization_01_no_regularization,31,6,0,0.1428161114,0.1426667124,0.0001493990421,0.001046093754
memorization_01_no_regularization,31,7,0,0.0253787525,0.02541209385,-3.334134817e-05,-0.001313750476
memorization_01_no_regularization,31,8,0,0.02230010368,0.02227953635,2.056732774e-05,0.0009222974042
memorization_01_no_regularization,31,9,0,0.04474551603,0.04476227611,-1.676008105e-05,-0.0003745644824
memorization_01_no_regularization,31,10,0,0.4743171334,0.4748210609,-0.0005039274693,-0.001062427295
memorization_01_no_regularization,31,11,0,0.04759826139,0.04753529653,6.296485662e-05,0.001322839423
memorization_01_no_regularization,31,12,0,0.1839482486,0.1842065156,-0.0002582669258,-0.001404019488
memorization_01_no_regularization,31,13,0,0.05554549024,0.05551441759,3.107264638e-05,0.0005594089862
memorization_01_no_regularization,31,14,0,0.1345883161,0.1345108151,7.750093937e-05,0.0005758370535
memorization_01_no_regularization,31,15,0,0.1666728854,0.16672647,-5.358457565e-05,-0.0003214954581
memorization_01_no_regularization,31,16,0,0.1797369272,0.1797540039,-1.707673073e-05,-9.500958428e-05
memorization_01_no_regularization,31,17,0,0.1596544981,0.1595173478,0.0001371502876,0.0008590443067
memorization_01_no_regularization,31,18,0,0.09984084964,0.0997928977,4.795193672e-05,0.0004802837405
memorization_01_no_regularization,31,19,0,0.05647678673,0.05641319975,6.35869801e-05,0.001125895855
memorization_01_no_regularization,31,20,0,0.02577907406,0.02595325187,-0.0001741778105,-0.006756558058
memorization_01_no_regularization,31,21,0,0.1375363171,0.1375426799,-6.36279583e-06,-4.626265966e-05
memorization_01_no_regularization,31,22,0,0.3221611381,0.3218204379,0.0003407001495,0.001057545772
memorization_01_no_regularization,31,23,0,0.01879909076,0.01886424795,-6.515718997e-05,-0.003465975605
memorization_01_no_regularization,31,24,0,0.1293136775,0.129198283,0.0001153945923,0.0008923618481
memorization_01_no_regularization,31,25,0,0.05961255357,0.05966193601,-4.93824482e-05,-0.000828390083
memorization_01_no_regularization,31,26,0,0.09429898858,0.0944442898,-0.0001453012228,-0.001540856641
memorization_01_no_regularization,31,27,0,0.1768957973,0.1769351512,-3.935396671e-05,-0.0002224697665
memorization_01_no_regularization,31,28,0,0.2324780822,0.2323307097,0.0001473724842,0.0006339199069
memorization_01_no_regularization,31,29,0,0.08017254621,0.08021001518,-3.746896982e-05,-0.0004673541205
memorization_01_no_regularization,31,30,0,0.1128678471,0.1127190441,0.0001488029957,0.001318382511
memorization_01_no_regularization,31,31,1,0.08819700778,0.08753594011,0.0006610676646,0.007495352522
memorization_01_no_regularization,31,32,0,0.1153667197,0.1151092201,0.000257499516,0.002232008648
memorization_01_no_regularization,31,33,0,0.06348849833,0.06340232491,8.617341518e-05,0.001357307504
memorization_01_no_regularization,32,0,0,0.08828002214,0.08805374056,0.0002262815833,0.002563225267
memorization_01_no_regularization,32,1,0,0.1183338836,0.1184680983,-0.0001342147589,-0.001134203956
memorization_01_no_regularization,32,2,0,0.1129138544,0.1131071821,-0.0001933276653,-0.001712169568
memorization_01_no_regularization,32,3,0,0.05232852325,0.05235724151,-2.871826291e-05,-0.0005488070583
memorization_01_no_regularization,32,4,0,0.1316577196,0.1316017359,5.598366261e-05,0.000425221269
memorization_01_no_regularization,32,5,0,0.171691224,0.1716713756,1.984834671e-05,0.0001156048996
memorization_01_no_regularization,32,6,0,0.1428161114,0.1426851004,0.0001310110092,0.000917340543
memorization_01_no_regularization,32,7,0,0.0253787525,0.02540863678,-2.988427877e-05,-0.001177531432
memorization_01_no_regularization,32,8,0,0.02230010368,0.02227496356,2.514012158e-05,0.001127354471
memorization_01_no_regularization,32,9,0,0.04474551603,0.04477138817,-2.587214112e-05,-0.0005782063415
memorization_01_no_regularization,32,10,0,0.4743171334,0.4748430848,-0.0005259513855,-0.001108860187
memorization_01_no_regularization,32,11,0,0.04759826139,0.04752513394,7.312744856e-05,0.001536347052
memorization_01_no_regularization,32,12,0,0.1839482486,0.1841937006,-0.0002454519272,-0.001334353162
memorization_01_no_regularization,32,13,0,0.05554549024,0.05547923222,6.625801325e-05,0.001192860356
memorization_01_no_regularization,32,14,0,0.1345883161,0.1344536245,0.000134691596,0.001000767377
memorization_01_no_regularization,32,15,0,0.1666728854,0.1666781306,-5.24520874e-06,-3.147007821e-05
memorization_01_no_regularization,32,16,0,0.1797369272,0.1797578633,-2.093613148e-05,-0.0001164820819
memorization_01_no_regularization,32,17,0,0.1596544981,0.1595268697,0.0001276284456,0.0007994040077
memorization_01_no_regularization,32,18,0,0.09984084964,0.0998301357,1.07139349e-05,0.0001073101334
memorization_01_no_regularization,32,19,0,0.05647678673,0.05645658821,2.0198524e-05,0.0003576429391
memorization_01_no_regularization,32,20,0,0.02577907406,0.02592551894,-0.0001464448869,-0.005680765981
memorization_01_no_regularization,32,21,0,0.1375363171,0.1375599355,-2.361834049e-05,-0.0001717243924
memorization_01_no_regularization,32,22,0,0.3221611381,0.3219571114,0.0002040266991,0.0006333063643
memorization_01_no_regularization,32,23,0,0.01879909076,0.01886151545,-6.242468953e-05,-0.003320622808
memorization_01_no_regularization,32,24,0,0.1293136775,0.1292480081,6.566941738e-05,0.0005078304061
memorization_01_no_regularization,32,25,0,0.05961255357,0.05968205258,-6.949901581e-05,-0.001165845307
memorization_01_no_regularization,32,26,0,0.09429898858,0.09446587414,-0.0001668855548,-0.001769749149
memorization_01_no_regularization,32,27,0,0.1768957973,0.1768986434,-2.846121788e-06,-1.608925612e-05
memorization_01_no_regularization,32,28,0,0.2324780822,0.2323195636,0.0001585185528,0.0006818645065
memorization_01_no_regularization,32,29,0,0.08017254621,0.0802148059,-4.225969315e-05,-0.0005271092805
memorization_01_no_regularization,32,30,0,0.1128678471,0.1127230451,0.0001448020339,0.001282934313
memorization_01_no_regularization,32,31,0,0.08819700778,0.08798462152,0.0002123862505,0.002408089071
memorization_01_no_regularization,32,32,1,0.1153667197,0.1145316064,0.0008351132274,0.007238770677
memorization_01_no_regularization,32,33,0,0.06348849833,0.06337385625,0.0001146420836,0.001805714211
memorization_01_no_regularization,33,0,0,0.08828002214,0.08814168721,0.0001383349299,0.001567001532
memorization_01_no_regularization,33,1,0,0.1183338836,0.1184808761,-0.0001469925046,-0.001242184404
memorization_01_no_regularization,33,2,0,0.1129138544,0.113102667,-0.0001888126135,-0.001672182873
memorization_01_no_regularization,33,3,0,0.05232852325,0.05238192901,-5.340576172e-05,-0.001020586067
memorization_01_no_regularization,33,4,0,0.1316577196,0.1315571517,0.0001005679369,0.0007638590217
memorization_01_no_regularization,33,5,0,0.171691224,0.1717187017,-2.747774124e-05,-0.0001600416178
memorization_01_no_regularization,33,6,0,0.1428161114,0.1426974535,0.0001186579466,0.0008308442611
memorization_01_no_regularization,33,7,0,0.0253787525,0.02544939704,-7.064454257e-05,-0.002783609737
memorization_01_no_regularization,33,8,0,0.02230010368,0.02229664661,3.457069397e-06,0.0001550248127
memorization_01_no_regularization,33,9,0,0.04474551603,0.04477090389,-2.538785338e-05,-0.0005673831846
memorization_01_no_regularization,33,10,0,0.4743171334,0.4748720825,-0.0005549490452,-0.001169995781
memorization_01_no_regularization,33,11,0,0.04759826139,0.04751483724,8.342415094e-05,0.00175267223
memorization_01_no_regularization,33,12,0,0.1839482486,0.1840886921,-0.0001404434443,-0.0007634943268
memorization_01_no_regularization,33,13,0,0.05554549024,0.05557877198,-3.328174353e-05,-0.0005991799404
memorization_01_no_regularization,33,14,0,0.1345883161,0.1345089227,7.939338684e-05,0.0005898980621
memorization_01_no_regularization,33,15,0,0.1666728854,0.166715309,-4.242360592e-05,-0.0002545321383
memorization_01_no_regularization,33,16,0,0.1797369272,0.1797402054,-3.278255463e-06,-1.823918721e-05
memorization_01_no_regularization,33,17,0,0.1596544981,0.1595118195,0.0001426786184,0.0008936711469
memorization_01_no_regularization,33,18,0,0.09984084964,0.09973616153,0.000104688108,0.001048549851
memorization_01_no_regularization,33,19,0,0.05647678673,0.05644722655,2.956017852e-05,0.0005234040431
memorization_01_no_regularization,33,20,0,0.02577907406,0.02593494765,-0.0001558735967,-0.006046516501
memorization_01_no_regularization,33,21,0,0.1375363171,0.1376502663,-0.0001139491796,-0.0008285024788
memorization_01_no_regularization,33,22,0,0.3221611381,0.3220713437,8.979439735e-05,0.000278725106
memorization_01_no_regularization,33,23,0,0.01879909076,0.01886302233,-6.393156946e-05,-0.003400779872
memorization_01_no_regularization,33,24,0,0.1293136775,0.1291865855,0.0001270920038,0.0009828194993
memorization_01_no_regularization,33,25,0,0.05961255357,0.05971044302,-9.788945317e-05,-0.001642094615
memorization_01_no_regularization,33,26,0,0.09429898858,0.09447246045,-0.000173471868,-0.001839594153
memorization_01_no_regularization,33,27,0,0.1768957973,0.1769206971,-2.489984035e-05,-0.0001407599318
memorization_01_no_regularization,33,28,0,0.2324780822,0.2323502898,0.0001277923584,0.0005496963722
memorization_01_no_regularization,33,29,0,0.08017254621,0.08016826957,4.276633263e-06,5.334286442e-05
memorization_01_no_regularization,33,30,0,0.1128678471,0.1127912253,7.662177086e-05,0.0006788626951
memorization_01_no_regularization,33,31,0,0.08819700778,0.08808345348,0.0001135542989,0.001287507385
memorization_01_no_regularization,33,32,0,0.1153667197,0.1151709855,0.0001957342029,0.001696626232
memorization_01_no_regularization,33,33,1,0.06348849833,0.06265629083,0.0008322075009,0.01310800417
